순번,쉼터명칭,사용여부,도로명주소,지번주소,시설유형,시설면적,이용가능인원,운영시작일,운영종료일,평일개방여부,평일 개방시간,평일 종료시간,토요일개방여부,토요일 개방시간,토요일 종료시간,일요일 개방여부,일요일 개방시간,일요일 종료시간,공휴일 개방여부,공휴일 개방시간,공휴일 종료시간,경도,위도,비고,X좌표,Y좌표,야간개방
1,청운효자동주민센터,Y,서울특별시 종로구 자하문로 92,서울특별시 종로구 궁정동 12-1,주민센터,200,50,2024-11-15,2025-03-15,Y,9:00:00,18:00:00,N,,,N,,,N,,,126.9706558,37.5840952,"한파특보 발효 시 연장 운영(평일 09:00~21:00, 주말 및 휴일 10:00~18:00)",197408.1388,553838.072,
2,세종마을경로당,Y,서울특별시 종로구 자하문로11길 33,서울특별시 종로구 통인동 54,노인시설,141.9,50,2024-11-15,2025-03-15,Y,10:00:00,17:00:00,N,,,N,,,N,,,126.9699155,37.5803712,,197342.6186,553424.7711,
3,사직동주민센터,Y,서울특별시 종로구 경희궁1길 15,서울특별시 종로구 신문로2가 1-122,주민센터,400,50,2024-11-15,2025-03-15,Y,9:00:00,18:00:00,N,,,N,,,N,,,126.9706517,37.571394,"한파특보 발효 시 연장 운영(평일 09:00~21:00, 주말 및 휴일 10:00~18:00)",197407.3364,552428.3849,
4,사직경로당,Y,서울특별시 종로구 사직로9길 15-25 ,서울특별시 종로구 사직동 262-197,노인시설,158.5,30,2024-11-15,2025-03-15,Y,10:00:00,17:00:00,N,,,N,,,N,,,126.9655864,37.5764535,,196960.0674,552990.0827,
5,삼청동주민센터,Y,서울특별시 종로구 삼청로 107,서울특별시 종로구 삼청동 105-1,주민센터,200,50,2024-11-15,2025-03-15,Y,9:00:00,18:00:00,N,,,N,,,N,,,126.9817601,37.5849943,"한파특보 발효 시 연장 운영(평일 09:00~21:00, 주말 및 휴일 10:00~18:00)",198388.9587,553937.6134,
6,복정경로당,Y,서울특별시 종로구 삼청로4길 22,서울특별시 종로구 삼청동 35-113,노인시설,200,30,2024-11-15,2025-03-15,Y,10:00:00,17:00:00,N,,,N,,,N,,,126.9821249,37.5823969,,198421.1248,553649.3254,
7,부암동주민센터,Y,서울특별시 종로구 창의문로 145,서울특별시 종로구 부암동 265-21,주민센터,400,50,2024-11-15,2025-03-15,Y,9:00:00,18:00:00,N,,,N,,,N,,,126.9640763,37.5924354,"한파특보 발효 시 연장 운영(평일 09:00~21:00, 주말 및 휴일 10:00~18:00)",196827.3507,554763.9419,
8,신영경로당,Y,서울특별시 종로구 세검정로6길 76-19 ,서울특별시 종로구 신영동 87-1,노인시설,143.24,30,2024-11-15,2025-03-15,Y,10:00:00,17:00:00,N,,,N,,,N,,,126.9636445,37.601291,,196789.5962,555746.8296,
9,평창동주민센터,Y,서울특별시 종로구 평창문화로 65,서울특별시 종로구 평창동 186-9,주민센터,200,50,2024-11-15,2025-03-15,Y,9:00:00,18:00:00,N,,,N,,,N,,,126.9683786,37.6063867,"한파특보 발효 시 연장 운영(평일 09:00~21:00, 주말 및 휴일 10:00~18:00)",197207.8355,556312.2449,
10,평창경로당,Y,서울특별시 종로구 평창문화로 48,서울특별시 종로구 평창동 235-2,노인시설,288,40,2024-11-15,2025-03-15,Y,10:00:00,17:00:00,N,,,N,,,N,,,126.9669154,37.6053178,,197078.5934,556193.6532,
11,무악동주민센터,Y,서울특별시 종로구 통일로14길 36,서울특별시 종로구 무악동 60-2,주민센터,400,40,2024-11-15,2025-03-15,Y,9:00:00,18:00:00,N,,,N,,,N,,,126.9582278,37.5760029,"한파특보 발효 시 연장 운영(평일 09:00~21:00, 주말 및 휴일 10:00~18:00)",196310.0217,552940.3348,
12,무악제2경로당,Y,서울특별시 종로구 통일로 246-11 ,서울특별시 종로구 무악동 83,노인시설,242,50,2024-11-15,2025-03-15,Y,10:00:00,17:00:00,N,,,N,,,N,,,126.9583283,37.575735,,196318.8862,552910.5971,
13,교남동주민센터,Y,서울특별시 종로구 송월길 154,서울특별시 종로구 행촌동 211-2,주민센터,400,40,2024-11-15,2025-03-15,Y,9:00:00,18:00:00,N,,,N,,,N,,,126.961963,37.571916,"한파특보 발효 시 연장 운영(평일 09:00~21:00, 주말 및 휴일 10:00~18:00)",196639.7897,552486.596,
14,행촌경로당,Y,서울특별시 종로구 인왕산로1길 58,서울특별시 종로구 행촌동 210-33,노인시설,200,50,2024-11-15,2025-03-15,Y,10:00:00,17:00:00,N,,,N,,,N,,,126.9630088,37.5753864,,196732.3279,552871.7334,
15,가회동주민센터,Y,서울특별시 종로구 북촌로 35,서울특별시 종로구 가회동 156,주민센터,60,50,2024-11-15,2025-03-15,Y,9:00:00,18:00:00,N,,,N,,,N,,,126.9848044,37.5800566,"한파특보 발효 시 연장 운영(평일 09:00~21:00, 주말 및 휴일 10:00~18:00)",198657.7582,553389.5372,
16,북촌경로당,Y,서울특별시 종로구 북촌로 20-27 ,서울특별시 종로구 재동 54-1,노인시설,103.1,30,2024-11-15,2025-03-15,Y,10:00:00,17:00:00,N,,,N,,,N,,,126.9858728,37.5789115,,198752.1118,553262.4295,
17,구청사,Y,서울특별시 종로구 종로1길 36,서울특별시 종로구 수송동 146-12,기타,82.6,10,2024-11-15,2025-03-15,Y,9:00:00,18:00:00,Y,9:00:00,18:00:00,Y,9:00:00,18:00:00,Y,9:00:00,18:00:00,126.9789867,37.573505,한파특보 시 응급대피소로 운영(24시간),198143.7125,552662.4841,
18,종로1234가동주민센터,Y,서울특별시 종로구 삼일대로30길 47,서울특별시 종로구 익선동 99,주민센터,400,40,2024-11-15,2025-03-15,Y,9:00:00,18:00:00,N,,,N,,,N,,,126.9902611,37.5744316,"한파특보 발효 시 연장 운영(평일 09:00~21:00, 주말 및 휴일 10:00~18:00)",199139.689,552765.163,
19,운니경로당,Y,서울특별시 종로구 삼일대로32길 51,서울특별시 종로구 운니동 60,노인시설,200,50,2024-11-15,2025-03-15,Y,10:00:00,17:00:00,N,,,N,,,N,,,126.9898416,37.5756351,,199102.6458,552898.7415,
20,종로56가동주민센터,Y,서울특별시 종로구 종로35가길 19,서울특별시 종로구 효제동 173-2,주민센터,80,50,2024-11-15,2025-03-15,Y,9:00:00,18:00:00,N,,,N,,,N,,,127.0050427,37.5720325,"한파특보 발효 시 연장 운영(평일 09:00~21:00, 주말 및 휴일 10:00~18:00)",200445.4743,552498.858,
21,종로56가경로당,Y,서울특별시 종로구 종로35가길 19,서울특별시 종로구 효제동 173-2,노인시설,105.6,30,2024-11-15,2025-03-15,Y,10:00:00,17:00:00,N,,,N,,,N,,,127.0050402,37.5720368,,200445.2534,552499.3353,
22,이화동주민센터,Y,서울특별시 종로구 이화장길 33,서울특별시 종로구 이화동 149-1,주민센터,400,50,2024-11-15,2025-03-15,Y,9:00:00,18:00:00,N,,,N,,,N,,,127.0043569,37.5769944,"한파특보 발효 시 연장 운영(평일 09:00~21:00, 주말 및 휴일 10:00~18:00)",200384.8649,553049.5686,
23,이화경로당,Y,서울특별시 종로구 이화장1나길 15,서울특별시 종로구 이화동 9-264,노인시설,174.9,30,2024-11-15,2025-03-15,Y,10:00:00,17:00:00,N,,,N,,,N,,,127.0067503,37.5777353,,200596.2789,553131.8124,
24,혜화동주민센터,Y,서울특별시 종로구 혜화로 12,서울특별시 종로구 혜화동 74-30,주민센터,400,30,2024-11-15,2025-03-15,Y,9:00:00,18:00:00,N,,,N,,,N,,,127.000608,37.5869073,"한파특보 발효 시 연장 운영(평일 09:00~21:00, 주말 및 휴일 10:00~18:00)",200053.7003,554149.7785,
25,유림경로당,Y,서울특별시 종로구 성균관로5길 25-13 ,서울특별시 종로구 명륜3가 53-2,노인시설,178.32,44,2024-11-15,2025-03-15,Y,10:00:00,17:00:00,N,,,N,,,N,,,126.996928,37.5844736,,199728.6633,553879.6697,
26,창신1동주민센터,Y,서울특별시 종로구 지봉로 8-6 ,서울특별시 종로구 창신동 401-3,주민센터,400,30,2024-11-15,2025-03-15,Y,9:00:00,18:00:00,N,,,N,,,N,,,127.016374,37.5707222,"한파특보 발효 시 연장 운영(평일 09:00~21:00, 주말 및 휴일 10:00~18:00)",201446.5116,552353.544,
27,당고개경로당,Y,서울특별시 종로구 종로53길 29,서울특별시 종로구 창신동 197-17,노인시설,100,20,2024-11-15,2025-03-15,Y,10:00:00,17:00:00,N,,,N,,,N,,,127.0132278,37.5736793,,201168.5238,552681.7041,
28,창신2동주민센터,Y,서울특별시 종로구 창신길 62,서울특별시 종로구 창신동 583-3,주민센터,120,30,2024-11-15,2025-03-15,Y,9:00:00,18:00:00,N,,,N,,,N,,,127.0108835,37.5744319,"한파특보 발효 시 연장 운영(평일 09:00~21:00, 주말 및 휴일 10:00~18:00)",200961.4222,552765.2074,
29,창인경로당,Y,서울특별시 종로구 낙산성곽동길 70-3 ,서울특별시 종로구 창신동 617,노인시설,120,30,2024-11-15,2025-03-15,Y,10:00:00,17:00:00,N,,,N,,,N,,,127.0089349,37.5786855,,200789.2427,553237.2898,
30,창신3동주민센터,Y,서울특별시 종로구 지봉로 87,서울특별시 종로구 창신동 23-816,주민센터,400,50,2024-11-15,2025-03-15,Y,9:00:00,18:00:00,N,,,N,,,N,,,127.0146842,37.577933,"한파특보 발효 시 연장 운영(평일 09:00~21:00, 주말 및 휴일 10:00~18:00)",201297.1062,553153.8348,
31,온고회경로당,Y,서울특별시 종로구 지봉로13길 14,서울특별시 종로구 창신동 산 6-25,노인시설,280,50,2024-11-15,2025-03-15,Y,10:00:00,17:00:00,N,,,N,,,N,,,127.014694,37.578978,,201297.9537,553269.8179,
32,숭인1동주민센터,Y,서울특별시 종로구 지봉로 86,서울특별시 종로구 숭인동 55-2,주민센터,120,30,2024-11-15,2025-03-15,Y,9:00:00,18:00:00,N,,,N,,,N,,,127.0156364,37.5778352,"한파특보 발효 시 연장 운영(평일 09:00~21:00, 주말 및 휴일 10:00~18:00)",201381.2191,553142.9937,
33,숭인상록경로당,Y,서울특별시 종로구 지봉로 86,서울특별시 종로구 숭인동 55-2,노인시설,244,31,2024-11-15,2025-03-15,Y,10:00:00,17:00:00,N,,,N,,,N,,,127.0155814,37.5778544,,201376.3604,553145.1239,
34,흥인경로당,Y,서울특별시 종로구 숭인동길 78-8 ,서울특별시 종로구 숭인동 382,노인시설,43.9,15,2024-11-15,2025-03-15,Y,10:00:00,17:00:00,N,,,N,,,N,,,127.0222011,37.578254,,201961.0916,553189.5925,
35,숭인2동주민센터,Y,서울특별시 종로구 종로65길 10,서울특별시 종로구 숭인동 178-167,주민센터,256.56,43,2024-11-15,2025-03-15,Y,9:00:00,18:00:00,N,,,N,,,N,,,127.0199896,37.5748698,"한파특보 발효 시 연장 운영(평일 09:00~21:00, 주말 및 휴일 10:00~18:00)",201765.8229,552813.9414,
36,소공동 주민센터,Y,서울특별시 중구 남대문로1길 31-5 ,서울특별시 중구 북창동 20-5,주민센터,136.43,41,2024-11-15,2025-03-15,Y,9:00:00,18:00:00,N,,,N,,,N,,,126.977013,37.5624004,한파특보시 주말 확대운영 09시~18시,197969.057,551430.044,
37,회현체육센터,Y,서울특별시 중구 퇴계로12길 78,서울특별시 중구 회현동1가 115,체육시설,80,10,2024-11-15,2025-03-15,Y,9:00:00,18:00:00,N,,,N,,,N,,,126.9816295,37.5561479,,198376.7975,550736.0008,
38,회현동 주민센터,Y,서울특별시 중구 퇴계로8길 46,서울특별시 중구 회현동1가 164,주민센터,885.18,200,2024-11-15,2025-03-15,Y,9:00:00,18:00:00,N,,,N,,,N,,,126.9794086,37.5572999,한파특보시 주말 확대운영 09시~18시,198180.5886,550863.8998,
39,회현경로당,Y,서울특별시 중구 퇴계로12길 89,서울특별시 중구 회현동1가 147-19,노인시설,286,40,2024-11-15,2025-03-15,Y,9:00:00,18:00:00,N,,,N,,,N,,,126.9819701,37.5558275,,198406.8858,550700.4344,
40,명동 주민센터,Y,서울특별시 중구 퇴계로20길 3,서울특별시 중구 남산동2가 9-6,주민센터,189.09,20,2024-11-15,2025-03-15,Y,9:00:00,18:00:00,N,,,N,,,N,,,126.9858025,37.5600544,한파특보시 주말 확대운영 09시~18시,198745.5859,551169.5121,
41,명동경로당,Y,서울특별시 중구 퇴계로20길 25-26 ,서울특별시 중구 남산동2가 18-5,노인시설,655.1,80,2024-11-15,2025-03-15,Y,9:00:00,18:00:00,N,,,N,,,N,,,126.9863726,37.558995,,198795.9398,551051.9238,
42,필동주민센터,Y,서울특별시 중구 퇴계로36길 42,서울특별시 중구 필동2가 78-2,주민센터,943.68,30,2024-11-15,2025-03-15,Y,9:00:00,18:00:00,N,,,N,,,N,,,126.9955807,37.5601546,한파특보시 주말 확대운영 09시~18시,199609.5351,551180.5476,
43,필동경로당,Y,서울특별시 중구 필동로 11,서울특별시 중구 필동2가 19-22,노인시설,201,50,2024-11-15,2025-03-15,Y,9:00:00,18:00:00,N,,,N,,,N,,,126.9962394,37.5605451,,199667.736,551223.8859,
44,장충경로당,Y,서울특별시 중구 동호로25길 38,서울특별시 중구 장충동2가 193-114,노인시설,236.46,40,2024-11-15,2025-03-15,Y,9:00:00,18:00:00,N,,,N,,,N,,,127.0015723,37.5594476,,200138.921,551102.0709,
45,공원장충경로당,Y,서울특별시 중구 동호로 257-8 ,서울특별시 중구 장충동2가 197,노인시설,425.76,50,2024-11-15,2025-03-15,Y,9:00:00,18:00:00,N,,,N,,,N,,,127.003887,37.558511,,200343.4413,550998.1253,
46,장충동 주민센터,Y,서울특별시 중구 장충단로8길 22,서울특별시 중구 장충동1가 37-14,주민센터,60,18,2024-11-15,2025-03-15,Y,9:00:00,18:00:00,N,,,N,,,N,,,127.0078704,37.5619114,한파특보시 주말 확대운영 09시~18시,200695.3686,551375.5515,
47,중구 구민회관,Y,서울특별시 중구 을지로39길 40,서울특별시 중구 을지로6가 18-14,기타,105,11,2024-11-15,2025-03-15,Y,9:00:00,18:00:00,N,,,N,,,N,,,127.0061091,37.5686023,,200539.7053,552118.1514,
48,중구청 ,Y,서울특별시 중구 창경궁로 17,서울특별시 중구 예관동 120-1,기타,50,15,2024-11-15,2025-03-15,Y,9:00:00,18:00:00,Y,9:00:00,18:00:00,Y,9:00:00,18:00:00,Y,9:00:00,18:00:00,126.9980697,37.5637821,,199829.4577,551583.1498,
49,묵정경로당,Y,서울특별시 중구 퇴계로45길 32-12 ,서울특별시 중구 충무로5가 21,노인시설,195.17,50,2024-11-15,2025-03-15,Y,9:00:00,18:00:00,N,,,N,,,N,,,126.999734,37.56388,,199976.4989,551594.0139,
50,광희경로당,Y,서울특별시 중구 퇴계로 303-9 ,서울특별시 중구 광희동1가 252,노인시설,254.12,30,2024-11-15,2025-03-15,Y,9:00:00,18:00:00,N,,,N,,,N,,,127.0050323,37.5644485,,200444.6006,551657.1226,
51,광희동 주민센터,Y,서울특별시 중구 퇴계로 303-9 ,서울특별시 중구 광희동1가 252,주민센터,225.06,30,2024-11-15,2025-03-15,Y,9:00:00,18:00:00,N,,,N,,,N,,,127.004986,37.5644512,한파특보시 주말 확대운영 09시~18시,200440.51,551657.422,
52,을지경로당,Y,서울특별시 중구 을지로 186-14 ,서울특별시 중구 을지로4가 178-2,노인시설,204.65,45,2024-11-15,2025-03-15,Y,9:00:00,18:00:00,N,,,N,,,N,,,126.9987873,37.5660523,,199892.861,551835.1143,
53,을지로동 주민센터,Y,서울특별시 중구 충무로9길 20,서울특별시 중구 을지로3가 95-7,주민센터,30,10,2024-11-15,2025-03-15,Y,9:00:00,18:00:00,N,,,N,,,N,,,126.99137,37.5670184,,199237.571,551942.3744,
54,충무스포츠센터,Y,서울특별시 중구 퇴계로 387,서울특별시 중구 흥인동 131,체육시설,130,27,2024-11-15,2025-03-15,Y,6:00:00,22:00:00,Y,6:00:00,20:00:00,Y,9:30:00,18:00:00,N,,,127.0147874,37.5658373,"매월 둘째주 넷째주 일요일, 명절(신정?구정?추석) 연휴, (대체)공휴일, 근로자의 날",201306.4335,551811.3539,
55,충무아트센터,Y,서울특별시 중구 퇴계로 387,서울특별시 중구 흥인동 131,기타,130,27,2024-11-15,2025-03-15,Y,9:00:00,18:00:00,N,,,N,,,N,,,127.0147874,37.5658373,,201306.4335,551811.3539,
56,신당누리도서관,Y,서울특별시 중구 다산로33길 3,서울특별시 중구 신당동 300-6,문화시설,468,117,2024-11-15,2025-03-15,Y,9:00:00,22:00:00,Y,9:00:00,18:00:00,N,,,N,,,127.0145763,37.5620989,평일 9:00~22:00 토요일 9:00~18:00,201287.8476,551396.4326,
57,신당동 주민센터,Y,서울특별시 중구 다산로33길 3,서울특별시 중구 신당동 300-6,주민센터,550,50,2024-11-15,2025-03-15,Y,9:00:00,18:00:00,N,,,N,,,N,,,127.0145515,37.562105,한파특보시 주말 확대운영 09시~18시,201285.6564,551397.1093,
58,신당경로당,Y,서울특별시 중구 다산로29길 10,서울특별시 중구 신당동 304-738,노인시설,662.9,37,2024-11-15,2025-03-15,Y,9:00:00,18:00:00,N,,,N,,,N,,,127.0134947,37.5610295,,201192.303,551277.7275,
59,신일경로당,Y,서울특별시 중구 청구로 121,서울특별시 중구 신당동 393-9,노인시설,577.7,50,2024-11-15,2025-03-15,Y,9:00:00,18:00:00,N,,,N,,,N,,,127.0101967,37.5626078,,200900.8944,551452.8635,
60,가온도서관,Y,서울특별시 중구 동호로14길 18,서울특별시 중구 신당동 425-11,문화시설,966,241,2024-11-15,2025-03-15,Y,9:00:00,22:00:00,Y,9:00:00,22:00:00,Y,9:00:00,22:00:00,N,,,127.0108465,37.5563698,평일 9:00~22:00(월요일 휴관) 토요일 9:00~22:00 일요일 9:00~22:00(공휴일 휴관),200958.3851,550760.5258,
61,다산성곽도서관,Y,서울특별시 중구 동호로17길 173,서울특별시 중구 신당동 432-612,문화시설,975,243,2024-11-15,2025-03-15,Y,9:00:00,22:00:00,Y,9:00:00,22:00:00,Y,9:00:00,22:00:00,N,,,127.0043243,37.5517319,평일 9:00~22:00(월요일 휴관) 토요일 9:00~22:00 일요일 9:00~22:00(공휴일 휴관),200382.1142,550245.7278,
62,신당종합사회복지관,Y,서울특별시 중구 동호로11길 22,서울특별시 중구 신당동 361-18,복지회관,97.26,50,2024-11-15,2025-03-15,Y,9:00:00,21:00:00,Y,10:00:00,18:00:00,N,,,N,,,127.0095547,37.5544522,평일 9:00~21:00 토요일 10:00~18:00,200844.2647,550547.6826,
63,다산경로당,Y,서울특별시 중구 동호로12길 97,서울특별시 중구 신당동 386-66,노인시설,452,30,2024-11-15,2025-03-15,Y,9:00:00,18:00:00,N,,,N,,,N,,,127.0120608,37.5595449,,201065.6342,551112.9373,
64,장수경로당,Y,서울특별시 중구 동호로11다길 18,서울특별시 중구 신당동 353-47,노인시설,444,30,2024-11-15,2025-03-15,Y,9:00:00,18:00:00,N,,,N,,,N,,,127.007057,37.5519585,,200623.5857,550270.8923,
65,충현경로당,Y,서울특별시 중구 동호로17나길 5-4 ,서울특별시 중구 신당동 828-5,노인시설,284,30,2024-11-15,2025-03-15,Y,9:00:00,18:00:00,N,,,N,,,N,,,127.0056789,37.5544732,,200501.7942,550549.9856,
66,다산동 주민센터,Y,서울특별시 중구 동호로15길 50,서울특별시 중구 신당동 432-24,주민센터,85,30,2024-11-15,2025-03-15,Y,9:00:00,18:00:00,N,,,N,,,N,,,127.0083084,37.5542653,한파특보시 주말 확대운영 09시~18시,200734.142,550526.9285,
67,약수동 커뮤니티센터(악수터),Y,서울특별시 중구 다산로 94,서울특별시 중구 신당동 366-14,기타,45,11,2024-11-15,2025-03-15,Y,9:00:00,18:00:00,N,,,N,,,N,,,127.0090792,37.5526038,,200802.2688,550342.5282,
68,"중구시설관리공단 , 2층 출입구 휴게공간",Y,서울특별시 중구 동호로8다길 22,서울특별시 중구 신당동 349-234,기타,60,10,2024-11-15,2025-03-15,Y,9:00:00,18:00:00,N,,,N,,,N,,,127.0133663,37.5522,,201181.0978,550297.7564,
69,남산타운어린이도서관,Y,서울특별시 중구 다산로 32,서울특별시 중구 신당동 844-1,기타,274,68,2024-11-15,2025-03-15,Y,9:00:00,22:00:00,Y,9:00:00,18:00:00,Y,9:00:00,18:00:00,N,,,127.0119,37.5496,"평일 9:00~22:00(1,3,5주 월요일 휴관) 토요일 9:00~18:00 일요일 9:00~18:00(2,4주 일요일 및 공휴일 휴관)",201051.5664,550009.1702,
70,약수노인종합복지관,Y,서울특별시 중구 다산로6길 11,서울특별시 중구 신당동 366-18,복지회관,76,20,2024-11-15,2025-03-15,Y,9:00:00,18:00:00,N,,,N,,,N,,,127.0092108,37.5524799,,200813.8987,550328.7779,
71,약수경로당,Y,서울특별시 중구 다산로10길 10-12 ,서울특별시 중구 신당동 368-80,노인시설,177,70,2024-11-15,2025-03-15,Y,9:00:00,18:00:00,N,,,N,,,N,,,127.0101447,37.5531516,,200896.4134,550403.337,
72,동호경로당,Y,서울특별시 중구 동호로8길 42-22 ,서울특별시 중구 신당동 349-120,노인시설,144,60,2024-11-15,2025-03-15,Y,9:00:00,18:00:00,N,,,N,,,N,,,127.013025,37.5524119,,201150.9359,550321.2706,
73,약수동주민센터,Y,서울특별시 중구 다산로 92,서울특별시 중구 신당동 366-15,주민센터,"1,317.00",200,2024-11-15,2025-03-15,Y,9:00:00,18:00:00,N,,,N,,,N,,,127.0089583,37.5524756,한파특보시 주말 확대운영 09시~18시,200791.587,550328.2985,
74,청송경로당,Y,서울특별시 중구 청구로1길 23,서울특별시 중구 신당동 843-1,노인시설,83.85,30,2024-11-15,2025-03-15,Y,9:00:00,18:00:00,N,,,N,,,N,,,127.0180876,37.5595366,,201598.1333,551112.1015,
75,삼성경로당,Y,서울특별시 중구 청구로1길 23,서울특별시 중구 신당동 843,노인시설,240,40,2024-11-15,2025-03-15,Y,9:00:00,18:00:00,N,,,N,,,N,,,127.0178868,37.5581449,,201580.421,550957.6359,
76,대양경로당,Y,서울특별시 중구 동호로10길 30,서울특별시 중구 신당동 842,노인시설,96.36,30,2024-11-15,2025-03-15,Y,9:00:00,18:00:00,N,,,N,,,N,,,127.0147545,37.5548532,,201303.7182,550592.2483,
77,청구동주민센터,Y,서울특별시 중구 청구로3길 55,서울특별시 중구 신당동 333-17,주민센터,50,20,2024-11-15,2025-03-15,Y,9:00:00,18:00:00,N,,,N,,,N,,,127.0146791,37.5571022,한파특보시 주말 확대운영 09시~18시,201297.0169,550841.8594,
78,청구경로당,Y,서울특별시 중구 청구로3길 69,서울특별시 중구 신당동 333-36,노인시설,130.64,50,2024-11-15,2025-03-15,Y,9:00:00,18:00:00,N,,,N,,,N,,,127.0143731,37.556536,,201269.9889,550779.0138,
79,유락종합사회복지관,Y,서울특별시 중구 퇴계로 460,서울특별시 중구 신당동 160-2,복지회관,76,30,2024-11-15,2025-03-15,Y,9:00:00,21:00:00,Y,10:00:00,18:00:00,N,,,N,,,127.022827,37.5651315,평일 9:00~21:00 토요일 10:00~18:00,202016.7331,551733.1606,
80,신당5동주민센터,Y,서울특별시 중구 다산로44길 85,서울특별시 중구 신당동 150-7,주민센터,251.3,30,2024-11-15,2025-03-15,Y,9:00:00,18:00:00,N,,,N,,,N,,,127.0218667,37.5651172,한파특보시 주말 확대운영 09시~18시,201931.8923,551731.5532,
81,유락경로당,Y,서울특별시 중구 퇴계로90길 42,서울특별시 중구 신당동 155-10,노인시설,71.26,40,2024-11-15,2025-03-15,Y,9:00:00,18:00:00,N,,,N,,,N,,,127.0216395,37.5634445,,201911.8623,551545.8986,
82,신당5동경로당,Y,서울특별시 중구 다산로42길 53,서울특별시 중구 신당동 132-10,노인시설,71.14,40,2024-11-15,2025-03-15,Y,9:00:00,18:00:00,N,,,N,,,N,,,127.0192147,37.5643603,,201697.609,551647.495,
83,어울림도서관,Y,서울특별시 중구 다산로38길 66-35 ,서울특별시 중구 신당동 52-164,문화시설,299,74,2024-11-15,2025-03-15,Y,9:00:00,22:00:00,Y,9:00:00,22:00:00,Y,9:00:00,22:00:00,N,,,127.0189662,37.5617067,평일 9:00~22:00(월요일 휴관) 토요일 9:00~22:00 일요일 9:00~22:00(공휴일 휴관),201675.7136,551352.9722,
84,동화동주민센터,Y,서울특별시 중구 다산로36길 100,서울특별시 중구 신당동 850,주민센터,100,50,2024-11-15,2025-03-15,Y,9:00:00,18:00:00,N,,,N,,,N,,,127.019399,37.5599648,한파특보시 주말 확대운영 09시~18시,201713.9925,551159.6497,
85,동화경로당,Y,서울특별시 중구 청구로 64,서울특별시 중구 신당동 852,노인시설,105,30,2024-11-15,2025-03-15,Y,9:00:00,18:00:00,N,,,N,,,N,,,127.0166912,37.5604892,,201474.7354,551217.806,
86,현대아파트경로당,Y,서울특별시 중구 다산로36길 109,서울특별시 중구 신당동 840,노인시설,102,40,2024-11-15,2025-03-15,Y,9:00:00,18:00:00,N,,,N,,,N,,,127.0213758,37.5599543,,201888.6523,551158.5222,
87,푸르지오경로당,Y,서울특별시 중구 다산로36길 110,서울특별시 중구 신당동 850,노인시설,119,50,2024-11-15,2025-03-15,Y,9:00:00,18:00:00,N,,,N,,,N,,,127.0195265,37.5592014,,201725.2753,551074.9237,
88,청구e편한세상경로당,Y,서울특별시 중구 청구로 64,서울특별시 중구 신당동 852,노인시설,128,50,2024-11-15,2025-03-15,Y,9:00:00,18:00:00,N,,,N,,,N,,,127.0166611,37.5604011,,201472.0776,551208.0274,
89,동화동구립경로당,Y,서울특별시 중구 퇴계로80길 52,서울특별시 중구 신당동 50-12,노인시설,138,70,2024-11-15,2025-03-15,Y,9:00:00,18:00:00,N,,,N,,,N,,,127.0172988,37.5632367,,201528.3632,551522.7558,
90,황학동주민센터,Y,서울특별시 중구 난계로11길 52,서울특별시 중구 황학동 1010,주민센터,330,30,2024-11-15,2025-03-15,Y,9:00:00,18:00:00,N,,,N,,,N,,,127.0213668,37.5674378,한파특보시 주말 확대운영 09시~18시,201887.6683,551989.1025,
91,SH황학롯데캐슬경로당,Y,서울특별시 중구 청계천로 400,서울특별시 중구 황학동 2545,노인시설,264.46,30,2024-11-15,2025-03-15,Y,9:00:00,18:00:00,N,,,N,,,N,,,127.0212143,37.5710252,,201874.1057,552387.259,
92,황중경로당,Y,서울특별시 중구 난계로11길 37,서울특별시 중구 황학동 2525,노인시설,257.04,35,2024-11-15,2025-03-15,Y,9:00:00,18:00:00,N,,,N,,,N,,,127.0217758,37.5666637,,201923.8217,551903.1948,
93,손기정문화체육센터,Y,서울특별시 중구 손기정로 101,서울특별시 중구 만리동2가 6-1,체육시설,"1,271.00",73,2024-11-15,2025-03-15,Y,6:00:00,21:50:00,Y,9:00:00,17:50:00,Y,9:00:00,17:50:00,N,,,126.964559,37.5559233,"매월 2,4째주 일요일 및 명절(신정?구정?추석) 연휴, (대체)공휴일, 근로자의 날 휴관)",196868.4525,550711.5046,
94,손기정어린이도서관,Y,서울특별시 중구 손기정로 101,서울특별시 중구 만리동2가 6-1,기타,445,111,2024-11-15,2025-03-15,Y,9:00:00,22:00:00,Y,9:00:00,18:00:00,Y,9:00:00,18:00:00,N,,,126.9647557,37.5551649,평일 9:00~22:00(월요일 휴관) 토요일 9:00~18:00 일요일 9:00~18:00(공휴일 휴관),196885.8012,550627.3247,
95,손기정문화도서관,Y,서울특별시 중구 손기정로 101,서울특별시 중구 만리동2가 6-1,기타,"2,944.00",73,2024-11-15,2025-03-15,Y,9:00:00,22:00:00,Y,9:00:00,22:00:00,Y,9:00:00,22:00:00,N,,,126.964559,37.5559233,평일 9:00~22:00(월요일 휴관) 토요일 9:00~22:00 일요일 9:00~22:00(공휴일 휴관),196868.4525,550711.5046,
96,중림종합사회복지관,Y,서울특별시 중구 서소문로6길 16,서울특별시 중구 중림동 155-1,복지회관,30,30,2024-11-15,2025-03-15,Y,9:00:00,20:00:00,Y,10:00:00,15:00:00,N,,,N,,,126.9660708,37.5594606,평일 9:00~20:00 토요일 10:00~16:00,197002.176,551104.0537,
97,중림동주민센터,Y,서울특별시 중구 중림로8길 24,서울특별시 중구 중림동 324-21,주민센터,49.54,30,2024-11-15,2025-03-15,Y,9:00:00,18:00:00,N,,,N,,,N,,,126.9662713,37.5576533,한파특보시 주말 확대운영 09시~18시,197019.8193,550903.4584,
98,충정경로당(임대),Y,서울특별시 중구 중림로4길 41,서울특별시 중구 중림동 201,노인시설,69,30,2024-11-15,2025-03-15,Y,9:00:00,18:00:00,N,,,N,,,N,,,126.9646435,37.5571804,,196875.9713,550851.025,
99,삼성사이버경로당,Y,서울특별시 중구 중림로 10,서울특별시 중구 중림동 200,노인시설,227,70,2024-11-15,2025-03-15,Y,9:00:00,18:00:00,N,,,N,,,N,,,126.9652972,37.5582144,,196933.7733,550965.7652,
100,중림경로당,Y,서울특별시 중구 손기정로 101-5 ,서울특별시 중구 만리동1가 57-36,노인시설,119.81,30,2024-11-15,2025-03-15,Y,9:00:00,18:00:00,N,,,N,,,N,,,126.9660121,37.5568741,,196996.8858,550816.9847,
101,후암동 주민센터,Y,서울특별시 용산구 후암로 32-6 ,서울특별시 용산구 후암동 244-109,주민센터,658,80,2025-01-27,2025-03-15,Y,9:00:00,18:00:00,N,,,N,,,N,,,126.9781405,37.5486923,,198068.3198,549908.5845,
102,양짓말 경로당,Y,서울특별시 용산구 후암로13가길 25,서울특별시 용산구 후암동 239-1,노인시설,340,100,2024-11-15,2025-03-15,Y,9:00:00,18:00:00,N,,,N,,,N,,,126.976385,37.5481297,,197913.1741,549846.1802,
103,용산2가동 주민센터,Y,서울특별시 용산구 신흥로 90,서울특별시 용산구 용산동2가 11-13,주민센터,392,100,2025-01-27,2025-03-15,Y,9:00:00,18:00:00,N,,,N,,,N,,,126.9855058,37.5459639,,198719.1299,549605.6392,
104,용암 경로당,Y,서울특별시 용산구 신흥로3가길 21-7 ,서울특별시 용산구 용산동2가 5-66,노인시설,314,90,2024-11-15,2025-03-15,Y,9:00:00,18:00:00,N,,,N,,,N,,,126.984648,37.5410043,,198643.2352,549055.1958,
105,남영동 주민센터,Y,서울특별시 용산구 두텁바위로 25,서울특별시 용산구 갈월동 51-19,주민센터,264,66,2025-01-27,2025-03-15,Y,9:00:00,18:00:00,N,,,N,,,N,,,126.9748896,37.5457597,,197780.9574,549583.173,
106,뉴월드호텔(야간 한파쉼터),Y,서울특별시 용산구 한강대로84길 21-13 ,서울특별시 용산구 남영동 42,기타,500,20,2024-11-15,2025-03-15,Y,16:00:00,23:59:00,Y,16:00:00,23:59:00,Y,16:00:00,23:59:00,Y,16:00:00,23:59:00,126.9734976,37.5443051,민관 업무협약을 통한 야간 한파쉼터(안전숙소)로 한파 특보 시 운영(일시적 한파 피해를 입은 어르신 이용가능) /  16시 입실 ~ 익일 12시 퇴실 ,197657.8988,549421.7638,
107,남영경로당,Y,서울특별시 용산구 한강대로72길 21-15 ,서울특별시 용산구 남영동 108-3,노인시설,119.6,30,2024-11-15,2025-03-15,Y,9:00:00,18:00:00,N,,,N,,,N,,,126.9743835,37.5412825,,197736.0972,549086.2703,
108,청파동 주민센터,Y,서울특별시 용산구 청파로49길 6,서울특별시 용산구 청파동2가 91-1,주민센터,"2,136.00",50,2025-01-27,2025-03-15,Y,9:00:00,18:00:00,N,,,N,,,N,,,126.9698846,37.545479,,197338.6483,549552.1486,
109,청파2동 경로당,Y,서울특별시 용산구 청파로49길 34,서울특별시 용산구 청파동2가 35-20,노인시설,203,30,2024-11-15,2025-03-15,Y,9:00:00,18:00:00,N,,,N,,,N,,,126.968465,37.5454608,,197213.195,549550.1698,
110,원효1동 경로당,Y,서울특별시 용산구 백범로 329,서울특별시 용산구 원효로1가 25,노인시설,100,30,2024-11-15,2025-03-15,Y,9:00:00,18:00:00,N,,,N,,,N,,,126.9655096,37.5387661,,196951.7484,548807.2312,
111,원효로제1동 주민센터,Y,서울특별시 용산구 백범로 350,서울특별시 용산구 문배동 19-2,주민센터,400,80,2025-01-27,2025-03-15,Y,9:00:00,18:00:00,N,,,N,,,N,,,126.9676262,37.5372357,,197138.7544,548637.3091,
112,원효로제2동 주민센터,Y,서울특별시 용산구 효창원로8길 3,서울특별시 용산구 산천동 81-1,주민센터,998,20,2025-01-27,2025-03-15,Y,9:00:00,18:00:00,N,,,N,,,N,,,126.9515491,37.5343006,,195717.668,548312.1596,
113,원효로 경로당,Y,서울특별시 용산구 원효로41가길 14-19 ,서울특별시 용산구 원효로3가 1-139,노인시설,75,20,2024-11-15,2025-03-15,Y,9:00:00,18:00:00,N,,,N,,,N,,,126.956884,37.5347983,,196189.2184,548367.1686,
114,효창동 주민센터,Y,서울특별시 용산구 효창원로 161,서울특별시 용산구 효창동 255-5,주민센터,144,36,2025-01-27,2025-03-15,Y,9:00:00,18:00:00,N,,,N,,,N,,,126.9618058,37.5424761,,196624.5749,549219.1225,
115,효창제2경로당,Y,서울특별시 용산구 효창원로 146-12 ,서울특별시 용산구 효창동 5-65,노인시설,165,41,2024-11-15,2025-03-15,Y,9:00:00,18:00:00,N,,,N,,,N,,,126.962956,37.5412335,,196726.1699,549081.1684,
116,용문동 주민센터,Y,서울특별시 용산구 새창로12길 13,서울특별시 용산구 도원동 19-1,주민센터,"3,989.00",20,2025-01-27,2025-03-15,Y,9:00:00,18:00:00,N,,,N,,,N,,,126.9574499,37.5389627,,196239.4443,548829.3432,
117,송학당 경로당,Y,서울특별시 용산구 효창원로37라길 11,서울특별시 용산구 용문동 38-206,노인시설,163,50,2024-11-15,2025-03-15,Y,9:00:00,18:00:00,N,,,N,,,N,,,126.9581749,37.537888,,196303.4664,548710.0359,
118,한강로동 주민센터,Y,서울특별시 용산구 한강대로38길 28,서울특별시 용산구 용산동5가 31,주민센터,282,70,2025-01-27,2025-03-15,Y,9:00:00,18:00:00,N,,,N,,,N,,,126.9692892,37.5281193,,197285.4025,547625.4519,
119,한강로3가 경로당,Y,서울특별시 용산구 한강대로7길 17-16 ,서울특별시 용산구 한강로3가 40-1007,노인시설,106,40,2024-11-15,2025-03-15,Y,9:00:00,18:00:00,N,,,N,,,N,,,126.961256,37.5239798,,196575.1404,547166.2812,
120,이촌1동 주민센터,Y,서울특별시 용산구 이촌로71길 24,서울특별시 용산구 이촌동 301-82,주민센터,581,30,2025-01-27,2025-03-15,Y,9:00:00,18:00:00,N,,,N,,,N,,,126.9733286,37.5212994,,197642.2397,546868.4193,
121,이촌1동구립경로당,Y,서울특별시 용산구 이촌로75길 12-12 ,서울특별시 용산구 이촌동 301-147,노인시설,178.18,30,2024-11-15,2025-03-15,Y,9:00:00,18:00:00,N,,,N,,,N,,,126.974667,37.5202528,,197760.5234,546752.2271,
122,이촌2동 주민센터,Y,서울특별시 용산구 이촌로18길 20,서울특별시 용산구 이촌동 206-2,주민센터,"3,183.00",100,2025-01-27,2025-03-15,Y,9:00:00,18:00:00,N,,,N,,,N,,,126.954647,37.5262772,,195991.0465,547421.525,
123,이촌2동할머니 경로당,Y,,서울특별시 용산구 이촌동 398,노인시설,69,20,2024-11-15,2025-03-15,Y,9:00:00,18:00:00,N,,,N,,,N,,,126.9556636,37.5250477,,196080.844,547285.023,
124,용산구청(응급대피소 겸용),Y,서울특별시 용산구 녹사평대로 150,서울특별시 용산구 이태원동 34-87,기타,"59,177.00",100,2025-01-27,2025-03-15,Y,9:00:00,18:00:00,N,,,N,,,N,,,126.9902372,37.5324884,한파 특보 발효 시 24시간 운영,199137.0942,548109.9695,
125,이태원1동 주민센터,Y,서울특별시 용산구 보광로 104-6 ,서울특별시 용산구 이태원동 100-3,주민센터,804,80,2025-01-27,2025-03-15,Y,9:00:00,18:00:00,N,,,N,,,N,,,126.9950223,37.5325054,,199560.0355,548111.8231,
126,이태원1동 경로당,Y,서울특별시 용산구 이태원로23길 19,서울특별시 용산구 이태원동 116-11,노인시설,145,80,2024-11-15,2025-03-15,Y,9:00:00,18:00:00,N,,,N,,,N,,,126.9924493,37.5352909,,199332.6404,548420.9944,
127,이태원2동 주민센터,Y,서울특별시 용산구 회나무로13길 58,서울특별시 용산구 이태원동 255-54,주민센터,558,50,2025-01-27,2025-03-15,Y,9:00:00,18:00:00,N,,,N,,,N,,,126.9901192,37.5419147,,199126.7745,549156.1743,
128,이태원 북부경로당,Y,서울특별시 용산구 회나무로13길 32,서울특별시 용산구 이태원동 255-2,노인시설,230,80,2024-11-15,2025-03-15,Y,9:00:00,18:00:00,N,,,N,,,N,,,126.98975,37.5407394,,199094.1318,549025.7338,
129,한남동 주민센터,Y,서울특별시 용산구 대사관로5길 1,서울특별시 용산구 한남동 685-43,주민센터,"2,343.00",50,2025-01-27,2025-03-15,Y,9:00:00,18:00:00,N,,,N,,,N,,,127.000553,37.5346068,,200048.8767,548345.0411,
130,한남동제1 경로당,Y,서울특별시 용산구 한남대로 48-3 ,서울특별시 용산구 한남동 257-12,노인시설,132,40,2024-11-15,2025-03-15,Y,9:00:00,18:00:00,N,,,N,,,N,,,127.0083151,37.5333933,,200734.9389,548210.3899,
131,서빙고동 주민센터,Y,서울특별시 용산구 서빙고로 279,서울특별시 용산구 서빙고동 135-1,주민센터,325,50,2025-01-27,2025-03-15,Y,9:00:00,18:00:00,N,,,N,,,N,,,126.9947219,37.5204145,,199533.4088,546769.8854,
132,동빙고 경로당,Y,서울특별시 용산구 서빙고로75가길 23,서울특별시 용산구 동빙고동 65,노인시설,285,80,2024-11-15,2025-03-15,Y,9:00:00,18:00:00,N,,,N,,,N,,,126.9963558,37.522893,,199677.8584,547044.9609,
133,보광동 주민센터,Y,서울특별시 용산구 장문로 95,서울특별시 용산구 보광동 217-32,주민센터,150,30,2025-01-27,2025-03-15,Y,9:00:00,18:00:00,N,,,N,,,N,,,127.0001292,37.5262602,,200011.4206,547418.6718,
134,보광제1 경로당,Y,서울특별시 용산구 보광로7길 9,서울특별시 용산구 보광동 216-67,노인시설,89.88,25,2024-11-15,2025-03-15,Y,9:00:00,18:00:00,N,,,N,,,N,,,127.000553,37.5258369,,200048.8824,547371.6909,
135,코스모타워.서울신용보증재단성동지점 (상왕십리역) 스마트쉼터,Y,서울특별시 성동구 왕십리로 357-1 ,서울특별시 성동구 하왕십리동 960-3,기타,16.5,5,2024-11-15,2025-03-15,Y,4:00:00,23:59:00,Y,4:00:00,23:59:00,Y,4:00:00,23:59:00,Y,4:00:00,23:59:00,127.0328414,37.5630218,,202901.573,551499.2707,
136,상왕십리역 (왕십리2동주민센터) 스마트쉼터,Y,,서울특별시 성동구 하왕십리동 903-1,기타,16.5,5,2024-11-15,2025-03-15,Y,4:00:00,23:59:00,Y,4:00:00,23:59:00,Y,4:00:00,23:59:00,Y,4:00:00,23:59:00,127.0290408,37.5643591,,202565.74,551647.5847,
137,왕십리제2동주민센터,Y,서울특별시 성동구 무학봉15길 6,서울특별시 성동구 하왕십리동 973-9,주민센터,40.49,25,2024-11-15,2025-03-15,Y,9:00:00,18:00:00,N,,,N,,,N,,,127.0309773,37.5617588,,202736.9239,551359.0367,
138,상왕십리역.센트라스아파트 (상왕십리역방면) 스마트쉼터,N,서울특별시 성동구 마장로 206-1 ,서울특별시 성동구 홍익동 590,기타,5.95,5,2024-11-15,2025-03-15,Y,4:00:00,23:59:00,Y,4:00:00,23:59:00,Y,4:00:00,23:59:00,Y,4:00:00,23:59:00,127.0299929,37.565909,,202649.8027,551819.6319,
139,청계벽산아파트.텐즈힐아파트 (동아제약앞방면) 스마트쉼터,N,,서울특별시 성동구 하왕십리동 282-4,기타,5.95,5,2024-11-15,2025-03-15,Y,4:00:00,23:59:00,Y,4:00:00,23:59:00,Y,4:00:00,23:59:00,Y,4:00:00,23:59:00,127.0303389,37.56876,,202680.2688,552136.0693,
140,황학교.텐즈힐몰 스마트쉼터,N,서울특별시 성동구 마장로 137,서울특별시 성동구 상왕십리동 811,기타,5.95,5,2024-11-15,2025-03-15,Y,4:00:00,23:59:00,Y,4:00:00,23:59:00,Y,4:00:00,23:59:00,Y,4:00:00,23:59:00,127.0236415,37.570042,,202088.5559,552278.1865,
141,청계벽산아파트.텐즈힐아파트 (상왕십리역.센트라스아파트방면) 스마트쉼터,N,,서울특별시 성동구 하왕십리동 259-12,기타,5.95,5,2024-11-15,2025-03-15,Y,4:00:00,23:59:00,Y,4:00:00,23:59:00,Y,4:00:00,23:59:00,Y,4:00:00,23:59:00,127.0300439,37.5679628,,202654.2355,552047.5811,
142,왕십리센트라스아파트 (성동고등학교) 스마트쉼터,Y,,서울특별시 성동구 하왕십리동 860-1,기타,16.5,5,2024-11-15,2025-03-15,Y,4:00:00,23:59:00,Y,4:00:00,23:59:00,Y,4:00:00,23:59:00,Y,4:00:00,23:59:00,127.0287162,37.5647142,,202537.0497,551686.9878,
143,상왕십리역 (왕십리센트라스아파트) 스마트쉼터,Y,,서울특별시 성동구 하왕십리동 860-1,기타,16.5,5,2024-11-15,2025-03-15,Y,4:00:00,23:59:00,Y,4:00:00,23:59:00,Y,4:00:00,23:59:00,Y,4:00:00,23:59:00,127.0287189,37.5647142,,202537.2883,551686.9879,
144,왕십리도선동주민센터,Y,서울특별시 성동구 마장로 141,서울특별시 성동구 상왕십리동 813,주민센터,38.88,10,2024-11-15,2025-03-15,Y,9:00:00,18:00:00,N,,,N,,,N,,,127.025458,37.5678526,,202249.0964,552035.2305,
145,성동구도시관리공단 스마트쉼터,N,서울특별시 성동구 청계천로 546,서울특별시 성동구 마장동 527-10,기타,5.95,5,2024-11-15,2025-03-15,Y,4:00:00,23:59:00,Y,4:00:00,23:59:00,Y,4:00:00,23:59:00,Y,4:00:00,23:59:00,127.0368326,37.5718362,,203253.8164,552477.6968,
146,성동노인복지관 스마트쉼터,N,서울특별시 성동구 마조로 77,서울특별시 성동구 마장동 798-1,기타,5.95,5,2024-11-15,2025-03-15,Y,4:00:00,23:59:00,Y,4:00:00,23:59:00,Y,4:00:00,23:59:00,Y,4:00:00,23:59:00,127.0415801,37.5649501,,203673.5519,551713.595,
147,성동사회복지관.청계천박물관 스마트쉼터,N,,서울특별시 성동구 마장동 527-17,기타,5.95,5,2024-11-15,2025-03-15,Y,4:00:00,23:59:00,Y,4:00:00,23:59:00,Y,4:00:00,23:59:00,Y,4:00:00,23:59:00,127.0368513,37.5718596,,203255.4673,552480.2946,
148,마장역 스마트쉼터,N,,서울특별시 성동구 마장동 809-2,기타,5.95,5,2024-11-15,2025-03-15,Y,4:00:00,23:59:00,Y,4:00:00,23:59:00,Y,4:00:00,23:59:00,Y,4:00:00,23:59:00,127.0424116,37.565605,,203746.9811,551786.3141,
149,마장축산물시장 (도선사거리) 스마트쉼터,Y,서울특별시 성동구 고산자로 344-1 ,서울특별시 성동구 마장동 474-28,기타,16.5,5,2024-11-15,2025-03-15,Y,4:00:00,23:59:00,Y,4:00:00,23:59:00,Y,4:00:00,23:59:00,Y,4:00:00,23:59:00,127.0375139,37.5702886,,203314.0714,552305.955,
150,마장축산물시장 (동대문구청.용두역3번출구) 스마트쉼터,Y,서울특별시 성동구 고산자로 344-1 ,서울특별시 성동구 마장동 474-28,기타,16.5,5,2024-11-15,2025-03-15,Y,4:00:00,23:59:00,Y,4:00:00,23:59:00,Y,4:00:00,23:59:00,Y,4:00:00,23:59:00,127.0380101,37.5709837,,203357.8758,552383.1206,
151,마장동주민센터,Y,서울특별시 성동구 마장로42길 11,서울특별시 성동구 마장동 780-2,주민센터,866,12,2024-11-15,2025-03-15,Y,9:00:00,18:00:00,N,,,N,,,N,,,127.045289,37.5663242,,204001.1553,551866.2555,
152,한양대정문앞 (서울숲삼부아파트) 스마트쉼터,Y,,서울특별시 성동구 행당동 33,기타,16.5,5,2024-11-15,2025-03-15,Y,4:00:00,23:59:00,Y,4:00:00,23:59:00,Y,4:00:00,23:59:00,Y,4:00:00,23:59:00,127.0431948,37.5568855,,203816.62,550818.584,
153,사근동주민센터,Y,서울특별시 성동구 사근동길 37,서울특별시 성동구 사근동 223-22,주민센터,200,12,2024-11-15,2025-03-15,Y,9:00:00,18:00:00,N,,,N,,,N,,,127.045311,37.561498,,204003.3571,551330.6049,
154,왕십리광장.왕십리역4번출구 (무학여고) 스마트쉼터,Y,,서울특별시 성동구 행당동 192-41,기타,16.5,5,2024-11-15,2025-03-15,Y,4:00:00,23:59:00,Y,4:00:00,23:59:00,Y,4:00:00,23:59:00,Y,4:00:00,23:59:00,127.0370713,37.5614101,,203275.3598,551320.53,
155,성동구청 (성동교육청앞) 스마트쉼터,Y,서울특별시 성동구 고산자로 280,서울특별시 성동구 행당동 7,기타,16.5,5,2024-11-15,2025-03-15,Y,4:00:00,23:59:00,Y,4:00:00,23:59:00,Y,4:00:00,23:59:00,Y,4:00:00,23:59:00,127.0364222,37.5640466,,203217.8965,551613.128,
156,왕십리광장.왕십리역7번출구 (왕십리민자역사방면) 스마트쉼터,Y,,서울특별시 성동구 행당동 188-1,기타,16.5,5,2024-11-15,2025-03-15,Y,4:00:00,23:59:00,Y,4:00:00,23:59:00,Y,4:00:00,23:59:00,Y,4:00:00,23:59:00,127.0366234,37.5611061,,203235.7996,551286.7741,
157,응봉사거리 (무학여고앞) 스마트쉼터,Y,서울특별시 성동구 고산자로 164,서울특별시 성동구 행당동 349,기타,16.5,5,2024-11-15,2025-03-15,Y,4:00:00,23:59:00,Y,4:00:00,23:59:00,Y,4:00:00,23:59:00,Y,4:00:00,23:59:00,127.0344695,37.5553417,,203045.73,550646.9221,
158,행당1동주민센터,Y,서울특별시 성동구 고산자로10길 18,서울특별시 성동구 행당동 139,주민센터,"1,605.00",7,2024-11-15,2025-03-15,Y,9:00:00,18:00:00,N,,,N,,,N,,,127.036117,37.5585157,,203191.168,550999.253,
159,성동구청(책마루),Y,서울특별시 성동구 고산자로 270,서울특별시 성동구 행당동 7,기타,703,50,2024-11-15,2025-03-15,Y,9:00:00,21:00:00,Y,9:00:00,21:00:00,Y,9:00:00,21:00:00,Y,9:00:00,21:00:00,127.036734,37.563319,"평일, 주말, 공휴일 09:00 ~ 21:00",203245.4755,551532.3837,
160,한양대앞.한양시장 스마트쉼터,N,,서울특별시 성동구 행당동 23-1,기타,5.95,5,2024-11-15,2025-03-15,Y,4:00:00,23:59:00,Y,4:00:00,23:59:00,Y,4:00:00,23:59:00,Y,4:00:00,23:59:00,127.0409873,37.5585503,,203621.4885,551003.2697,
161,논골신협대림아파트후문 스마트쉼터,N,서울특별시 성동구 행당로 79,서울특별시 성동구 행당동 347,기타,5.95,5,2024-11-15,2025-03-15,Y,4:00:00,23:59:00,Y,4:00:00,23:59:00,Y,4:00:00,23:59:00,Y,4:00:00,23:59:00,127.0247573,37.5576042,,202187.4924,550897.7623,
162,행당역 (행당2동주민센터) 스마트쉼터,Y,,서울특별시 성동구 행당동 346-14,기타,16.5,5,2024-11-15,2025-03-15,Y,4:00:00,23:59:00,Y,4:00:00,23:59:00,Y,4:00:00,23:59:00,Y,4:00:00,23:59:00,127.0289281,37.5569429,,202556.0364,550824.4711,
163,행당역 (대림아파트후문) 스마트쉼터,Y,,서울특별시 성동구 행당동 347-13,기타,16.5,5,2024-11-15,2025-03-15,Y,4:00:00,23:59:00,Y,4:00:00,23:59:00,Y,4:00:00,23:59:00,Y,4:00:00,23:59:00,127.0287564,37.557147,,202540.8583,550847.1191,
164,무학여고 (행당신동아.행당푸르지오아파트) 스마트쉼터,Y,,서울특별시 성동구 행당동 320-18,기타,16.5,5,2024-11-15,2025-03-15,Y,4:00:00,23:59:00,Y,4:00:00,23:59:00,Y,4:00:00,23:59:00,Y,4:00:00,23:59:00,127.033866,37.5578891,,202992.3028,550929.6338,
165,행당2동주민센터,Y,서울특별시 성동구 행당로9길 9,서울특별시 성동구 행당동 347-1,주민센터,64.8,7,2024-11-15,2025-03-15,Y,9:00:00,18:00:00,N,,,N,,,N,,,127.02936,37.5582382,,202594.1534,550968.2458,
166,광희중학교.응봉역 스마트쉼터,N,,서울특별시 성동구 응봉동 59,기타,5.95,5,2024-11-15,2025-03-15,Y,4:00:00,23:59:00,Y,4:00:00,23:59:00,Y,4:00:00,23:59:00,Y,4:00:00,23:59:00,127.0350194,37.5518374,,203094.4641,550258.0046,
167,응봉현대아파트 (삼성래미안아파트앞) 스마트쉼터,Y,서울특별시 성동구 독서당로 381-1 ,서울특별시 성동구 응봉동 산 3-12,기타,16.5,5,2024-11-15,2025-03-15,Y,4:00:00,23:59:00,Y,4:00:00,23:59:00,Y,4:00:00,23:59:00,Y,4:00:00,23:59:00,127.0310551,37.5502553,,202744.2196,550082.2874,
168,응봉동주민센터 (응봉사거리방면) 스마트쉼터,Y,,서울특별시 성동구 응봉동 134-103,기타,16.5,5,2024-11-15,2025-03-15,Y,4:00:00,23:59:00,Y,4:00:00,23:59:00,Y,4:00:00,23:59:00,Y,4:00:00,23:59:00,127.0333377,37.5532685,,202945.8056,550416.7855,
169,응봉동주민센터,Y,서울특별시 성동구 독서당로 424,서울특별시 성동구 응봉동 101,주민센터,66,5,2024-11-15,2025-03-15,Y,9:00:00,18:00:00,N,,,N,,,N,,,127.033421,37.5531556,,202953.1706,550404.2576,
170,삼성래미안아파트앞 스마트쉼터,N,서울특별시 성동구 독서당로 343,서울특별시 성동구 금호동1가 1500,기타,5.95,5,2024-11-15,2025-03-15,Y,4:00:00,23:59:00,Y,4:00:00,23:59:00,Y,4:00:00,23:59:00,Y,4:00:00,23:59:00,127.0274475,37.548401,,202425.4899,549876.3832,
171,금호1가동주민센터,Y,서울특별시 성동구 행당로 15,서울특별시 성동구 금호동1가 127-2,주민센터,"1,714.00",10,2024-11-15,2025-03-15,Y,9:00:00,18:00:00,N,,,N,,,N,,,127.021754,37.5547709,,201922.2012,550583.2341,
172,신금호역 (금호고등학교.금호자이1차아파트입구) 스마트쉼터,Y,서울특별시 성동구 금호로 173,서울특별시 성동구 금호동2가 1,기타,16.5,5,2024-11-15,2025-03-15,Y,4:00:00,23:59:00,Y,4:00:00,23:59:00,Y,4:00:00,23:59:00,Y,4:00:00,23:59:00,127.0198059,37.5556394,,201750.0452,550679.5891,
173,금호역 (현대아파트) 스마트쉼터,Y,,서울특별시 성동구 금호동3가 1583,기타,16.5,5,2024-11-15,2025-03-15,Y,4:00:00,23:59:00,Y,4:00:00,23:59:00,Y,4:00:00,23:59:00,Y,4:00:00,23:59:00,127.0152783,37.548552,,201350.1152,549892.898,
174,금호2-3가동주민센터,Y,서울특별시 성동구 무수막18길 1,서울특별시 성동구 금호동2가 1212,주민센터,80,7,2024-11-15,2025-03-15,Y,9:00:00,18:00:00,N,,,N,,,N,,,127.020916,37.5531853,,201848.194,550407.2346,
175,무쇠막 스마트쉼터,N,서울특별시 성동구 금호로 20,서울특별시 성동구 금호동4가 56,기타,5.95,5,2024-11-15,2025-03-15,Y,4:00:00,23:59:00,Y,4:00:00,23:59:00,Y,4:00:00,23:59:00,Y,4:00:00,23:59:00,127.024827,37.545496,,202194.0059,549553.8989,
176,금호역 (약수역4번출구.금호터널입구방면) 스마트쉼터,N,,서울특별시 성동구 금호동4가 1418-52,기타,5.95,5,2024-11-15,2025-03-15,Y,4:00:00,23:59:00,Y,4:00:00,23:59:00,Y,4:00:00,23:59:00,Y,4:00:00,23:59:00,127.0162064,37.5478927,,201432.1423,549819.7374,
177,힐스테이트서울숲리버아파트 스마트쉼터,N,서울특별시 성동구 독서당로 342,서울특별시 성동구 금호동4가 96,기타,5.95,5,2024-11-15,2025-03-15,Y,4:00:00,23:59:00,Y,4:00:00,23:59:00,Y,4:00:00,23:59:00,Y,4:00:00,23:59:00,127.0270291,37.5479119,,202388.5322,549822.0883,
178,금호역 스마트쉼터,N,,서울특별시 성동구 금호동4가 1445-1,기타,5.95,5,2024-11-15,2025-03-15,Y,4:00:00,23:59:00,Y,4:00:00,23:59:00,Y,4:00:00,23:59:00,Y,4:00:00,23:59:00,127.0164451,37.5485435,,201453.2234,549891.972,
179,금호4가동주민센터,Y,서울특별시 성동구 독서당로46길 26,서울특별시 성동구 금호동4가 803,주민센터,295,11,2024-11-15,2025-03-15,Y,9:00:00,18:00:00,N,,,N,,,N,,,127.022351,37.5471484,,201975.1538,549737.2404,
180,금호독서당(책마루),Y,서울특별시 성동구 금호로 30,서울특별시 성동구 금호동4가 56,기타,786,50,2024-11-15,2025-03-15,Y,9:00:00,21:00:00,Y,9:00:00,18:00:00,Y,9:00:00,18:00:00,N,,,127.025146,37.5456162,평일 운영시간: 9:00 ~ 21:00 주말 운영시간: 9:00 ~ 18:00 ※ 공휴일 미운영,202222.1929,549567.2471,
181,옥수삼성아파트.래미안옥수리버젠 (극동그린아파트앞) 스마트쉼터,Y,,서울특별시 성동구 옥수동 산 5-148,기타,16.5,5,2024-11-15,2025-03-15,Y,4:00:00,23:59:00,Y,4:00:00,23:59:00,Y,4:00:00,23:59:00,Y,4:00:00,23:59:00,127.0146292,37.5438351,,201292.8369,549369.37,
182,옥수동주민센터,Y,서울특별시 성동구 독서당로 203,서울특별시 성동구 옥수동 428-5,주민센터,749.83,8,2024-11-15,2025-03-15,Y,9:00:00,18:00:00,N,,,N,,,N,,,127.0135188,37.5436331,,201194.71,549346.9358,
183,서울숲역3번출구 (뚝도아리수정수센터방면) 스마트쉼터,N,,서울특별시 성동구 성수동1가 694-71,기타,5.95,5,2024-11-15,2025-03-15,Y,4:00:00,23:59:00,Y,4:00:00,23:59:00,Y,4:00:00,23:59:00,Y,4:00:00,23:59:00,127.044383,37.5431142,,203922.329,549290.184,
184,서울숲역2번출구 (성동구민종합체육센터) 스마트쉼터,Y,,서울특별시 성동구 성수동1가 656-1976,기타,16.5,5,2024-11-15,2025-03-15,Y,4:00:00,23:59:00,Y,4:00:00,23:59:00,Y,4:00:00,23:59:00,Y,4:00:00,23:59:00,127.0446566,37.5428845,,203946.5204,549264.7016,
185,성수1가1동주민센터,Y,서울특별시 성동구 뚝섬로3길 18,서울특별시 성동구 성수동1가 27-23,주민센터,"1,973.00",12,2024-11-15,2025-03-15,Y,9:00:00,18:00:00,N,,,N,,,N,,,127.049631,37.5419777,,204386.1854,549164.2782,
186,뚝섬역8번출구 스마트쉼터,N,서울특별시 성동구 아차산로 12-1 ,서울특별시 성동구 성수동1가 656-853,기타,5.95,5,2024-11-15,2025-03-15,Y,4:00:00,23:59:00,Y,4:00:00,23:59:00,Y,4:00:00,23:59:00,Y,4:00:00,23:59:00,127.0455283,37.5476886,,204023.2985,549797.9355,
187,상원 (리버하우스방면) 스마트쉼터,N,서울특별시 성동구 광나루로 142-1 ,서울특별시 성동구 성수동1가 656-839,기타,5.95,5,2024-11-15,2025-03-15,Y,4:00:00,23:59:00,Y,4:00:00,23:59:00,Y,4:00:00,23:59:00,Y,4:00:00,23:59:00,127.0460969,37.5513866,,204073.344,550208.3935,
188,뚝섬역4번출구 스마트쉼터,N,서울특별시 성동구 아차산로 39-1 ,서울특별시 성동구 성수동1가 13-217,기타,5.95,5,2024-11-15,2025-03-15,Y,4:00:00,23:59:00,Y,4:00:00,23:59:00,Y,4:00:00,23:59:00,Y,4:00:00,23:59:00,127.0492512,37.5467507,,204352.3427,549694.0057,
189,뚝섬역2번출구 스마트쉼터,N,서울특별시 성동구 아차산로 12-3 ,서울특별시 성동구 성수동1가 656-853,기타,5.95,5,2024-11-15,2025-03-15,Y,4:00:00,23:59:00,Y,4:00:00,23:59:00,Y,4:00:00,23:59:00,Y,4:00:00,23:59:00,127.0468882,37.5475397,,204143.48,549781.4684,
190,성동구민종합체육센터 (서울숲) 스마트쉼터,Y,서울특별시 성동구 왕십리로5길 10,서울특별시 성동구 성수동1가 656-551,기타,16.5,5,2024-11-15,2025-03-15,Y,4:00:00,23:59:00,Y,4:00:00,23:59:00,Y,4:00:00,23:59:00,Y,4:00:00,23:59:00,127.04456,37.5465849,,203937.7887,549675.3971,
191,성동교남단 (한양대정문앞) 스마트쉼터,Y,서울특별시 성동구 아차산로 2-1 ,서울특별시 성동구 성수동1가 656-853,기타,16.5,5,2024-11-15,2025-03-15,Y,4:00:00,23:59:00,Y,4:00:00,23:59:00,Y,4:00:00,23:59:00,Y,4:00:00,23:59:00,127.0444715,37.5495791,,203929.8107,550007.7135,
192,뚝섬역3번5번출구 (성수역) 스마트쉼터,Y,,서울특별시 성동구 성수동1가 14-22,기타,16.5,5,2024-11-15,2025-03-15,Y,4:00:00,23:59:00,Y,4:00:00,23:59:00,Y,4:00:00,23:59:00,Y,4:00:00,23:59:00,127.0492968,37.5464658,,204356.389,549662.3874,
193,성수1가2동주민센터,Y,서울특별시 성동구 왕십리로5길 3,서울특별시 성동구 성수동1가 685-580,주민센터,673,11,2024-11-15,2025-03-15,Y,9:00:00,18:00:00,N,,,N,,,N,,,127.044372,37.5462505,,203921.1926,549638.2749,
194,성수아트홀(책마루),Y,서울특별시 성동구 뚝섬로1길 43,서울특별시 성동구 성수동1가 656-323,기타,35.79,10,2024-11-15,2025-03-15,Y,9:00:00,21:00:00,Y,9:00:00,21:00:00,Y,9:00:00,21:00:00,N,,,127.0469622,37.545396,"평일, 주말 운영시간 09:00 ~ 21:00 ※ 공휴일 미운영",204150.1382,549543.5469,
195,성수2가1동주민센터,Y,서울특별시 성동구 뚝섬로 385-19 ,서울특별시 성동구 성수동2가 333-134,주민센터,287,11,2024-11-15,2025-03-15,Y,9:00:00,18:00:00,N,,,N,,,N,,,127.054065,37.5395071,,204778.2019,548890.2878,
196,성수역4번출구 스마트쉼터,N,서울특별시 성동구 아차산로 96-1 ,서울특별시 성동구 성수동2가 276-5,기타,5.95,5,2024-11-15,2025-03-15,Y,4:00:00,23:59:00,Y,4:00:00,23:59:00,Y,4:00:00,23:59:00,Y,4:00:00,23:59:00,127.0548168,37.5448134,,204844.3018,549479.261,
197,성동세무서 맞은편 스마트쉼터,N,서울특별시 성동구 광나루로 334-1 ,서울특별시 성동구 성수동2가 280-49,기타,5.95,5,2024-11-15,2025-03-15,Y,4:00:00,23:59:00,Y,4:00:00,23:59:00,Y,4:00:00,23:59:00,Y,4:00:00,23:59:00,127.0620266,37.5480288,,205481.215,549836.5275,
198,성수사거리 스마트쉼터,N,서울특별시 성동구 아차산로 167,서울특별시 성동구 성수동2가 277-155,기타,5.95,5,2024-11-15,2025-03-15,Y,4:00:00,23:59:00,Y,4:00:00,23:59:00,Y,4:00:00,23:59:00,Y,4:00:00,23:59:00,127.062394,37.5428398,,205514.0639,549260.6327,
199,화양사거리 (성수초등학교) 스마트쉼터,Y,서울특별시 성동구 광나루로8길 31,서울특별시 성동구 성수동2가 281-24,기타,16.5,5,2024-11-15,2025-03-15,Y,4:00:00,23:59:00,Y,4:00:00,23:59:00,Y,4:00:00,23:59:00,Y,4:00:00,23:59:00,127.0666614,37.54731,,205890.8433,549757.0297,
200,성수2가3동주민센터,Y,서울특별시 성동구 광나루로2길 35,서울특별시 성동구 성수동2가 299-240,주민센터,896,12,2024-11-15,2025-03-15,Y,9:00:00,18:00:00,N,,,N,,,N,,,127.055112,37.5482283,,204870.1672,549858.2889,
201,제인병원 스마트쉼터,N,서울특별시 성동구 광나루로 243,서울특별시 성동구 송정동 81-14,기타,5.95,5,2024-11-15,2025-03-15,Y,4:00:00,23:59:00,Y,4:00:00,23:59:00,Y,4:00:00,23:59:00,Y,4:00:00,23:59:00,127.056874,37.5493345,,205025.7983,549981.1566,
202,군자교남단 스마트쉼터,N,,서울특별시 성동구 송정동 97-41,기타,5.95,5,2024-11-15,2025-03-15,Y,4:00:00,23:59:00,Y,4:00:00,23:59:00,Y,4:00:00,23:59:00,Y,4:00:00,23:59:00,127.0724282,37.5575127,,206399.5808,550889.7844,
203,송정동현대아이파크아파트 (송정동자치회관) 스마트쉼터,Y,,서울특별시 성동구 송정동 1-129,기타,16.5,5,2024-11-15,2025-03-15,Y,4:00:00,23:59:00,Y,4:00:00,23:59:00,Y,4:00:00,23:59:00,Y,4:00:00,23:59:00,127.0686784,37.5521862,,206068.6895,550298.3576,
204,송정동건영아파트 (송정동서울숲아이파크) 스마트쉼터,Y,서울특별시 성동구 동일로 265,서울특별시 성동구 송정동 90-7,기타,16.5,5,2024-11-15,2025-03-15,Y,4:00:00,23:59:00,Y,4:00:00,23:59:00,Y,4:00:00,23:59:00,Y,4:00:00,23:59:00,127.0712024,37.5552907,,206291.4589,550643.086,
205,성동세무서 (제인병원) 스마트쉼터,Y,,서울특별시 성동구 송정동 66-30,기타,16.5,5,2024-11-15,2025-03-15,Y,4:00:00,23:59:00,Y,4:00:00,23:59:00,Y,4:00:00,23:59:00,Y,4:00:00,23:59:00,127.064175,37.5482734,,205671.048,549863.8026,
206,송정동주민센터,Y,서울특별시 성동구 동일로43길 13,서울특별시 성동구 송정동 72-31,주민센터,120,9,2024-11-15,2025-03-15,Y,9:00:00,18:00:00,N,,,N,,,N,,,127.069546,37.5545908,,206145.1565,550565.2959,
207,신답역 스마트쉼터,N,,서울특별시 성동구 용답동 128,기타,5.95,5,2024-11-15,2025-03-15,Y,4:00:00,23:59:00,Y,4:00:00,23:59:00,Y,4:00:00,23:59:00,Y,4:00:00,23:59:00,127.0476955,37.5701653,,204213.5464,552292.6779,
208,용답동.로데오거리.답십리역 스마트쉼터,Y,,서울특별시 성동구 용답동 68-2,기타,16.5,5,2024-11-15,2025-03-15,Y,4:00:00,23:59:00,Y,4:00:00,23:59:00,Y,4:00:00,23:59:00,Y,4:00:00,23:59:00,127.0537519,37.5657198,,204748.867,551799.5681,
209,용답동주민센터,Y,서울특별시 성동구 용답중앙23길 20,서울특별시 성동구 용답동 5-6,주민센터,239,12,2024-11-15,2025-03-15,Y,9:00:00,18:00:00,N,,,N,,,N,,,127.055384,37.5641757,,204893.1606,551628.2748,
210,화양장수경로당,Y,서울특별시 광진구 군자로 34,서울특별시 광진구 화양동 132-68,노인시설,75.04,28,2024-11-15,2025-03-15,Y,9:00:00,18:00:00,N,,,N,,,N,,,127.0704892,37.5463339,,206229.1858,549648.9411,
211,현대아파트 경로당,Y,서울특별시 광진구 동일로24길 5,서울특별시 광진구 화양동 234,노인시설,111,21,2024-11-15,2025-03-15,Y,9:00:00,18:00:00,N,,,N,,,N,,,127.0656413,37.5443732,,205800.9249,549431.0169,
212,화양경로당,Y,서울특별시 광진구 능동로17길 39,서울특별시 광진구 화양동 122,노인시설,236.79,65,2024-11-15,2025-03-15,Y,9:00:00,18:00:00,N,,,N,,,N,,,127.0713179,37.5465376,,206302.4015,549671.6045,
213,모진경로당,Y,서울특별시 광진구 광나루로24길 53,서울특별시 광진구 화양동 431-5,노인시설,150.58,37,2024-11-15,2025-03-15,Y,9:00:00,18:00:00,N,,,N,,,N,,,127.0780555,37.5450517,,206897.9439,549507.1606,
214,화양동주민센터,Y,서울특별시 광진구 능동로17길 39,서울특별시 광진구 화양동 122,주민센터,342.66,55,2024-11-15,2025-03-15,Y,9:00:00,18:00:00,N,,,N,,,N,,,127.071293,37.546478,,206300.2061,549664.988,
215,일성파크아파트 경로당,Y,서울특별시 광진구 군자로12길 46,서울특별시 광진구 군자동 99,노인시설,132,43,2024-11-15,2025-03-15,Y,9:00:00,18:00:00,N,,,N,,,N,,,127.0726955,37.5513455,,206423.7282,550205.3169,
216,복조리경로당,Y,서울특별시 광진구 광나루로17길 28,서울특별시 광진구 군자동 369-7,노인시설,61.23,18,2024-11-15,2025-03-15,Y,9:00:00,18:00:00,N,,,N,,,N,,,127.0724033,37.5488597,,206398.1204,549929.403,
217,군자경로당,Y,서울특별시 광진구 동일로52길 27,서울특별시 광진구 군자동 115-1,노인시설,95.7,23,2024-11-15,2025-03-15,Y,9:00:00,18:00:00,N,,,N,,,N,,,127.072768,37.554418,,206429.8707,550546.3327,
218,양마경로당,Y,서울특별시 광진구 동일로42길 2,서울특별시 광진구 군자동 340,노인시설,165.22,41,2024-11-15,2025-03-15,Y,9:00:00,18:00:00,N,,,N,,,N,,,127.070286,37.552876,,206210.686,550375.0222,
219,양마제2경로당,Y,서울특별시 광진구 군자로13길 35,서울특별시 광진구 군자동 342-10,노인시설,34.9,8,2024-11-15,2025-03-15,Y,9:00:00,18:00:00,N,,,N,,,N,,,127.0705721,37.5517694,,206236.0589,550252.2217,
220,군자동주민센터,Y,서울특별시 광진구 면목로 13,서울특별시 광진구 군자동 48-15,주민센터,448.98,50,2024-11-15,2025-03-15,Y,9:00:00,18:00:00,N,,,N,,,N,,,127.0754651,37.555586,,206668.0857,550676.1547,
221,광진노인종합복지관,Y,서울특별시 광진구 군자로 88,서울특별시 광진구 군자동 364-15,복지회관,"3,515.10",500,2024-11-15,2025-03-15,Y,9:00:00,18:00:00,N,,,N,,,N,,,127.071497,37.551075,,206317.8457,550175.2134,
222,중곡1동경로당,Y,서울특별시 광진구 긴고랑로5길 10,서울특별시 광진구 중곡동 232-44,노인시설,91.98,30,2024-11-15,2025-03-15,Y,9:00:00,18:00:00,N,,,N,,,N,,,127.0791404,37.5645561,,206991.9965,551671.9969,
223,중곡1동제2경로당,Y,서울특별시 광진구 긴고랑로8길 51,서울특별시 광진구 중곡동 256-47,노인시설,252.4,35,2024-11-15,2025-03-15,Y,9:00:00,18:00:00,N,,,N,,,N,,,127.0779688,37.5611728,,206888.798,551296.4039,
224,중곡1동주민센터,Y,서울특별시 광진구 긴고랑로12길 49,서울특별시 광진구 중곡동 259-10,주민센터,241.3,40,2024-11-15,2025-03-15,Y,9:00:00,18:00:00,N,,,N,,,N,,,127.080038,37.560566,,207071.6759,551229.2099,
225,한마음경로당,Y,서울특별시 광진구 긴고랑로22길 39-4 ,서울특별시 광진구 중곡동 51-27,노인시설,236.79,65,2024-11-15,2025-03-15,Y,9:00:00,18:00:00,N,,,N,,,N,,,127.083744,37.559217,,207399.2493,551079.7721,
226,장수경로당,Y,서울특별시 광진구 긴고랑로31길 44,서울특별시 광진구 중곡동 150-110,노인시설,236.79,65,2024-11-15,2025-03-15,Y,9:00:00,18:00:00,N,,,N,,,N,,,127.086883,37.56171,,207676.3417,551356.7175,
227,중곡2동주민센터,Y,서울특별시 광진구 능동로 346,서울특별시 광진구 중곡동 47-33,주민센터,170,42,2024-11-15,2025-03-15,Y,9:00:00,18:00:00,N,,,N,,,N,,,127.0814064,37.5602523,,207192.6097,551194.4967,
228,중곡종합사회복지관,Y,서울특별시 광진구 용마산로3길 62,서울특별시 광진구 중곡동 134-18,복지회관,372,93,2024-11-15,2025-03-15,Y,9:00:00,18:00:00,N,,,N,,,N,,,127.084817,37.556657,,207494.3112,550795.7274,
229,용마경로당,Y,서울특별시 광진구 용마산로31길 38-8 ,서울특별시 광진구 중곡동 197-6,노인시설,145.66,36,2024-11-15,2025-03-15,Y,9:00:00,18:00:00,N,,,N,,,N,,,127.0840609,37.5692617,,207426.252,552194.6411,
230,중곡3동경로당,Y,서울특별시 광진구 동일로80길 20,서울특별시 광진구 중곡동 177-44,노인시설,583.6,45,2024-11-15,2025-03-15,Y,9:00:00,18:00:00,N,,,N,,,N,,,127.080895,37.570052,,207146.4891,552282.1097,
231,중곡3동주민센터,Y,서울특별시 광진구 용마산로 117,서울특별시 광진구 중곡동 28-3,주민센터,"1,362.30",60,2024-11-15,2025-03-15,Y,9:00:00,18:00:00,N,,,N,,,N,,,127.086549,37.5640178,,207646.596,551612.8289,
232,중곡4동경로당,Y,서울특별시 광진구 긴고랑로39길 57,서울특별시 광진구 중곡동 71-2,노인시설,76.07,19,2024-11-15,2025-03-15,Y,9:00:00,18:00:00,N,,,N,,,N,,,127.093102,37.559388,,208226.0621,551099.5289,
233,용곡경로당,Y,서울특별시 광진구 용마산로28길 31,서울특별시 광진구 중곡동 176-90,노인시설,236.79,65,2024-11-15,2025-03-15,Y,9:00:00,18:00:00,N,,,N,,,N,,,127.087908,37.567656,,207766.2859,552016.738,
234,대원경로당,Y,서울특별시 광진구 긴고랑로36길 57-27 ,서울특별시 광진구 중곡동 85-28,노인시설,272.55,68,2024-11-15,2025-03-15,Y,9:00:00,18:00:00,N,,,N,,,N,,,127.091653,37.557602,,208098.2284,550901.1782,
235,중곡4동주민센터,Y,서울특별시 광진구 긴고랑로 131,서울특별시 광진구 중곡동 62-24,주민센터,242,60,2024-11-15,2025-03-15,Y,9:00:00,18:00:00,N,,,N,,,N,,,127.0894508,37.5590837,,207903.491,551065.442,
236,능동경로당,Y,서울특별시 광진구 천호대로112길 70,서울특별시 광진구 능동 152-1,노인시설,188.26,47,2024-11-15,2025-03-15,Y,9:00:00,18:00:00,N,,,N,,,N,,,127.0801892,37.5531677,,207085.7356,550408.0978,
237,능동주민센터,Y,서울특별시 광진구 천호대로112길 55,서울특별시 광진구 능동 232-4,주민센터,288.79,50,2024-11-15,2025-03-15,Y,9:00:00,18:00:00,N,,,N,,,N,,,127.080446,37.5537961,,207108.3674,550477.8621,
238,광장제1경로당,Y,서울특별시 광진구 아차산로73길 15,서울특별시 광진구 광장동 242-1,노인시설,236.79,65,2024-11-15,2025-03-15,Y,9:00:00,18:00:00,N,,,N,,,N,,,127.104005,37.545883,,209191.0593,549601.6451,
239,광장제2경로당,Y,서울특별시 광진구 아차산로78길 67,서울특별시 광진구 광장동 104,노인시설,236.79,65,2024-11-15,2025-03-15,Y,9:00:00,18:00:00,N,,,N,,,N,,,127.110602,37.551709,,209773.2844,550248.9266,
240,광장동주민센터,Y,서울특별시 광진구 광장로 52,서울특별시 광진구 광장동 248-24,주민센터,242.08,60,2024-11-15,2025-03-15,Y,9:00:00,18:00:00,N,,,N,,,N,,,127.1029332,37.5469114,,209096.218,549715.6809,
241,광진구노인회관,Y,서울특별시 광진구 광장로 62,서울특별시 광진구 광장동 259-3,복지회관,168,42,2024-11-15,2025-03-15,Y,9:00:00,18:00:00,N,,,N,,,N,,,127.104024,37.547154,,209192.5823,549742.7126,
242,광장종합사회복지관,Y,서울특별시 광진구 아차산로66길 8,서울특별시 광진구 광장동 472-1,복지회관,484,121,2024-11-15,2025-03-15,Y,9:00:00,18:00:00,N,,,N,,,N,,,127.097127,37.541028,,208583.7978,549062.1487,
243,광진구청 한파 응급대피소,Y,서울특별시 광진구 자양로 117,서울특별시 광진구 자양동 777,기타,12,3,2024-11-15,2025-03-15,Y,9:00:00,18:00:00,Y,9:00:00,18:00:00,Y,9:00:00,18:00:00,Y,9:00:00,18:00:00,127.0826823,37.538129,"한파 특보(주의보, 경보) 시 24시간 운영",207307.5005,548739.1745,
244,래미안 시니어클럽 경로당,Y,서울특별시 광진구 아차산로 345,서울특별시 광진구 자양동 859,노인시설,115,27,2024-11-15,2025-03-15,Y,9:00:00,18:00:00,N,,,N,,,N,,,127.081351,37.5379914,,207189.8528,548723.7999,
245,청아경로당,Y,서울특별시 광진구 아차산로 317,서울특별시 광진구 자양동 224-12,노인시설,133,33,2024-11-15,2025-03-15,Y,9:00:00,18:00:00,N,,,N,,,N,,,127.0782972,37.5380417,,206919.9513,548729.1535,
246,중앙경로당,Y,서울특별시 광진구 뚝섬로57가길 48-3 ,서울특별시 광진구 자양동 633-12,노인시설,156.53,39,2024-11-15,2025-03-15,Y,9:00:00,18:00:00,N,,,N,,,N,,,127.0811893,37.532386,,207176.0987,548101.657,
247,자마장경로당,Y,서울특별시 광진구 자양로13길 37,서울특별시 광진구 자양동 630-1,노인시설,184,46,2024-11-15,2025-03-15,Y,9:00:00,18:00:00,N,,,N,,,N,,,127.0824159,37.5345191,,207284.3071,548338.4991,
248,자양1동주민센터,Y,서울특별시 광진구 자양로13길 37,서울특별시 광진구 자양동 630-1,주민센터,63,15,2024-11-15,2025-03-15,Y,9:00:00,18:00:00,N,,,N,,,N,,,127.082384,37.534445,,207281.4948,548330.2725,
249,자양1동경로당,Y,서울특별시 광진구 아차산로40길 46,서울특별시 광진구 자양동 804-10,노인시설,47.83,11,2024-11-15,2025-03-15,Y,9:00:00,18:00:00,N,,,N,,,N,,,127.0778435,37.5356682,,206880.0711,548465.6908,
250,현대강변아파트 경로당,Y,서울특별시 광진구 자양로3가길 43,서울특별시 광진구 자양동 673,노인시설,35.1,33,2024-11-15,2025-03-15,Y,9:00:00,18:00:00,N,,,N,,,N,,,127.0859474,37.5284285,,207597.0556,547662.7971,
251,자양경남아파트 경로당,Y,서울특별시 광진구 뚝섬로52길 71,서울특별시 광진구 자양동 641,노인시설,112,43,2024-11-15,2025-03-15,Y,9:00:00,18:00:00,N,,,N,,,N,,,127.078962,37.5289369,,206979.5552,547718.6819,
252,자양2현대2차아파트 경로당,Y,서울특별시 광진구 뚝섬로56길 72,서울특별시 광진구 자양동 645-5,노인시설,24.6,23,2024-11-15,2025-03-15,Y,9:00:00,18:00:00,N,,,N,,,N,,,127.0824069,37.5280541,,207284.1403,547620.9632,
253,로얄동아아파트경로당,Y,서울특별시 광진구 뚝섬로52마길 56,서울특별시 광진구 자양동 644,노인시설,128,29,2024-11-15,2025-03-15,Y,9:00:00,18:00:00,N,,,N,,,N,,,127.0813984,37.5282243,,207194.9803,547639.7757,
254,경남아너스빌 경로당,Y,서울특별시 광진구 자양로3길 49,서울특별시 광진구 자양동 666-28,노인시설,54.87,25,2024-11-15,2025-03-15,Y,9:00:00,18:00:00,N,,,N,,,N,,,127.0839518,37.5295176,,207420.5527,547783.5144,
255,구립자양노인복지관,Y,서울특별시 광진구 뚝섬로56길 20,서울특별시 광진구 자양동 651-36,복지회관,38,20,2024-11-15,2025-03-15,Y,9:00:00,18:00:00,N,,,N,,,N,,,127.0824757,37.5305421,,207289.9796,547897.1058,
256,자양 구립제1경로당,Y,서울특별시 광진구 뚝섬로56길 28,서울특별시 광진구 자양동 651-50,노인시설,88.44,22,2024-11-15,2025-03-15,Y,9:00:00,18:00:00,N,,,N,,,N,,,127.082446,37.530283,,207287.3796,547868.3466,
257,유수지경로당,Y,서울특별시 광진구 뚝섬로48길 46,서울특별시 광진구 자양동 593-4,노인시설,231.84,37,2024-11-15,2025-03-15,Y,9:00:00,18:00:00,N,,,N,,,N,,,127.0768171,37.5299959,,206789.8686,547836.0608,
258,자양 구립제2경로당,Y,서울특별시 광진구 뚝섬로62길 17,서울특별시 광진구 자양동 684-20,노인시설,159.67,39,2024-11-15,2025-03-15,Y,9:00:00,18:00:00,N,,,N,,,N,,,127.088155,37.532535,휴관으로 미운영,207791.7624,548118.7484,
259,자양2동주민센터,Y,서울특별시 광진구 자양로3가길 26,서울특별시 광진구 자양동 669-2,주민센터,49.86,12,2024-11-15,2025-03-15,Y,9:00:00,18:00:00,N,,,N,,,N,,,127.084456,37.528785,,207465.1923,547702.2447,
260,신양경로당,Y,서울특별시 광진구 뚝섬로 543,서울특별시 광진구 자양동 514-9,노인시설,229.41,65,2024-11-15,2025-03-15,Y,9:00:00,18:00:00,N,,,N,,,N,,,127.070567,37.534821,,206237.02,548371.1545,
261,마실경로당,Y,서울특별시 광진구 자양번영로7길 16-9 ,서울특별시 광진구 자양동 227-291,노인시설,82.44,24,2024-11-15,2025-03-15,Y,9:00:00,18:00:00,N,,,N,,,N,,,127.0754691,37.5362583,,206670.161,548531.0136,
262,자양종합사회복지관,Y,서울특별시 광진구 자양번영로 35,서울특별시 광진구 자양동 581-2,복지회관,184,46,2024-11-15,2025-03-15,Y,9:00:00,18:00:00,N,,,N,,,N,,,127.075196,37.532894,,206646.3223,548157.5983,
263,자양제3동경로당,Y,서울특별시 광진구 자양번영로3길 16,서울특별시 광진구 자양동 582-19,노인시설,86.7,21,2024-11-15,2025-03-15,Y,9:00:00,18:00:00,N,,,N,,,N,,,127.0743003,37.5318992,,206567.2416,548047.1248,
264,자양3동주민센터,Y,서울특별시 광진구 뚝섬로 568,서울특별시 광진구 자양동 519-10,주민센터,232,58,2024-11-15,2025-03-15,Y,9:00:00,18:00:00,N,,,N,,,N,,,127.0728868,37.5338326,,206442.1391,548261.6106,
265,한화꿈에그린아파트 경로당,Y,서울특별시 광진구 뚝섬로24길 74,서울특별시 광진구 자양동 853,노인시설,146.34,20,2024-11-15,2025-03-15,Y,9:00:00,18:00:00,N,,,N,,,N,,,127.0619461,37.5333845,,205475.1721,548211.1839,
266,한강우성아파트 경로당,Y,서울특별시 광진구 능동로1길 15,서울특별시 광진구 자양동 87-1,노인시설,91.5,27,2024-11-15,2025-03-15,Y,9:00:00,18:00:00,N,,,N,,,N,,,127.0660018,37.5327268,보일러 작동 ,205833.6907,548138.4311,
267,자양4동 제1경로당,Y,서울특별시 광진구 동일로12길 24,서울특별시 광진구 자양동 251-62,노인시설,59,17,2024-11-15,2025-03-15,Y,9:00:00,18:00:00,N,,,N,,,N,,,127.0635531,37.5396209,,205616.7407,548903.4426,
268,자양4동제4경로당,Y,서울특별시 광진구 뚝섬로30가길 18,서울특별시 광진구 자양동 51-47,노인시설,250,62,2024-11-15,2025-03-15,Y,9:00:00,18:00:00,N,,,N,,,N,,,127.065268,37.535113,,205768.6486,548403.2247,
269,노유산경로당,Y,서울특별시 광진구 동일로10가길 15-2 ,서울특별시 광진구 자양동 835-1,노인시설,84.63,21,2024-11-15,2025-03-15,Y,9:00:00,18:00:00,N,,,N,,,N,,,127.0638371,37.5387394,,205641.9067,548805.6239,
270,자양4동주민센터,Y,서울특별시 광진구 뚝섬로26길 58,서울특별시 광진구 자양동 63-1,주민센터,71,17,2024-11-15,2025-03-15,Y,9:00:00,18:00:00,N,,,N,,,N,,,127.066231,37.534057,,205853.845,548286.0812,
271,자양4동제2경로당,Y,서울특별시 광진구 동일로2길 17,서울특별시 광진구 자양동 203-16,노인시설,177.4,44,2024-11-15,2025-03-15,Y,9:00:00,18:00:00,N,,,N,,,N,,,127.0613158,37.5351173,,205419.3369,548403.4669,
272,구의1동경로당,Y,서울특별시 광진구 광나루로40길 6,서울특별시 광진구 구의동 230-4,노인시설,163.64,40,2024-11-15,2025-03-15,Y,9:00:00,18:00:00,N,,,N,,,N,,,127.0893848,37.5445034,,207899.1982,549447.1974,
273,구의1동제2경로당,Y,서울특별시 광진구 광나루로30가길 27,서울특별시 광진구 구의동 634-15,노인시설,231.99,57,2024-11-15,2025-03-15,Y,9:00:00,18:00:00,N,,,N,,,N,,,127.0835362,37.5439311,,207382.3965,549383.2037,
274,구의1동주민센터,Y,서울특별시 광진구 광나루로36길 56,서울특별시 광진구 구의동 237-6,주민센터,198,49,2024-11-15,2025-03-15,Y,9:00:00,18:00:00,N,,,N,,,N,,,127.0857555,37.5425184,,207578.6671,549226.5877,
275,명성경로당,Y,서울특별시 광진구 자양로26길 20-5 ,서울특별시 광진구 구의동 251-155,노인시설,209.04,52,2024-11-15,2025-03-15,Y,9:00:00,18:00:00,N,,,N,,,N,,,127.0851535,37.5413809,,207525.5795,549100.2907,
276,래미안파크스위트경로당,Y,서울특별시 광진구 광나루로 545,서울특별시 광진구 구의동 668,노인시설,229,35,2024-11-15,2025-03-15,Y,9:00:00,18:00:00,N,,,N,,,N,,,127.0906833,37.5460957,,208013.7801,549624.0333,
277,구의2동주민센터,Y,서울특별시 광진구 천호대로136길 55,서울특별시 광진구 구의동 63-7,주민센터,202.95,50,2024-11-15,2025-03-15,Y,9:00:00,18:00:00,N,,,N,,,N,,,127.0898911,37.5472462,,207943.6504,549751.6577,
278,구의2동경로당,Y,서울특별시 광진구 자양로38길 17-5 ,서울특별시 광진구 구의동 64-31,노인시설,70.15,17,2024-11-15,2025-03-15,Y,9:00:00,18:00:00,N,,,N,,,N,,,127.089051,37.54722,,207869.4137,549748.6792,
279,소능경로당,Y,서울특별시 광진구 자양로37길 85,서울특별시 광진구 구의동 617-33,노인시설,255.03,63,2024-11-15,2025-03-15,Y,9:00:00,18:00:00,N,,,N,,,N,,,127.085923,37.547628,,207592.9518,549793.7051,
280,아차산경로당,Y,서울특별시 광진구 자양로47길 9-4 ,서울특별시 광진구 구의동 50-20,노인시설,127.83,31,2024-11-15,2025-03-15,Y,9:00:00,18:00:00,N,,,N,,,N,,,127.091617,37.552141,,208095.6383,550295.0691,
281,구의3동주민센터,Y,서울특별시 광진구 강변역로 17,서울특별시 광진구 구의동 587-29,주민센터,338.22,50,2024-11-15,2025-03-15,Y,9:00:00,18:00:00,N,,,N,,,N,,,127.091984,37.5379926,,208129.6041,548724.7992,
282,구의새마을경로당,Y,서울특별시 광진구 구의강변로3길 39,서울특별시 광진구 구의동 590-2,노인시설,106.2,26,2024-11-15,2025-03-15,Y,9:00:00,18:00:00,N,,,N,,,N,,,127.0901399,37.5362965,,207966.8018,548536.395,
283,산의마을경로당,Y,서울특별시 광진구 아차산로63길 21,서울특별시 광진구 구의동 210-75,노인시설,236.79,65,2024-11-15,2025-03-15,Y,9:00:00,18:00:00,N,,,N,,,N,,,127.0922674,37.5403134,,208154.3985,548982.4043,
284,다사랑행복센터,Y,서울특별시 동대문구 청계천로 521,서울특별시 동대문구 용두동 255-69,복지회관,62.4,10,2023-11-15,2024-03-15,Y,9:00:00,22:00:00,N,,,N,,,N,,,127.0340822,37.5718669,,203010.843,552481.0124,
285,용두문화복지센터,Y,서울특별시 동대문구 고산자로28길 13,서울특별시 동대문구 용두동 29-3,복지회관,39,15,2023-11-15,2024-03-15,Y,9:00:00,22:00:00,Y,9:00:00,18:00:00,N,,,N,,,127.0391486,37.5752871,,203458.2538,552860.7895,
286,동대문장애인종합복지관,Y,서울특별시 동대문구 청계천로 521,서울특별시 동대문구 용두동 255-69,복지회관,26.84,10,2024-11-15,2025-03-15,Y,9:00:00,18:00:00,N,,,N,,,N,,,127.034109,37.571805,,203013.213,552474.1431,
287,동대문구청,Y,서울특별시 동대문구 천호대로 145,서울특별시 동대문구 용두동 39-9,기타,132,5,2024-11-15,2025-03-15,Y,0:09:00,18:00:00,Y,9:00:00,18:00:00,Y,9:00:00,18:00:00,Y,9:00:00,18:00:00,127.0395657,37.5744234,한파 특보시 24시간 운영,203495.1393,552764.9442,
288,명성 경로당,Y,서울특별시 동대문구 무학로28길 22-2 ,서울특별시 동대문구 용두동 118-57,노인시설,307.53,102,2024-11-15,2025-03-15,Y,9:00:00,18:00:00,N,,,N,,,N,,,127.0319456,37.5743617,,202822.0002,552757.84,
289,동대문종합사회복지관,Y,서울특별시 동대문구 약령시로5길 22,서울특별시 동대문구 제기동 220,복지회관,"7,464.00",10,2024-12-01,2025-02-28,Y,6:00:00,22:00:00,Y,12:00:00,17:00:00,N,,,N,,,127.0341177,37.5840579,금요일 운영시간 : 06:00 ~ 18:00,203013.4877,553834.0745,
290,제기경로당,Y,서울특별시 동대문구 경동시장로23길 14,서울특별시 동대문구 제기동 681-2,노인시설,213.5,68,2024-11-15,2025-03-15,Y,9:00:00,18:00:00,N,,,N,,,N,,,127.0395014,37.5857446,,203488.9309,554021.4654,
291,전일청소년독서실,Y,서울특별시 동대문구 전농로37길 17,서울특별시 동대문구 전농동 103-112,기타,15,6,2023-11-15,2024-03-15,Y,9:00:00,23:00:00,Y,10:00:00,23:00:00,Y,10:00:00,23:00:00,Y,10:00:00,23:00:00,127.0517103,37.5845526,,204567.3456,553889.6905,
292,화목경로당,Y,서울특별시 동대문구 전농로31길 33,서울특별시 동대문구 전농동 127-17,노인시설,114.72,34,2024-11-15,2025-03-15,Y,9:00:00,18:00:00,N,,,N,,,N,,,127.0516303,37.5829304,,204560.3785,553709.6408,
293,배봉산숲속도서관,Y,서울특별시 동대문구 사가정로 191-1 ,서울특별시 동대문구 전농동 산 32-20,기타,330.96,64,2023-11-15,2024-03-15,Y,9:00:00,18:00:00,Y,9:00:00,18:00:00,Y,9:00:00,18:00:00,N,,,127.0625936,37.578514,월요일 휴관일,205529.0667,553220.0596,
294,성너머경로당,Y,서울특별시 동대문구 사가정로 191-1 ,서울특별시 동대문구 전농동 산 32-20,노인시설,49.5,26,2024-11-15,2025-03-15,Y,9:00:00,18:00:00,N,,,N,,,N,,,127.0656529,37.5787238,,205799.2869,553243.5294,
295,답십리청소년독서실,Y,서울특별시 동대문구 천호대로65길 17,서울특별시 동대문구 답십리동 1009-2,기타,582.05,5,2023-11-15,2024-03-15,Y,9:00:00,23:00:00,Y,10:00:00,23:00:00,Y,10:00:00,23:00:00,Y,10:00:00,23:00:00,127.04904,37.5709693,,204332.2765,552381.9737,
296,동대문구답십리도서관,Y,서울특별시 동대문구 서울시립대로4길 75,서울특별시 동대문구 답십리동 474-5,기타,16.3,10,2023-11-15,2024-03-15,Y,9:00:00,22:00:00,N,,,N,,,N,,,127.0504079,37.5731943,,204452.9866,552628.9869,
297,답십리3동경로당,Y,서울특별시 동대문구 황물로 30,서울특별시 동대문구 답십리동 557-1,노인시설,229.42,71,2024-11-15,2025-03-15,Y,9:00:00,18:00:00,N,,,N,,,N,,,127.0452064,37.5741917,,203993.4377,552739.4529,
298,답십리2청소년독서실,Y,서울특별시 동대문구 답십리로56길 15,서울특별시 동대문구 답십리동 990-3,기타,15,5,2023-11-15,2024-03-15,Y,9:00:00,23:00:00,Y,10:00:00,23:00:00,Y,10:00:00,23:00:00,Y,10:00:00,23:00:00,127.0594947,37.5721054,,205255.7826,552508.601,
299,동대문구체육관,Y,서울특별시 동대문구 답십리로 210-3 ,서울특별시 동대문구 답십리동 2-294,기타,"5,742.60",10,2023-11-15,2024-03-15,Y,6:00:00,22:00:00,Y,6:00:00,18:00:00,N,,,N,,,127.0639799,37.5722968,,205651.9923,552530.1045,
300,중산경로당,Y,서울특별시 동대문구 답십리로48길 54,서울특별시 동대문구 답십리동 36-31,노인시설,247.9,80,2024-11-15,2025-03-15,Y,9:00:00,18:00:00,N,,,N,,,N,,,127.0576411,37.570363,,205092.1535,552315.1128,
301,동대문구 구민체육센터,Y,서울특별시 동대문구 장안벚꽃로 67,서울특별시 동대문구 장안동 356,기타,50,30,2023-11-15,2024-03-15,Y,6:00:00,22:00:00,Y,9:00:00,18:00:00,Y,10:00:00,18:00:00,N,,,127.0734928,37.5664574,"매월 1,3째주 일요일 개방",206492.8701,551882.6138,
302,장안종합사회복지관,Y,서울특별시 동대문구 한천로18길 48,서울특별시 동대문구 장안동 395-2,복지회관,"1,998.40",25,2024-11-15,2025-03-15,Y,9:00:00,20:00:00,Y,9:00:00,18:00:00,N,,,N,,,127.0661585,37.5679618,,205844.7889,552049.1032,
303,미나리경로당(장안3동경로당),Y,서울특별시 동대문구 천호대로87길 43,서울특별시 동대문구 장안동 449,노인시설,240.57,72,2024-11-15,2025-03-15,Y,9:00:00,18:00:00,N,,,N,,,N,,,127.06794,37.563674,,206002.52,551573.3199,
304,늘봄경로당,Y,서울특별시 동대문구 장한로26나길 6,서울특별시 동대문구 장안동 343,노인시설,220.3,66,2024-11-15,2025-03-15,Y,9:00:00,18:00:00,N,,,N,,,N,,,127.072576,37.571309,,206411.4576,552421.022,
305,동대문구정보화도서관,Y,서울특별시 동대문구 회기로10길 60,서울특별시 동대문구 청량리동 206-19,기타,"3,094.00",250,2023-11-15,2024-03-15,Y,9:00:00,22:00:00,Y,9:00:00,18:00:00,Y,9:00:00,18:00:00,N,,,127.0470868,37.5896924,월요일 휴관일,204158.686,554459.9354,
306,시립동대문노인종합복지관,Y,서울특별시 동대문구 제기로33길 25,서울특별시 동대문구 청량리동 11-1,복지회관,96,25,2024-11-15,2025-03-15,Y,9:00:00,18:00:00,N,,,N,,,N,,,127.049906,37.587182,,204407.8245,554181.4379,
307,청량 경로당,Y,서울특별시 동대문구 왕산로43다길 5,서울특별시 동대문구 청량리동 57-6,노인시설,290.6,88,2024-11-15,2025-03-15,Y,9:00:00,18:00:00,N,,,N,,,N,,,127.0472583,37.5862632,,204174.0242,554079.3405,
308,회기구립경로당,Y,서울특별시 동대문구 이문로3길 54,서울특별시 동대문구 회기동 64-17,노인시설,148.5,45,2024-11-15,2025-03-15,Y,9:00:00,18:00:00,N,,,N,,,N,,,127.052038,37.590711,,204595.9112,554573.2192,
309,아름경로당,Y,서울특별시 동대문구 휘경로 78,서울특별시 동대문구 휘경동 119-15,노인시설,245.66,74,2024-11-15,2025-03-15,Y,9:00:00,18:00:00,N,,,N,,,N,,,127.068243,37.593623,,206026.8757,554897.335,
310,휘경어린이도서관,Y,서울특별시 동대문구 망우로18가길 38,서울특별시 동대문구 휘경동 282-4,기타,346.34,20,2024-11-15,2025-03-15,Y,9:00:00,18:00:00,Y,9:00:00,18:00:00,Y,9:00:00,18:00:00,N,,,127.0606123,37.5886807,월요일 휴관일,205353.3249,554348.3329,
311,수복 경로당,Y,서울특별시 동대문구 망우로6길 24,서울특별시 동대문구 휘경동 312-22,노인시설,182,55,2024-11-15,2025-03-15,Y,9:00:00,18:00:00,N,,,N,,,N,,,127.055552,37.586663,,204906.5277,554124.1147,
312,이문청소년독서실,Y,서울특별시 동대문구 이문로9길 52,서울특별시 동대문구 이문동 346-140,기타,15,2,2023-11-15,2024-03-15,Y,9:00:00,23:00:00,Y,10:00:00,23:00:00,Y,10:00:00,23:00:00,Y,10:00:00,23:00:00,127.0565234,37.594523,,204991.7998,554996.5375,
313,고황경로당,Y,서울특별시 동대문구 이문로9길 52,서울특별시 동대문구 이문동 346-140,노인시설,118.38,35,2024-11-15,2025-03-15,Y,9:00:00,18:00:00,N,,,N,,,N,,,127.0565388,37.5945033,,204993.1612,554994.3518,
314,이문체육문화센터,Y,서울특별시 동대문구 한천로58길 81-49 ,서울특별시 동대문구 이문동 189,기타,379.66,1070,2023-11-15,2024-03-15,Y,6:00:00,22:00:00,Y,9:00:00,18:00:00,Y,9:00:00,18:00:00,N,,,127.0687036,37.6022207,"매월 1,2,3째주 일요일 개방",206066.8554,555851.614,
315,신이문 경로당,Y,서울특별시 동대문구 신이문로8길 32,서울특별시 동대문구 이문동 256-137,노인시설,227.16,68,2024-11-15,2025-03-15,Y,9:00:00,18:00:00,N,,,N,,,N,,,127.063361,37.601511,,205595.1315,555772.5133,
316,면목2동주민센터,Y,서울특별시 중랑구 동일로101길 20-15 ,서울특별시 중랑구 면목동 180-8,주민센터,224,56,2024-11-15,2025-03-15,Y,9:00:00,18:00:00,N,,,N,,,N,,,127.0789293,37.5897681,한파특보 발령 시 18:00~21:00 연장 운영,206970.9952,554470.2238,
317,면목2동구립서부경로당,Y,서울특별시 중랑구 겸재로3길 50,서울특별시 중랑구 면목동 178-19,노인시설,123,50,2024-11-15,2025-03-15,Y,9:00:00,18:00:00,N,,,N,,,N,,,127.0769,37.5881,,206791.92,554284.9348,
318,면목2동구립동부경로당,Y,서울특별시 중랑구 겸재로27가길 18-4 ,서울특별시 중랑구 면목동 139-10,노인시설,58,18,2024-11-15,2025-03-15,Y,9:00:00,18:00:00,N,,,N,,,N,,,127.0829168,37.5882257,,207323.3203,554299.3381,
319,면목4동주민센터,Y,서울특별시 중랑구 면목로 246,서울특별시 중랑구 면목동 378-9,주민센터,272,68,2024-11-15,2025-03-15,Y,9:00:00,18:00:00,N,,,N,,,N,,,127.0854597,37.5747586,한파특보 발령 시 18:00~21:00 연장 운영,207549.2723,552804.8448,
320,샘터경로당,Y,서울특별시 중랑구 면목로21길 28,서울특별시 중랑구 면목동 389-15,노인시설,191,57,2024-11-15,2025-03-15,Y,9:00:00,18:00:00,N,,,N,,,N,,,127.0822783,37.5725872,,207268.4473,552563.5936,
321,대성경로당,Y,서울특별시 중랑구 면목로31길 60,서울특별시 중랑구 면목동 347-7,노인시설,72,20,2024-11-15,2025-03-15,Y,9:00:00,18:00:00,N,,,N,,,N,,,127.0819087,37.5760862,,207235.4583,552951.9137,
322,용마폭포공원경로당,Y,서울특별시 중랑구 용마산로 250-12 ,서울특별시 중랑구 면목동 산 1-4,노인시설,74,20,2024-11-15,2025-03-15,Y,9:00:00,18:00:00,N,,,N,,,N,,,127.0900972,37.5733439,,207959.0868,552648.2121,
323,면목5동주민센터,Y,서울특별시 중랑구 동일로 619,서울특별시 중랑구 면목동 175-18,주민센터,704,176,2024-11-15,2025-03-15,Y,9:00:00,18:00:00,N,,,N,,,N,,,127.0794645,37.5858452,한파특보 발령 시 18:00~21:00 연장 운영,207018.6321,554034.866,
324,면목5동제1구립경로당,Y,서울특별시 중랑구 동일로95길 29,서울특별시 중랑구 면목동 173-1,노인시설,81,26,2024-11-15,2025-03-15,Y,9:00:00,18:00:00,N,,,N,,,N,,,127.0779563,37.5845229,,206885.5435,553887.994,
325,면목5동제2구립경로당,Y,서울특별시 중랑구 동일로92길 17-7 ,서울특별시 중랑구 면목동 160-28,노인시설,93,31,2024-11-15,2025-03-15,Y,9:00:00,18:00:00,N,,,N,,,N,,,127.0808109,37.5838638,,207137.7409,553815.0545,
326,면목본동주민센터,Y,서울특별시 중랑구 면목로 397,서울특별시 중랑구 면목동 115-18,주민센터,210,70,2024-11-15,2025-03-15,Y,9:00:00,18:00:00,N,,,N,,,N,,,127.087529,37.5873114,한파특보 발령 시 18:00~21:00 연장 운영,207730.7705,554198.2308,
327,안수경로당,Y,서울특별시 중랑구 면목로63길 36,서울특별시 중랑구 면목동 543-56,노인시설,125,40,2024-11-15,2025-03-15,Y,9:00:00,18:00:00,N,,,N,,,N,,,127.086252,37.586346,,207618.0812,554090.9779,
328,면목본동경로당,Y,서울특별시 중랑구 면목로64길 37-4 ,서울특별시 중랑구 면목동 109-55,노인시설,78,25,2024-11-15,2025-03-15,Y,9:00:00,18:00:00,N,,,N,,,N,,,127.0911689,37.5861403,,208052.3814,554068.5577,
329,섬들경로당,Y,서울특별시 중랑구 면목로76길 42,서울특별시 중랑구 면목동 100-65,노인시설,131,43,2024-11-15,2025-03-15,Y,9:00:00,18:00:00,N,,,N,,,N,,,127.0903185,37.5901158,,207976.8466,554509.7208,
330,은행길경로당,Y,서울특별시 중랑구 겸재로 212-7 ,서울특별시 중랑구 면목동 104-21,노인시설,86,26,2024-11-15,2025-03-15,Y,9:00:00,18:00:00,N,,,N,,,N,,,127.091476,37.5888388,,208079.214,554368.0871,
331,면목7동주민센터,Y,서울특별시 중랑구 사가정로52길 13,서울특별시 중랑구 면목동 634-21,주민센터,376,94,2024-11-15,2025-03-15,Y,9:00:00,18:00:00,N,,,N,,,N,,,127.0874244,37.5801119,한파특보 발령 시 18:00~21:00 연장 운영,207722.2756,553399.1594,
332,면목7동구립경로당,Y,서울특별시 중랑구 사가정로50길 91,서울특별시 중랑구 면목동 351,노인시설,108,36,2024-11-15,2025-03-15,Y,9:00:00,18:00:00,N,,,N,,,N,,,127.0844458,37.5771136,,207459.4723,553066.1417,
333,용마경로당,Y,서울특별시 중랑구 면목로40길 23,서울특별시 중랑구 면목동 619-7,노인시설,170,56,2024-11-15,2025-03-15,Y,9:00:00,18:00:00,N,,,N,,,N,,,127.0884689,37.5788183,,207814.6725,553255.6709,
334,"면목3,8동주민센터",Y,서울특별시 중랑구 사가정로51길 48,서울특별시 중랑구 면목동 498-6,주민센터,60,15,2024-11-15,2025-03-15,Y,9:00:00,21:00:00,N,,,N,,,N,,,127.0880672,37.5830178,한파특보 발령 시 18:00~21:00 연장 운영,207778.7524,553721.7342,
335,까치공원경로당,Y,서울특별시 중랑구 사가정로49길 56,서울특별시 중랑구 면목동 570,노인시설,76,23,2024-11-15,2025-03-15,Y,9:00:00,18:00:00,N,,,N,,,N,,,127.0870547,37.5836103,,207689.2599,553787.4116,
336,용마통합경로당,Y,서울특별시 중랑구 용마산로94길 98,서울특별시 중랑구 면목동 27,노인시설,73,23,2024-11-15,2025-03-15,Y,9:00:00,18:00:00,N,,,N,,,N,,,127.1017576,37.5873568,,208987.4693,554204.5359,
337,용마산경로당,Y,서울특별시 중랑구 용마산로 327,서울특별시 중랑구 면목동 469-9,노인시설,50,16,2024-11-15,2025-03-15,Y,9:00:00,18:00:00,N,,,N,,,N,,,127.0931053,37.5811555,,208223.9599,553515.4692,
338,상봉1동주민센터,Y,서울특별시 중랑구 상봉중앙로1길 6,서울특별시 중랑구 상봉동 204-1,주민센터,50,11,2024-11-15,2025-03-15,Y,9:00:00,18:00:00,N,,,N,,,N,,,127.087143,37.5999239,한파특보 발령 시 18:00~21:00 연장 운영,207695.3792,555598.0457,
339,구립중랑경로당,Y,서울특별시 중랑구 봉화산로43길 9,서울특별시 중랑구 상봉동 303-48,노인시설,128.49,35,2024-11-15,2025-03-15,Y,9:00:00,18:00:00,N,,,N,,,N,,,127.0873439,37.6036901,,207712.7314,556016.0689,
340,청운경로당,Y,서울특별시 중랑구 봉화산로30길 69-3 ,서울특별시 중랑구 상봉동 305-1,노인시설,179,40,2024-11-15,2025-03-15,Y,9:00:00,18:00:00,N,,,N,,,N,,,127.0853559,37.5990904,,207537.6489,555505.3915,
341,상봉1동구립경로당,Y,서울특별시 중랑구 봉화산로42길 20,서울특별시 중랑구 상봉동 228-2,노인시설,54,18,2024-11-15,2025-03-15,Y,9:00:00,18:00:00,N,,,N,,,N,,,127.0874935,37.6022371,,207726.0918,555854.8142,
342,서촌경로당,Y,서울특별시 중랑구 신내로7가길 71,서울특별시 중랑구 상봉동 27,노인시설,167,89,2024-11-15,2025-03-15,Y,9:00:00,18:00:00,N,,,N,,,N,,,127.092096,37.6021535,,208132.5236,555845.9242,
343,상봉2동주민센터,Y,서울특별시 중랑구 동일로114길 10,서울특별시 중랑구 상봉동 126,주민센터,232,31,2024-11-15,2025-03-15,Y,9:00:00,18:00:00,N,,,N,,,N,,,127.0809308,37.5930666,한파특보 발령 시 18:00~21:00 연장 운영,207147.4512,554836.4707,
344,상봉2동구립경로당,Y,서울특별시 중랑구 동일로112길 27,서울특별시 중랑구 상봉동 122-31,노인시설,102,31,2024-11-15,2025-03-15,Y,9:00:00,18:00:00,N,,,N,,,N,,,127.0824785,37.5931305,,207284.131,554843.6818,
345,봉황경로당,Y,서울특별시 중랑구 봉우재로33길 55-10 ,서울특별시 중랑구 상봉동 103-3,노인시설,94,50,2024-11-15,2025-03-15,Y,9:00:00,18:00:00,N,,,N,,,N,,,127.0882556,37.5952586,,207794.1167,555080.3409,
346,중화1동주민센터,Y,서울특별시 중랑구 동일로134길 17,서울특별시 중랑구 중화동 287-3,주민센터,200,50,2024-11-15,2025-03-15,Y,9:00:00,18:00:00,N,,,N,,,N,,,127.080715,37.6011345,한파특보 발령 시 18:00~21:00 연장 운영,207127.6231,555731.9016,
347,중화1동통합경로당,Y,서울특별시 중랑구 동일로138길 28,서울특별시 중랑구 중화동 37-4,노인시설,105,59,2024-11-15,2025-03-15,Y,9:00:00,18:00:00,N,,,N,,,N,,,127.0812117,37.6033033,,207171.2765,555972.6524,
348,중화2동주민센터,Y,,서울특별시 중랑구 중화동 311-7,주민센터,450,200,2024-11-15,2025-03-15,Y,9:00:00,18:00:00,N,,,N,,,N,,,127.0774804,37.6020302,한파특보 발령 시 18:00~21:00 연장 운영,206841.9063,555831.0738,
349,봉화경로당,Y,서울특별시 중랑구 봉화산로3길 40-5 ,서울특별시 중랑구 중화동 309-36,노인시설,170,35,2024-11-15,2025-03-15,Y,9:00:00,18:00:00,N,,,N,,,N,,,127.0760238,37.6035243,,206713.1469,555996.7974,
350,학구경로당,Y,서울특별시 중랑구 동일로123길 69-5 ,서울특별시 중랑구 중화동 316-70,노인시설,155,56,2024-11-15,2025-03-15,Y,9:00:00,18:00:00,N,,,N,,,N,,,127.0761238,37.5983096,,206722.4464,555418.0304,
351,백학경로당,Y,서울특별시 중랑구 중랑천로20길 6-14 ,서울특별시 중랑구 중화동 323-14,노인시설,73,51,2024-11-15,2025-03-15,Y,9:00:00,18:00:00,N,,,N,,,N,,,127.0727723,37.5957535,,206426.6973,555134.097,
352,묵1동주민센터,Y,서울특별시 중랑구 공릉로2가길 5,서울특별시 중랑구 묵동 174-3,주민센터,50,15,2024-11-15,2025-03-15,Y,9:00:00,18:00:00,N,,,N,,,N,,,127.0785496,37.6124007,한파특보 발령 시 18:00~21:00 연장 운영,206935.359,556982.1646,
353,화랑마을경로당,Y,,서울특별시 중랑구 묵동 122-174,노인시설,55.2,16,2024-11-15,2025-03-15,Y,9:00:00,18:00:00,N,,,N,,,N,,,127.0803131,37.6090802,,207091.3785,556613.7568,
354,묵1동구립경로당,Y,서울특별시 중랑구 공릉로2라길 26,서울특별시 중랑구 묵동 121-310,노인시설,104.04,12,2024-11-15,2025-03-15,Y,9:00:00,18:00:00,N,,,N,,,N,,,127.0816952,37.6132902,,207213.0068,557081.1265,
355,묵2동주민센터,Y,서울특별시 중랑구 중랑역로 181,서울특별시 중랑구 묵동 243-1,주민센터,40,10,2024-11-15,2025-03-15,Y,9:00:00,18:00:00,N,,,N,,,N,,,127.0759754,37.6095807,한파특보 발령 시 18:00~21:00 연장 운영,206708.3291,556668.9881,
356,구립학수경로당,Y,서울특별시 중랑구 중랑천로 252-1 ,서울특별시 중랑구 묵동 247-101,노인시설,198,66,2024-11-15,2025-03-15,Y,9:00:00,18:00:00,N,,,N,,,N,,,127.0735087,37.6072264,,206490.7338,556407.5131,
357,한양경로당,Y,서울특별시 중랑구 중랑역로 209-3 ,서울특별시 중랑구 묵동 237-50,노인시설,206,68,2024-11-15,2025-03-15,Y,9:00:00,18:00:00,N,,,N,,,N,,,127.0753948,37.6121576,,206656.8347,556954.9547,
358,망우본동주민센터,Y,서울특별시 중랑구 망우로67길 10,서울특별시 중랑구 망우동 340-17,주민센터,280,90,2024-11-15,2025-03-15,Y,9:00:00,18:00:00,N,,,N,,,N,,,127.1014534,37.6005733,한파특보 발령 시 18:00~21:00 연장 운영,208959.0171,555671.391,
359,우림경로당,Y,서울특별시 중랑구 용마산로115나길 8,서울특별시 중랑구 망우동 492-6,노인시설,297,90,2024-11-15,2025-03-15,Y,9:00:00,18:00:00,N,,,N,,,N,,,127.0966015,37.5976509,,208530.8953,555346.585,
360,망우경로당,Y,서울특별시 중랑구 망우로72길 15-3 ,서울특별시 중랑구 망우동 184-27,노인시설,86,29,2024-11-15,2025-03-15,Y,9:00:00,18:00:00,N,,,N,,,N,,,127.1028261,37.5993859,,209080.3801,555539.7345,
361,안산경로당,Y,서울특별시 중랑구 봉우재로65가길 18,서울특별시 중랑구 망우동 461-32,노인시설,78,26,2024-11-15,2025-03-15,Y,9:00:00,18:00:00,N,,,N,,,N,,,127.0980949,37.5957888,,208662.9936,555140.0493,
362,망우본동경로당,Y,서울특별시 중랑구 망우로73길 24-8 ,서울특별시 중랑구 망우동 342-50,노인시설,229,70,2024-11-15,2025-03-15,Y,9:00:00,18:00:00,N,,,N,,,N,,,127.103646,37.6016091,,209152.5116,555786.5648,
363,망우3동주민센터,Y,서울특별시 중랑구 겸재로61길 40,서울특별시 중랑구 망우동 529-2,주민센터,200,50,2024-11-15,2025-03-15,Y,9:00:00,18:00:00,N,,,N,,,N,,,127.0948702,37.5918934,한파특보 발령 시 18:00~21:00 연장 운영,208378.6493,554707.4108,
364,햇님경로당,Y,서울특별시 중랑구 봉우재로58길 16-5 ,서울특별시 중랑구 망우동 474-11,노인시설,78,26,2024-11-15,2025-03-15,Y,9:00:00,18:00:00,N,,,N,,,N,,,127.0952625,37.5936192,,208413.1018,554898.9904,
365,샛별경로당,Y,서울특별시 중랑구 용마공원로5가길 36,서울특별시 중랑구 망우동 421-36,노인시설,100,33,2024-11-15,2025-03-15,Y,9:00:00,18:00:00,N,,,N,,,N,,,127.1021975,37.5930306,,209025.6371,554834.3062,
366,신내1동주민센터,Y,서울특별시 중랑구 용마산로129나길 35,서울특별시 중랑구 신내동 448-1,주민센터,50,10,2024-11-15,2025-03-15,Y,9:00:00,18:00:00,N,,,N,,,N,,,127.099488,37.6058859,한파특보 발령 시 18:00~21:00 연장 운영,208784.8343,556260.8456,
367,새우개경로당,Y,서울특별시 중랑구 용마산로139나길 47,서울특별시 중랑구 신내동 278-12,노인시설,482.17,20,2024-11-15,2025-03-15,Y,9:00:00,18:00:00,N,,,N,,,N,,,127.1023936,37.6178316,,209039.954,557586.965,
368,신내구립경로당,Y,서울특별시 중랑구 망우로65길 20,서울특별시 중랑구 신내동 492-16,노인시설,194,64,2024-11-15,2025-03-15,Y,9:00:00,18:00:00,N,,,N,,,N,,,127.0999623,37.6012589,,208827.2619,555747.3438,
369,피울경로당,Y,서울특별시 중랑구 용마산로129나길 25,서울특별시 중랑구 신내동 417-2,노인시설,120,40,2024-11-15,2025-03-15,Y,9:00:00,18:00:00,N,,,N,,,N,,,127.0996758,37.6061887,,208801.3814,556294.4706,
370,중랑구청 지하상황실,Y,서울특별시 중랑구 봉화산로 179,서울특별시 중랑구 신내동 662,기타,50,20,2025-02-01,2025-03-15,Y,9:00:00,18:00:00,Y,9:00:00,18:00:00,Y,9:00:00,18:00:00,Y,9:00:00,18:00:00,127.0926557,37.6066787,한파 특보시 24시간 운영,208181.4522,556348.2204,
371,신내2동주민센터,Y,서울특별시 중랑구 봉화산로 190,서울특별시 중랑구 신내동 665,주민센터,36,9,2024-11-15,2025-03-15,Y,9:00:00,18:00:00,N,,,N,,,N,,,127.0941612,37.6062938,한파특보 발령 시 18:00~21:00 연장 운영,208314.43,556305.633,
372,성북동 주민센터,Y,서울특별시 성북구 성북로 37,서울특별시 성북구 성북동1가 117-1,주민센터,440.3,20,2024-11-15,2025-03-15,Y,9:00:00,18:00:00,N,,,N,,,N,,,127.003228,37.591027,,200285.0905,554607.0234,
373,성북구청,Y,서울특별시 성북구 보문로 168,서울특별시 성북구 삼선동5가 411,기타,36,10,2025-01-14,2025-03-15,Y,9:00:00,18:00:00,Y,9:00:00,18:00:00,Y,9:00:00,18:00:00,Y,9:00:00,18:00:00,127.0168716,37.589445,한파특보 발효시 24시간 운영,201490.0974,554431.5682,
374,삼선실버복지센터,Y,서울특별시 성북구 삼선교로18길 41,서울특별시 성북구 삼선동5가 2-2,노인시설,200,542,2024-11-15,2025-03-15,Y,9:00:00,18:00:00,N,,,N,,,N,,,127.014055,37.589148,,201241.3406,554398.5636,
375,삼선동 주민센터,Y,서울특별시 성북구 보문로 190,서울특별시 성북구 삼선동4가 349-1,주민센터,637,50,2024-11-15,2025-03-15,Y,9:00:00,18:00:00,N,,,N,,,N,,,127.0145,37.590897,,201280.6131,554592.6888,
376,동선동 주민센터,Y,서울특별시 성북구 동소문로26길 27,서울특별시 성북구 동선동3가 130-7,주민센터,159.7,80,2024-11-15,2025-03-15,Y,9:00:00,18:00:00,N,,,N,,,N,,,127.020394,37.593941,,201801.0869,554930.6354,
377,돈암1동 주민센터,Y,서울특별시 성북구 정릉로48길 35,서울특별시 성북구 돈암동 7-15,주민센터,740,50,2024-11-15,2025-03-15,Y,9:00:00,18:00:00,N,,,N,,,N,,,127.027764,37.6025405,,202451.6829,555885.2512,
378,아리랑 도서관,Y,서울특별시 성북구 아리랑로 82,서울특별시 성북구 돈암동 538-98,기타,420,20,2024-11-15,2025-03-15,Y,9:00:00,22:00:00,Y,9:00:00,18:00:00,Y,9:00:00,18:00:00,N,,,127.0139802,37.5998502," [평시]  1. 평일 : 09:00 ~ 22:00  2. 토/일 : 09:00 ~ 18:00 [휴무]  매월 둘째주, 넷째주 월요일, 일요일을 제외한 법정 공휴일 휴무 ",201234.5574,555586.3871,
379,아리랑 시네미디어센터,Y,서울특별시 성북구 아리랑로 82,서울특별시 성북구 돈암동 538-98,기타,"1,717.00",800,2024-11-15,2025-03-15,Y,9:00:00,22:00:00,Y,9:00:00,18:00:00,Y,9:00:00,18:00:00,N,,,127.0138514,37.5999288,[평시] 1. 평일 : 09:00 ~ 22:00 2. 토/일 : 09:00 ~ 18:00 3. 공휴일 : 미운영 4. 매월 두 번째 월요일 미운영,201223.1821,555595.1092,
380,돈암2동 주민센터,Y,서울특별시 성북구 흥천사길 7,서울특별시 성북구 돈암동 603-1,주민센터,480,50,2024-11-15,2025-03-15,Y,9:00:00,18:00:00,N,,,N,,,N,,,127.0105121,37.5980523,,200928.3203,555386.8002,
381,안암동 주민센터,Y,서울특별시 성북구 고려대로 16,서울특별시 성북구 안암동2가 140-4,주민센터,53,30,2024-11-15,2025-03-15,Y,9:00:00,18:00:00,N,,,N,,,N,,,127.0213469,37.5858009,,201885.4472,554027.1947,
382,보문동 주민센터,Y,서울특별시 성북구 안암로3길 35,서울특별시 성북구 보문동7가 108-1,주민센터,229,30,2024-11-15,2025-03-15,Y,9:00:00,18:00:00,N,,,N,,,N,,,127.0228304,37.5804183,,202016.6212,553429.8183,
383,정릉1동 주민센터,Y,서울특별시 성북구 정릉로38마길 33,서울특별시 성북구 정릉동 1020,주민센터,965,50,2024-11-15,2025-03-15,Y,9:00:00,18:00:00,N,,,N,,,N,,,127.0166532,37.6014404,,201470.5722,555762.9202,
384,정릉2동 주민센터,Y,서울특별시 성북구 정릉로 236,서울특별시 성북구 정릉동 966-113,주민센터,120,10,2024-11-15,2025-03-15,Y,9:00:00,18:00:00,N,,,N,,,N,,,127.0100139,37.6050774,[정릉파출소 옆 아동청소년 센터 건물 1층] 도로명 주소 : 서울시 성북구 정릉로 242,200884.2412,556166.5039,
385,정릉3동 주민센터,Y,서울특별시 성북구 솔샘로1길 6-3 ,서울특별시 성북구 정릉동 673-3,주민센터,"3,580.00",50,2024-11-15,2025-03-15,Y,9:00:00,18:00:00,N,,,N,,,N,,,127.0041665,37.6089311,,200367.8887,556594.1834,
386,정릉종합사회복지관,Y,서울특별시 성북구 솔샘로5길 92,서울특별시 성북구 정릉동 산 1-293,복지회관,"1,599.00",402,2024-11-15,2025-03-15,Y,9:00:00,18:00:00,Y,9:00:00,14:00:00,N,,,N,,,127.0011384,37.6112518,[평시]  평일 : 09:00 ~ 18:00 토요일 : 09:00 ~ 14:00 운영  공휴일 : 미운영 ,200100.514,556851.7483,
387,정릉실버복지센터,Y,서울특별시 성북구 솔샘로 8,서울특별시 성북구 정릉동 674-4,노인시설,813.98,203,2024-11-15,2025-03-15,Y,9:00:00,18:00:00,N,,,N,,,N,,,127.0045422,37.608211,,200401.0657,556514.2617,
388,성북 청수도서관,Y,서울특별시 성북구 보국문로16가길 20,서울특별시 성북구 정릉동 266-121,기타,"42,519.00",124,2024-11-15,2025-03-15,Y,9:00:00,18:00:00,Y,9:00:00,18:00:00,Y,9:00:00,18:00:00,N,,,127.0107669,37.6117476,"평시  평일(09:00 ~ 18:00) 개방 토/일(09:00 ~ 18:00) 개방 [휴무] 월요일, 법정공휴일 휴관",200950.6473,556906.8306,
389,정릉4동 주민센터,Y,서울특별시 성북구 보국문로 106-1 ,서울특별시 성북구 정릉동 293-6,주민센터,"3,180.00",150,2024-11-15,2025-03-15,Y,9:00:00,18:00:00,N,,,N,,,N,,,127.0069976,37.613347,,200617.8294,557084.3152,
390,길음1동 주민센터,Y,서울특별시 성북구 길음로 92,서울특별시 성북구 길음동 1281-7,주민센터,"2,179.00",30,2024-11-15,2025-03-15,Y,9:00:00,18:00:00,N,,,N,,,N,,,127.0193799,37.6104983,,201711.1478,556768.294,
391,길음2동 주민센터,Y,서울특별시 성북구 삼양로2길 70,서울특별시 성북구 길음동 1064-1,주민센터,66,10,2024-11-15,2025-03-15,Y,9:00:00,18:00:00,N,,,N,,,N,,,127.0272712,37.6067637,,202408.0304,556353.9673,
392,길음종합사회복지관,Y,서울특별시 성북구 삼양로2길 55,서울특별시 성북구 길음동 1289-12,복지회관,"1,756.00",967,2024-11-15,2025-03-15,Y,9:00:00,18:00:00,Y,9:00:00,14:00:00,N,,,N,,,127.0267766,37.6066692,[평시] (평일) 09:00 ~ 18:00 (토) 09:00 ~ 14:00 (일/공휴일) 미운영,202364.3605,556343.4662,
393,성북노인종합복지관,Y,서울특별시 성북구 종암로15길 10,서울특별시 성북구 종암동 66-14,노인시설,"2,595.00",648,2024-11-15,2025-03-15,Y,9:00:00,18:00:00,N,,,N,,,N,,,127.0343942,37.5977879,,203037.3519,555357.959,
394,종암동 주민센터,Y,서울특별시 성북구 종암로 98-8 ,서울특별시 성북구 종암동 16-8,주민센터,974,200,2024-11-15,2025-03-15,Y,9:00:00,18:00:00,N,,,N,,,N,,,127.0351991,37.5990299,,203108.3809,555495.8336,
395,생명의전화 종합사회복지관,Y,서울특별시 성북구 오패산로 21,서울특별시 성북구 하월곡동 96-113,복지회관,"1,649.00",500,2024-11-15,2025-03-15,Y,9:00:00,18:00:00,Y,9:00:00,14:00:00,N,,,N,,,127.036854,37.6042277,[평시] (평일) 09:00 ~ 18:00 (토) 09:00 ~ 14:00 (일/공휴일) 휴무,203254.2963,556072.788,
396,월곡종합사회복지관,Y,서울특별시 성북구 오패산로16길 23,서울특별시 성북구 하월곡동 222-5,복지회관,"2,015.00",700,2024-11-15,2025-03-15,Y,9:00:00,18:00:00,Y,9:00:00,14:00:00,N,,,N,,,127.037481,37.608929,[평시] (평일) 09:00 ~ 18:00 (토) 09:00 ~ 14:00 (일/공휴일) 휴무,203309.4536,556594.6028,
397,월곡1동 주민센터,Y,서울특별시 성북구 오패산로 96,서울특별시 성북구 하월곡동 225-7,주민센터,"1,247.00",50,2024-11-15,2025-03-15,Y,9:00:00,18:00:00,N,,,N,,,N,,,127.0357877,37.6106159,,203159.8692,556781.772,
398,성북구 보건소,Y,서울특별시 성북구 화랑로 63,서울특별시 성북구 하월곡동 46-1,보건소,63,15,2024-11-15,2025-03-15,Y,9:00:00,18:00:00,Y,9:00:00,18:00:00,N,,,N,,,127.0395539,37.6026857,[평시] (평일) 09:00 ~ 18:00 (토) 09:00 ~ 18:00 (일/공휴일) 휴무,203492.7761,555901.74,
399,성북정보도서관,Y,서울특별시 성북구 화랑로18자길 13,서울특별시 성북구 상월곡동 24-348,기타,"6,667.00",250,2024-11-15,2025-03-15,Y,9:00:00,22:00:00,Y,9:00:00,18:00:00,Y,9:00:00,18:00:00,N,,,127.0505729,37.6049353,"[평시] 1. 평일 : 09:00 ~ 22:00 2. 주말 : 09:00 ~ 18:00 [휴무]  첫째주, 셋째주 월요일, 법정공휴일 휴관",204465.6658,556151.8879,
400,상월곡실버복지센터,Y,서울특별시 성북구 화랑로18길 6,서울특별시 성북구 상월곡동 97-22,노인시설,576,80,2024-11-15,2025-03-15,Y,9:00:00,18:00:00,N,,,N,,,N,,,127.0480919,37.605864,,204246.5368,556254.8483,
401,월곡2동 주민센터,Y,서울특별시 성북구 화랑로 152,서울특별시 성북구 상월곡동 97-22,주민센터,867,50,2024-11-15,2025-03-15,Y,9:00:00,18:00:00,N,,,N,,,N,,,127.04796,37.6057652,,204234.8956,556243.8766,
402,장위1동 주민센터,Y,서울특별시 성북구 장위로 61,서울특별시 성북구 장위동 225-100,주민센터,160,36,2024-11-15,2025-03-15,Y,9:00:00,18:00:00,N,,,N,,,N,,,127.0438185,37.6140351,,203868.7703,557161.5668,
403,장위종합사회복지관,Y,서울특별시 성북구 화랑로 237,서울특별시 성북구 장위동 65-24,복지회관,115.83,290,2024-11-15,2025-03-15,Y,9:00:00,18:00:00,Y,9:00:00,14:00:00,N,,,N,,,127.0555651,37.6104451,[평시] (평일) 09:00 ~ 18:00 (토) 09:00 ~ 14:00 (일/공휴일) 휴무,204906.1229,556763.6646,
404,장위2동 주민센터,Y,서울특별시 성북구 돌곶이로27길 12,서울특별시 성북구 장위동 69-54,주민센터,199,10,2024-11-15,2025-03-15,Y,9:00:00,18:00:00,N,,,N,,,N,,,127.0544177,37.612438,,204804.685,556984.7956,
405,장위실버복지센터,Y,서울특별시 성북구 한천로 708,서울특별시 성북구 장위동 320-1,노인시설,264,30,2024-11-15,2025-03-15,Y,9:00:00,18:00:00,N,,,N,,,N,,,127.053532,37.6201187,,204725.998,557837.2257,
406,장위3동주민센터,Y,,서울특별시 성북구 장위동 97-3,주민센터,522.18,80,2024-11-15,2025-03-15,Y,9:00:00,18:00:00,N,,,N,,,N,,,127.0554624,37.6150498,,204896.7531,557274.7311,
407,돌곶이생활예술문화센터,Y,서울특별시 성북구 화랑로32길 100-1 ,서울특별시 성북구 석관동 261-125,기타,99,10,2024-11-15,2025-03-15,Y,9:00:00,18:00:00,Y,9:00:00,18:00:00,N,,,N,,,127.0587623,37.6062826,"매주 일,월, 공휴일 휴관",205188.709,556301.8444,
408,석관실버복지센터,Y,서울특별시 성북구 화랑로32길 88,서울특별시 성북구 석관동 261-394,노인시설,478,200,2024-11-15,2025-03-15,Y,9:00:00,18:00:00,N,,,N,,,N,,,127.0582638,37.6066924,,205144.6632,556347.3003,
409,석관동 주민센터,Y,서울특별시 성북구 화랑로 296,서울특별시 성북구 석관동 384-3,주민센터,160,50,2024-11-15,2025-03-15,Y,9:00:00,18:00:00,N,,,N,,,N,,,127.061374,37.6129713,,205418.8367,557044.3649,
410,미양할머니경로당,Y,서울특별시 강북구 삼양로35가길 7-4 ,서울특별시 강북구 미아동 791-2308,노인시설,91.82,35,2024-11-15,2025-03-15,Y,9:00:00,18:00:00,N,,,N,,,N,,,127.0193915,37.6206923,,201711.9383,557899.7183,
411,삼양동주민센터,Y,서울특별시 강북구 솔매로 69,서울특별시 강북구 미아동 762-20,주민센터,167.01,30,2024-11-15,2025-03-15,Y,9:00:00,18:00:00,N,,,N,,,N,,,127.0199065,37.6249773,,201757.3032,558375.3172,
412,팔팔경로당,Y,서울특별시 강북구 인수봉로 36,서울특별시 강북구 미아동 837-1798,노인시설,171.76,35,2024-11-15,2025-03-15,Y,9:00:00,18:00:00,N,,,N,,,N,,,127.0132726,37.623229,,201171.7041,558181.171,
413,청암경로당,Y,서울특별시 강북구 솔매로22길 11,서울특별시 강북구 미아동 776-14,노인시설,95.16,20,2024-11-15,2025-03-15,Y,9:00:00,18:00:00,N,,,N,,,N,,,127.016998,37.624735,,201500.5519,558348.374,
414,구세군강북종합사회복지관,Y,서울특별시 강북구 인수봉로20가길 24,서울특별시 강북구 미아동 791-1509,복지회관,60.45,20,2024-11-15,2025-03-15,Y,9:00:00,18:00:00,N,,,N,,,N,,,127.0133722,37.6257196,,201180.4574,558457.6024,
415,실개울경로당,Y,서울특별시 강북구 삼양로47길 37,서울특별시 강북구 미아동 760-22,노인시설,157,25,2024-11-15,2025-03-15,Y,9:00:00,18:00:00,N,,,N,,,N,,,127.0169319,37.6226723,,201494.758,558119.4352,
416,삼일경로당,Y,서울특별시 강북구 삼양로41길 61,서울특별시 강북구 미아동 839-460,노인시설,52.33,15,2024-11-15,2025-03-15,Y,9:00:00,18:00:00,N,,,N,,,N,,,127.0167817,37.6215081,,201481.5214,557990.219,
417,미아동주민센터,Y,서울특별시 강북구 솔매로49길 14,서울특별시 강북구 미아동 197-1,주민센터,367,30,2024-11-15,2025-03-15,Y,9:00:00,18:00:00,N,,,N,,,N,,,127.026937,37.627043,,202377.8748,558604.7429,
418,미아 경로당,Y,서울특별시 강북구 솔매로 147-11 ,서울특별시 강북구 미아동 198-30,노인시설,132,30,2024-11-15,2025-03-15,Y,9:00:00,18:00:00,N,,,N,,,N,,,127.0285432,37.6274542,,202519.6489,558650.4237,
419,요한경로당,Y,서울특별시 강북구 도봉로49길 62,서울특별시 강북구 미아동 301-10,노인시설,129,50,2024-11-15,2025-03-15,Y,9:00:00,18:00:00,N,,,N,,,N,,,127.022968,37.624712,,202027.573,558345.9334,
420,운산경로당,Y,서울특별시 강북구 도봉로72길 14-4 ,서울특별시 강북구 미아동 187-14,노인시설,161.19,40,2024-11-15,2025-03-15,Y,9:00:00,18:00:00,N,,,N,,,N,,,127.0250429,37.6319109,,202210.5282,559144.9823,
421,율곡경로당,Y,서울특별시 강북구 오패산로52아길 11,서울특별시 강북구 미아동 258-78,노인시설,167.01,40,2024-11-15,2025-03-15,Y,9:00:00,18:00:00,N,,,N,,,N,,,127.0311905,37.62704,,202753.3544,558604.5262,
422,한빛경로당,Y,서울특별시 강북구 솔매로43길 25,서울특별시 강북구 미아동 223-18,노인시설,127.88,40,2024-11-15,2025-03-15,Y,9:00:00,18:00:00,N,,,N,,,N,,,127.0237313,37.6269019,,202094.8943,558589.0059,
423,원송경로당,Y,서울특별시 강북구 오패산로 156-3 ,서울특별시 강북구 미아동 87-179,노인시설,186.83,30,2024-11-15,2025-03-15,Y,9:00:00,18:00:00,N,,,N,,,N,,,127.0338298,37.6157505,,202986.7914,557351.5929,
424,오패산 경로당,Y,서울특별시 강북구 오패산로52다길 55,서울특별시 강북구 미아동 258-568,노인시설,19.8,5,2024-11-15,2025-03-15,Y,9:00:00,18:00:00,N,,,N,,,N,,,127.0332572,37.6224067,"10월 신규 개소 경로당, 현판 예산 확보 후 설치 예정",202935.9755,558090.3417,
425,꿈의숲해링턴플레이스(아)경로당,Y,서울특별시 강북구 오현로 45,서울특별시 강북구 미아동 1369,노인시설,164.59,50,2024-11-15,2025-03-15,Y,9:00:00,18:00:00,N,,,N,,,N,,,127.03478,37.61718,,203070.6246,557510.2827,
426,벽오산경로당,Y,서울특별시 강북구 월계로21나길 30,서울특별시 강북구 미아동 8-189,노인시설,132.7,40,2024-11-15,2025-03-15,Y,9:00:00,18:00:00,N,,,N,,,N,,,127.0381214,37.6155997,,203365.6983,557335.0009,
427,송중경로당,Y,서울특별시 강북구 도봉로34길 25-3 ,서울특별시 강북구 미아동 130-84,노인시설,196,50,2024-11-15,2025-03-15,Y,9:00:00,18:00:00,N,,,N,,,N,,,127.0294927,37.6223791,,202603.643,558087.1673,
428,송중동주민센터,Y,서울특별시 강북구 오패산로 162,서울특별시 강북구 미아동 87-141,주민센터,266,30,2024-11-15,2025-03-15,Y,9:00:00,18:00:00,N,,,N,,,N,,,127.033751,37.616097,,202979.8204,557390.0482,
429,한일유앤아이(아)경로당,Y,서울특별시 강북구 월계로21가길 41,서울특별시 강북구 미아동 1355,노인시설,117,40,2024-11-15,2025-03-15,Y,9:00:00,18:00:00,N,,,N,,,N,,,127.036443,37.614641,,203217.5554,557228.5367,
430,경남아너스빌(아)경로당,Y,서울특별시 강북구 오패산로30길 30,서울특별시 강북구 미아동 1356,노인시설,148,40,2024-11-15,2025-03-15,Y,9:00:00,18:00:00,N,,,N,,,N,,,127.035654,37.615185,,203147.8716,557288.8881,
431,구봉 경로당,Y,서울특별시 강북구 오현로9길 97,서울특별시 강북구 미아동 3-714,노인시설,67.78,20,2024-11-15,2025-03-15,Y,9:00:00,18:00:00,N,,,N,,,N,,,127.03293,37.6209111,,202907.1482,557924.3359,
432,방천경로당,Y,서울특별시 강북구 월계로7길 39-9 ,서울특별시 강북구 미아동 52-20,노인시설,92.26,27,2024-11-15,2025-03-15,Y,9:00:00,18:00:00,N,,,N,,,N,,,127.0331566,37.612419,,202927.486,556981.8112,
433,꿈의숲롯데캐슬(아)경로당,Y,서울특별시 강북구 오현로 56,서울특별시 강북구 미아동 4,노인시설,212.02,60,2024-11-15,2025-03-15,Y,9:00:00,18:00:00,N,,,N,,,N,,,127.0356095,37.6171825,,203143.8586,557510.5876,
434,송천동주민센터,Y,서울특별시 강북구 솔샘로 284,서울특별시 강북구 미아동 860-56,주민센터,87,30,2024-11-15,2025-03-15,Y,9:00:00,18:00:00,N,,,N,,,N,,,127.023834,37.618268,,202104.2036,557630.7373,
435,송암경로당,Y,서울특별시 강북구 삼양로24길 4-6 ,서울특별시 강북구 미아동 1264-194,노인시설,35.94,10,2024-11-15,2025-03-15,Y,9:00:00,18:00:00,N,,,N,,,N,,,127.0224841,37.6163306,,201985.0781,557415.6773,
436,송천경로당,Y,서울특별시 강북구 솔샘로60길 18-12 ,서울특별시 강북구 미아동 403-86,노인시설,183.84,45,2024-11-15,2025-03-15,Y,9:00:00,18:00:00,N,,,N,,,N,,,127.0243348,37.6180387,,202148.4237,557605.2988,
437,숭인경로당,Y,서울특별시 강북구 삼양로16길 25,서울특별시 강북구 미아동 1261-322,노인시설,135.95,33,2024-11-15,2025-03-15,Y,9:00:00,18:00:00,N,,,N,,,N,,,127.0235704,37.6130543,,202081.0767,557052.0669,
438,큰마을효심경로당,Y,서울특별시 강북구 삼양로54길 60,서울특별시 강북구 미아동 754-63,노인시설,149,25,2024-11-15,2025-03-15,Y,9:00:00,18:00:00,N,,,N,,,N,,,127.0213522,37.6232608,,201884.9698,558184.832,
439,건양경로당,Y,서울특별시 강북구 삼양로40길 6-6 ,서울특별시 강북구 미아동 734-255,노인시설,104.54,33,2024-11-15,2025-03-15,Y,9:00:00,18:00:00,N,,,N,,,N,,,127.0207326,37.6215527,,201830.3135,557995.2388,
440,래미안트리베라2차(아) 경로당,Y,서울특별시 강북구 삼양로27길 19,서울특별시 강북구 미아동 812,노인시설,200.41,25,2024-11-15,2025-03-15,Y,9:00:00,18:00:00,N,,,N,,,N,,,127.0203102,37.6172739,,201793.1259,557520.3297,
441,래미안트리베라1차(아) 경로당,Y,서울특별시 강북구 삼양로19길 25,서울특별시 강북구 미아동 813,노인시설,156.16,25,2024-11-15,2025-03-15,Y,9:00:00,18:00:00,N,,,N,,,N,,,127.0207071,37.6142952,,201828.24,557189.7338,
442,삼각산아이원(아) 경로당,Y,서울특별시 강북구 삼양로19길 113,서울특별시 강북구 미아동 1357,노인시설,144,20,2024-11-15,2025-03-15,Y,9:00:00,18:00:00,N,,,N,,,N,,,127.0177621,37.616235,,201568.1837,557404.9774,
443,SK북한산시티(아) 제2경로당,Y,서울특별시 강북구 솔샘로 174,서울특별시 강북구 미아동 1353-1,노인시설,194.04,25,2024-11-15,2025-03-15,Y,9:00:00,18:00:00,N,,,N,,,N,,,127.0137066,37.6189693,,201210.0867,557708.3953,
444,삼각산동주민센터,Y,서울특별시 강북구 삼양로19길 34,서울특별시 강북구 미아동 813-3,주민센터,515.66,30,2024-11-15,2025-03-15,Y,9:00:00,18:00:00,N,,,N,,,N,,,127.0207409,37.6151481,,201831.2033,557284.3971,
445,번남경로당,Y,서울특별시 강북구 오패산로77길 29-7 ,서울특별시 강북구 번동 447-30,노인시설,74.18,25,2024-11-15,2025-03-15,Y,9:00:00,18:00:00,N,,,N,,,N,,,127.0257443,37.636157,,202272.3112,559616.2719,
446,번1동주민센터,Y,서울특별시 강북구 덕릉로41길 74,서울특별시 강북구 번동 417-11,주민센터,243,30,2024-11-15,2025-03-15,Y,9:00:00,18:00:00,N,,,N,,,N,,,127.028835,37.637862,,202545.0526,559805.5885,
447,번1동경로당,Y,서울특별시 강북구 덕릉로41길 92,서울특별시 강북구 번동 417-15,노인시설,99.18,25,2024-11-15,2025-03-15,Y,9:00:00,18:00:00,N,,,N,,,N,,,127.028037,37.638224,,202474.607,559845.7454,
448,번동삼성(아)경로당,Y,서울특별시 강북구 도봉로98길 33,서울특별시 강북구 번동 470-1,노인시설,42.12,20,2024-11-15,2025-03-15,Y,9:00:00,18:00:00,N,,,N,,,N,,,127.031995,37.641447,,202823.8268,560203.5769,
449,샛강경로당,Y,서울특별시 강북구 도봉로96나길 9-1 ,서울특별시 강북구 번동 471-116,노인시설,99.82,30,2024-11-15,2025-03-15,Y,9:00:00,18:00:00,N,,,N,,,N,,,127.0323882,37.6390372,,202858.6223,559936.1259,
450,쌍용(아)경로당,Y,서울특별시 강북구 한천로124나길 10,서울특별시 강북구 번동 459-110,노인시설,243,50,2024-11-15,2025-03-15,Y,9:00:00,18:00:00,N,,,N,,,N,,,127.032201,37.637772,,202842.148,559795.6961,
451,두산위브(아)경로당,Y,서울특별시 강북구 덕릉로41길 15,서울특별시 강북구 번동 411,노인시설,99,30,2024-11-15,2025-03-15,Y,9:00:00,18:00:00,N,,,N,,,N,,,127.030904,37.635599,,202727.7507,559554.4771,
452,교육촌경로당,Y,서울특별시 강북구 오현로25다길 36,서울특별시 강북구 번동 148-200,노인시설,118.72,35,2024-11-15,2025-03-15,Y,9:00:00,18:00:00,N,,,N,,,N,,,127.035455,37.627086,,203129.803,558609.7654,
453,번2동주민센터,Y,서울특별시 강북구 한천로 897,서울특별시 강북구 번동 232,주민센터,192,30,2024-11-15,2025-03-15,Y,9:00:00,18:00:00,N,,,N,,,N,,,127.038756,37.632068,,203420.9717,559162.8302,
454,강북장애인종합사회복지관,Y,서울특별시 강북구 오현로 189,서울특별시 강북구 번동 306-12,복지회관,77,15,2024-11-15,2025-03-15,Y,9:00:00,18:00:00,N,,,N,,,N,,,127.039048,37.628728,,203446.9006,558792.136,
455,번오마을종합사회복지관,Y,서울특별시 강북구 한천로115길 20,서울특별시 강북구 번동 230,복지회관,198,50,2024-11-15,2025-03-15,Y,9:00:00,18:00:00,N,,,N,,,N,,,127.0364329,37.6329539,,203215.8747,559261.0737,
456,장수촌경로당,Y,서울특별시 강북구 덕릉로36길 22-4 ,서울특별시 강북구 번동 442-6,노인시설,85,25,2024-11-15,2025-03-15,Y,9:00:00,18:00:00,N,,,N,,,N,,,127.028185,37.633829,,202487.8164,559357.95,
457,오동경로당,Y,서울특별시 강북구 오현로25나길 92,서울특별시 강북구 번동 148-327,노인시설,205.2,101,2024-11-15,2025-03-15,Y,9:00:00,18:00:00,N,,,N,,,N,,,127.033276,37.6256273,,202937.5084,558447.7947,
458,샘골경로당,Y,서울특별시 강북구 덕릉로44길 6-4 ,서울특별시 강북구 번동 433-35,노인시설,72.6,18,2024-11-15,2025-03-15,Y,9:00:00,18:00:00,N,,,N,,,N,,,127.032418,37.635035,,202861.406,559491.9241,
459,샘마을 경로당,Y,서울특별시 강북구 오현로31길 125-14 ,서울특별시 강북구 번동 510-31,노인시설,172.48,44,2024-11-15,2025-03-15,Y,9:00:00,18:00:00,N,,,N,,,N,,,127.0341852,37.6326416,,203017.4864,559226.337,
460,번동주공3단지경로당,Y,서울특별시 강북구 한천로109길 16,서울특별시 강북구 번동 237,노인시설,228,30,2024-11-15,2025-03-15,Y,9:00:00,18:00:00,N,,,N,,,N,,,127.0427012,37.6287819,,203769.3784,558798.2588,
461,번동주공2단지아파트경로당,Y,서울특별시 강북구 한천로105길 24,서울특별시 강북구 번동 241,노인시설,153,30,2024-11-15,2025-03-15,Y,9:00:00,18:00:00,N,,,N,,,N,,,127.0454907,37.626783,,204015.7245,558576.5177,
462,100세 건강플러스,Y,서울특별시 강북구 한천로109길 16,서울특별시 강북구 번동 237,기타,82.3,35,2024-11-15,2025-03-15,Y,9:00:00,18:00:00,N,,,N,,,N,,,127.0424974,37.6289158,,203751.3815,558813.1121,
463,번3동주민센터,Y,서울특별시 강북구 한천로105길 21,서울특별시 강북구 번동 242-3,주민센터,288.47,30,2024-11-15,2025-03-15,Y,9:00:00,18:00:00,N,,,N,,,N,,,127.046596,37.625825,,204113.3484,558470.2377,
464,골말경로당,Y,서울특별시 강북구 한천로109길 57-12 ,서울특별시 강북구 번동 174,노인시설,59.34,20,2024-11-15,2025-03-15,Y,9:00:00,18:00:00,N,,,N,,,N,,,127.041326,37.626881,,203648.0778,558587.2246,
465,북서울종합사회복지관,Y,서울특별시 강북구 한천로105길 24,서울특별시 강북구 번동 241,복지회관,106.8,20,2024-11-15,2025-03-15,Y,9:00:00,18:00:00,N,,,N,,,N,,,127.045445,37.626401,,204011.7108,558534.1178,
466,꿈의숲종합사회복지관,Y,서울특별시 강북구 오현로 208,서울특별시 강북구 번동 237,복지회관,118,20,2024-11-15,2025-03-15,Y,9:00:00,18:00:00,N,,,N,,,N,,,127.0419824,37.6291813,,203705.9077,558842.5594,
467,수유1동주민센터,Y,서울특별시 강북구 삼양로 299,서울특별시 강북구 수유동 605-412,주민센터,415,30,2024-11-15,2025-03-15,Y,9:00:00,18:00:00,N,,,N,,,N,,,127.017529,37.630001,,201547.3184,558932.853,
468,큰무네미경로당,Y,서울특별시 강북구 도봉로71가길 30-9 ,서울특별시 강북구 수유동 89-2,노인시설,34,40,2024-11-15,2025-03-15,Y,9:00:00,18:00:00,N,,,N,,,N,,,127.022639,37.632566,,201998.3192,559217.6376,
469,수유경로당,Y,서울특별시 강북구 인수봉로20길 32-9 ,서울특별시 강북구 수유동 486-758,노인시설,92.34,20,2024-11-15,2025-03-15,Y,9:00:00,18:00:00,N,,,N,,,N,,,127.012373,37.626678,,201092.237,558563.9625,
470,수유장수경로당,Y,서울특별시 강북구 삼양로80나길 56,서울특별시 강북구 수유동 49-7,노인시설,116.64,30,2024-11-15,2025-03-15,Y,9:00:00,18:00:00,N,,,N,,,N,,,127.020612,37.633316,,201819.3799,559300.8386,
471,화계경로당,Y,서울특별시 강북구 인수봉로38가길 28,서울특별시 강북구 수유동 468-147,노인시설,228.25,40,2024-11-15,2025-03-15,Y,9:00:00,18:00:00,N,,,N,,,N,,,127.015663,37.631436,,201382.5764,559092.0938,
472,물댐길경로당,Y,서울특별시 강북구 한천로170가길 4,서울특별시 강북구 수유동 270-144,노인시설,180.56,40,2024-11-15,2025-03-15,Y,9:00:00,18:00:00,N,,,N,,,N,,,127.017426,37.648147,,201537.8523,560946.8697,
473,장미원 경로당,Y,서울특별시 강북구 삼양로124길 29-8 ,서울특별시 강북구 수유동 273-48,노인시설,73.78,25,2024-11-15,2025-03-15,Y,9:00:00,18:00:00,N,,,N,,,N,,,127.0167133,37.6460948,"2023. 11. 20. 개소, 12. 14. 한파쉼터 지정 및 운영",201474.9968,560719.0849,
474,수유2동 주민센터,Y,서울특별시 강북구 한천로 1117,서울특별시 강북구 수유동 730-1,주민센터,698,30,2024-11-15,2025-03-15,Y,9:00:00,18:00:00,N,,,N,,,N,,,127.019875,37.644617,,201754.0607,560555.1186,
475,수유2동경로당,Y,서울특별시 강북구 노해로23길 94,서울특별시 강북구 수유동 270-106,노인시설,108.53,30,2024-11-15,2025-03-15,Y,9:00:00,18:00:00,N,,,N,,,N,,,127.018826,37.646798,,201661.433,560797.1683,
476,강북구청,Y,서울특별시 강북구 도봉로89길 13,서울특별시 강북구 수유동 192-59,기타,200.5,20,2024-11-15,2025-03-15,Y,0:00:00,23:59:59,Y,0:00:00,23:59:59,Y,0:00:00,23:59:59,Y,0:00:00,23:59:59,127.0255727,37.639685,24시간 운영 응급대피소,202257.0583,560007.8392,
477,수유3동주민센터,Y,서울특별시 강북구 노해로 36,서울특별시 강북구 수유동 223-8,주민센터,191.2,30,2024-11-15,2025-03-15,Y,9:00:00,18:00:00,N,,,N,,,N,,,127.023136,37.638689,,202042.0213,559897.2376,
478,상산경로당,Y,서울특별시 강북구 노해로8길 23,서울특별시 강북구 수유동 224-4,노인시설,99,30,2024-11-15,2025-03-15,Y,9:00:00,18:00:00,N,,,N,,,N,,,127.0239151,37.6383065,,202110.7968,559854.8013,
479,수삼경로당,Y,서울특별시 강북구 삼양로98길 22,서울특별시 강북구 수유동 165-1,노인시설,127,30,2024-11-15,2025-03-15,Y,9:00:00,18:00:00,N,,,N,,,N,,,127.0184192,37.6386718,,201625.7092,559895.2364,
480,은모루경로당,Y,서울특별시 강북구 도봉로95길 38-1 ,서울특별시 강북구 수유동 172-211,노인시설,191,53,2024-11-15,2025-03-15,Y,9:00:00,18:00:00,N,,,N,,,N,,,127.0270318,37.6422337,,202385.7576,560290.7547,
481,우이동주민센터,Y,서울특별시 강북구 삼양로139길 49,서울특별시 강북구 수유동 568-100,주민센터,255.8,30,2024-11-15,2025-03-15,Y,9:00:00,18:00:00,N,,,N,,,N,,,127.011843,37.647866,,201045.154,560915.6046,
482,대우(아)경로당,Y,서울특별시 강북구 삼양로149길 33,서울특별시 강북구 우이동 342,노인시설,56,40,2024-11-15,2025-03-15,Y,9:00:00,18:00:00,N,,,N,,,N,,,127.011155,37.655339,,200984.3388,561745.0247,
483,백운경로당,Y,서울특별시 강북구 삼양로159길 9,서울특별시 강북구 우이동 267-6,노인시설,49,25,2024-11-15,2025-03-15,Y,9:00:00,18:00:00,N,,,N,,,N,,,127.0129502,37.6574242,,201142.7188,561976.4814,
484,우이경로당,Y,서울특별시 강북구 삼양로170길 23,서울특별시 강북구 우이동 1,노인시설,208,63,2024-11-15,2025-03-15,Y,9:00:00,18:00:00,N,,,N,,,N,,,127.013863,37.661865,,201223.1909,562469.3775,
485,삼각산경로당,Y,서울특별시 강북구 삼양로 515-21 ,서울특별시 강북구 수유동 279-155,노인시설,82,24,2024-11-15,2025-03-15,Y,9:00:00,18:00:00,N,,,N,,,N,,,127.013315,37.648824,,201175.0441,561021.9503,
486,소귓골경로당,Y,서울특별시 강북구 삼양로173가길 55,서울특별시 강북구 우이동 154-20,노인시설,66.92,20,2024-11-15,2025-03-15,Y,9:00:00,18:00:00,N,,,N,,,N,,,127.009657,37.661471,,200852.0823,562425.6008,
487,인수동 주민센터,Y,서울특별시 강북구 인수봉로 255,서울특별시 강북구 수유동 527-19,주민센터,70,30,2024-11-15,2025-03-15,Y,9:00:00,18:00:00,N,,,N,,,N,,,127.01058,37.641458,,200933.7735,560204.3689,
488,무너미 경로당,Y,서울특별시 강북구 인수봉로55가길 21,서울특별시 강북구 수유동 510-18,노인시설,182.94,20,2024-11-15,2025-03-15,Y,9:00:00,18:00:00,N,,,N,,,N,,,127.0099542,37.6358172,,200878.6078,559578.2925,
489,삼산 경로당,Y,서울특별시 강북구 인수봉로79길 62-4 ,서울특별시 강북구 수유동 540-48,노인시설,71.6,25,2024-11-15,2025-03-15,Y,9:00:00,18:00:00,N,,,N,,,N,,,127.008289,37.643277,,200731.5557,560406.2389,
490,인수 경로당,Y,서울특별시 강북구 인수봉로72길 15-12 ,서울특별시 강북구 수유동 554-41,노인시설,88.9,25,2024-11-15,2025-03-15,Y,9:00:00,18:00:00,N,,,N,,,N,,,127.012103,37.64275,,201068.1725,560347.7839,
491,한신 경로당,Y,서울특별시 강북구 인수봉로48길 5-6 ,서울특별시 강북구 수유동 455-37,노인시설,114.38,20,2024-11-15,2025-03-15,Y,9:00:00,18:00:00,N,,,N,,,N,,,127.01396,37.634314,,201232.2047,559411.498,
492,가오경로당,Y,서울특별시 강북구 삼양로111길 56,서울특별시 강북구 수유동 356-44,노인시설,94,40,2024-11-15,2025-03-15,Y,9:00:00,18:00:00,N,,,N,,,N,,,127.013406,37.641941,,201183.184,560258.0088,
493,극동(아)경로당,Y,서울특별시 강북구 인수봉로72길 4,서울특별시 강북구 수유동 553-61,노인시설,171,50,2024-11-15,2025-03-15,Y,9:00:00,18:00:00,N,,,N,,,N,,,127.012689,37.642143,,201119.9001,560280.42,
494,강북노인복지관(휴게실),Y,서울특별시 강북구 삼양로92길 40,서울특별시 강북구 수유동 122,복지회관,48.22,40,2024-11-15,2025-03-15,Y,9:00:00,18:00:00,N,,,N,,,N,,,127.018735,37.635661,1층 감로다실,201653.6489,559561.0744,
495,창동종합사회복지관,Y,서울특별시 도봉구 덕릉로 329,서울특별시 도봉구 창동 374,복지회관,355,80,2024-11-15,2025-03-15,Y,9:00:00,18:00:00,N,,,N,,,N,,,127.0455373,37.6448276,,204018.8661,560579.2827,
496,창1동 주민센터,Y,서울특별시 도봉구 해등로 46,서울특별시 도봉구 창동 347-5,주민센터,218,48,2024-11-15,2025-03-15,Y,9:00:00,18:00:00,N,,,N,,,N,,,127.0438153,37.6483916,,203866.7073,560974.778,
497,창2동 주민센터,Y,서울특별시 도봉구 덕릉로59길 73-3 ,서울특별시 도봉구 창동 632-73,주민센터,988,247,2024-11-15,2025-03-15,Y,9:00:00,18:00:00,N,,,N,,,N,,,127.0356792,37.6414117,,203148.9898,560199.7762,
498,장수 경로당,Y,서울특별시 도봉구 도봉로104길 101,서울특별시 도봉구 창동 623-41,노인시설,234,59,2024-11-15,2025-03-15,Y,13:00:00,17:00:00,N,,,N,,,N,,,127.0374763,37.6440198,평일 13시~17시 운영,203307.4834,560489.3104,
499,초안 경로당,Y,서울특별시 도봉구 덕릉로59차길 14,서울특별시 도봉구 창동 632-66,노인시설,147,30,2024-11-15,2025-03-15,Y,13:00:00,17:00:00,N,,,N,,,N,,,127.0357329,37.6412673,평일 13시~17시 운영,203153.7354,560183.7511,
500,창동어르신복지관,Y,,서울특별시 도봉구 창동 467-4,복지회관,"1,566.00",100,2024-11-15,2025-03-15,Y,9:00:00,18:00:00,N,,,N,,,N,,,127.0413734,37.6367172,,203651.7807,559678.9416,
501,초헌약수 경로당,Y,서울특별시 도봉구 덕릉로60바길 31,서울특별시 도봉구 창동 451-14,노인시설,169,40,2024-11-15,2025-03-15,Y,13:00:00,17:00:00,N,,,N,,,N,,,127.0415238,37.6393112,평일 13시~17시 운영,203664.9282,559966.8546,
502,창3동 주민센터,Y,서울특별시 도봉구 덕릉로62길 89,서울특별시 도봉구 창동 462-2,주민센터,470,150,2024-11-15,2025-03-15,Y,9:00:00,18:00:00,N,,,N,,,N,,,127.0429158,37.638092,,203787.8492,559831.5913,
503,창3동 경로당,Y,서울특별시 도봉구 우이천로4나길 24,서울특별시 도봉구 창동 521-17,노인시설,77,30,2024-11-15,2025-03-15,Y,13:00:00,17:00:00,N,,,N,,,N,,,127.0402309,37.6348231,평일 13시~17시 운영,203551.0292,559468.6724,
504,창4동 주민센터,Y,서울특별시 도봉구 노해로 390,서울특별시 도봉구 창동 33-1,주민센터,330,82,2024-11-15,2025-03-15,Y,9:00:00,18:00:00,N,,,N,,,N,,,127.0515364,37.652249,,204547.8605,561403.2567,
505,유만 경로당,Y,서울특별시 도봉구 노해로61길 22,서울특별시 도봉구 창동 700-63,노인시설,78,30,2024-11-15,2025-03-15,Y,13:00:00,17:00:00,N,,,N,,,N,,,127.03812,37.6524191,평일 13시~17시 운영,203363.9145,561421.5702,
506,창5동 주민센터,Y,서울특별시 도봉구 도봉로136나길 20,서울특별시 도봉구 창동 224-41,주민센터,365,200,2024-11-15,2025-03-15,Y,9:00:00,18:00:00,N,,,N,,,N,,,127.04364,37.6563328,,203850.827,561856.1639,
507,창5동 경로당,Y,서울특별시 도봉구 노해로63가길 34,서울특별시 도봉구 창동 254-17,노인시설,124,40,2024-11-15,2025-03-15,Y,13:00:00,17:00:00,N,,,N,,,N,,,127.0453486,37.6541179,평일 13시~17시 운영,204001.714,561610.4038,
508,도봉 럭스(야간 한파쉼터),Y,서울특별시 도봉구 도봉로 739,서울특별시 도봉구 도봉동 620-30,기타,330,10,2024-12-01,2025-02-28,Y,18:00:00,23:59:59,Y,18:00:00,23:59:59,Y,18:00:00,23:59:59,Y,18:00:00,23:59:59,127.0433906,37.6705226,"민관 업무협약을 통한 야간 한파쉼터로 한파 특보시에만 운영 당일 18시 입실, 익일 12시 퇴실",203828.091,563431.0814,
509,도봉산 경로당,Y,서울특별시 도봉구 도봉산4길 28-3 ,서울특별시 도봉구 도봉동 286-1,노인시설,132,40,2024-11-15,2025-03-15,Y,13:00:00,17:00:00,N,,,N,,,N,,,127.0427871,37.6889061,평일 13시~17시 운영,203773.9164,565471.4495,
510,서원 경로당,Y,서울특별시 도봉구 도봉로181길 34-7 ,서울특별시 도봉구 도봉동 568-44,노인시설,166,50,2024-11-15,2025-03-15,Y,13:00:00,17:00:00,N,,,N,,,N,,,127.0441927,37.6846364,평일 13시~17시 운영,203898.1169,564997.6106,
511,도봉동 어르신복지관,Y,서울특별시 도봉구 도봉로169가길 52,서울특별시 도봉구 도봉동 580-5,복지회관,"1,125.00",100,2024-11-15,2025-03-15,Y,9:00:00,18:00:00,N,,,N,,,N,,,127.0436106,37.6821275,,203846.901,564719.1225,
512,성황당 경로당,Y,서울특별시 도봉구 도봉로165길 28-8 ,서울특별시 도봉구 도봉동 597-39,노인시설,114,50,2024-11-15,2025-03-15,Y,13:00:00,17:00:00,N,,,N,,,N,,,127.0434308,37.6774923,평일 13시~17시 운영,203831.2792,564204.6523,
513,오봉 경로당,Y,서울특별시 도봉구 도봉로157길 35-4 ,서울특별시 도봉구 도봉동 605-8,노인시설,73,60,2024-11-15,2025-03-15,Y,13:00:00,17:00:00,N,,,N,,,N,,,127.0418677,37.6733716,평일 13시~17시 운영,203693.5935,563747.2316,
514,도봉1동 주민센터,Y,서울특별시 도봉구 도봉로169나길 22,서울특별시 도봉구 도봉동 593-69,주민센터,"1,329.00",150,2024-11-15,2025-03-15,Y,9:00:00,18:00:00,N,,,N,,,N,,,127.0434201,37.6787002,,203830.2732,564338.7172,
515,도봉2동 주민센터,Y,서울특별시 도봉구 마들로 668,서울특별시 도봉구 도봉동 636-9,주민센터,118,33,2024-11-15,2025-03-15,Y,9:00:00,18:00:00,N,,,N,,,N,,,127.0465365,37.6697776,,204105.6758,563348.5268,
516,도봉 경로당,Y,서울특별시 도봉구 도봉로162길 12-9 ,서울특별시 도봉구 도봉동 625-109,노인시설,109,70,2024-11-15,2025-03-15,Y,13:00:00,17:00:00,N,,,N,,,N,,,127.0456463,37.6745563,평일 13시~17시 운영,204026.8798,563878.8774,
517,도봉서원종합사회복지관,Y,서울특별시 도봉구 마들로 668,서울특별시 도봉구 도봉동 636-9,복지회관,"3,582.00",200,2024-11-15,2025-03-15,Y,9:00:00,18:00:00,N,,,N,,,N,,,127.0465185,37.6697378,,204104.0899,563344.1086,
518,한신A 경로당,Y,서울특별시 도봉구 마들로 859-19 ,서울특별시 도봉구 도봉동 30-1,노인시설,310,100,2024-11-15,2025-03-15,Y,13:00:00,17:00:00,N,,,N,,,N,,,127.0474756,37.6852807,평일 13시~17시 운영,204187.6563,565069.2635,
519,쌍문1동 주민센터,Y,서울특별시 도봉구 노해로 147,서울특별시 도봉구 쌍문동 378-45,주민센터,"1,329.00",150,2024-11-15,2025-03-15,Y,9:00:00,18:00:00,N,,,N,,,N,,,127.026034,37.6479934,,202297.5169,560929.9976,
520,쌍문1동 경로당,Y,,서울특별시 도봉구 쌍문동 448-3,노인시설,82,30,2024-11-15,2025-03-15,Y,13:00:00,17:00:00,N,,,N,,,N,,,127.0228127,37.6499557,평일 13시~17시 운영,202013.1822,561147.719,
521,쌍우 경로당,Y,서울특별시 도봉구 우이천로45길 22-4 ,서울특별시 도봉구 쌍문동 497-10,노인시설,145,40,2024-11-15,2025-03-15,Y,13:00:00,17:00:00,N,,,N,,,N,,,127.0149511,37.6545044,평일 13시~17시 운영,201319.3288,561652.4391,
522,쌍문동 어르신복지관,Y,서울특별시 도봉구 우이천로 363,서울특별시 도봉구 쌍문동 361-8,복지회관,"1,145.00",100,2024-11-15,2025-03-15,Y,9:00:00,18:00:00,N,,,N,,,N,,,127.0237997,37.6482461,,202100.3314,560957.9924,
523,쌍문2동 주민센터,Y,서울특별시 도봉구 도봉로137길 21,서울특별시 도봉구 쌍문동 713-31,주민센터,100,14,2024-11-15,2025-03-15,Y,9:00:00,18:00:00,N,,,N,,,N,,,127.0397685,37.6599555,,203509.0323,562258.0956,
524,쌍문2동 경로당,Y,서울특별시 도봉구 방학로3가길 7-3 ,서울특별시 도봉구 쌍문동 23-1,노인시설,164,60,2024-11-15,2025-03-15,Y,13:00:00,17:00:00,N,,,N,,,N,,,127.0382,37.658518,평일 13시~17시 운영,203370.6984,562098.4898,
525,삼익A 경로당,Y,서울특별시 도봉구 해등로 195,서울특별시 도봉구 쌍문동 56,노인시설,185,50,2024-11-15,2025-03-15,Y,13:00:00,17:00:00,N,,,N,,,N,,,127.0344923,37.6576474,평일 13시~17시 운영,203043.5732,562001.7351,
526,백운 경로당,Y,서울특별시 도봉구 노해로57길 62,서울특별시 도봉구 쌍문동 81-370,노인시설,191,40,2024-11-15,2025-03-15,Y,13:00:00,17:00:00,N,,,N,,,N,,,127.034601,37.6537994,평일 13시~17시 운영,203053.3224,561574.6492,
527,쌍문3동구립경로당,Y,서울특별시 도봉구 노해로48길 67-6 ,서울특별시 도봉구 쌍문동 138-40,노인시설,99,43,2024-11-15,2025-03-15,Y,10:00:00,17:00:00,N,,,N,,,N,,,127.0322288,37.6504917,,202844.1167,561207.4533,
528,인터넷모텔(야간 한파쉼터),Y,서울특별시 도봉구 우이천로24길 65,서울특별시 도봉구 쌍문동 103-185,기타,330,10,2024-12-01,2025-02-28,Y,18:00:00,23:59:59,Y,18:00:00,23:59:59,Y,18:00:00,23:59:59,Y,18:00:00,23:59:59,127.0320904,37.6462158,"민관 업무협약을 통한 야간 한파쉼터로 한파 특보시에만 운영 당일 18시 입실, 익일 12시 퇴실",202832.0656,560732.8677,
529,효문 경로당,Y,서울특별시 도봉구 노해로42길 60-3 ,서울특별시 도봉구 쌍문동 315-257,노인시설,165,40,2024-11-15,2025-03-15,Y,13:00:00,17:00:00,N,,,N,,,N,,,127.0299098,37.6486687,평일 13시~17시 운영,202639.5349,561005.051,
530,쌍문3동 주민센터,Y,서울특별시 도봉구 노해로44길 9,서울특별시 도봉구 쌍문동 327,주민센터,470,150,2024-11-15,2025-03-15,Y,9:00:00,18:00:00,N,,,N,,,N,,,127.0279706,37.6489915,,202468.3901,561040.8258,
531,쌍문4동 주민센터,Y,서울특별시 도봉구 시루봉로 62-7 ,서울특별시 도봉구 쌍문동 59-7,주민센터,218,55,2024-11-15,2025-03-15,Y,9:00:00,18:00:00,N,,,N,,,N,,,127.0284668,37.6565048,,202511.9264,561874.7395,
532,도봉구청 응급대피소,Y,서울특별시 도봉구 마들로 656,서울특별시 도봉구 방학동 720,기타,20,10,2025-01-24,2025-03-15,Y,0:00:00,23:59:59,Y,0:00:00,23:59:59,Y,0:00:00,23:59:59,Y,0:00:00,23:59:59,127.0470572,37.6685142,한파특보 발령시부터 해제시까지 24시간 운영,204151.6849,563208.3246,
533,도봉구청,Y,서울특별시 도봉구 마들로 656,서울특별시 도봉구 방학동 720,기타,919.71,100,2025-01-24,2025-03-15,Y,9:00:00,18:00:00,Y,9:00:00,18:00:00,Y,9:00:00,18:00:00,Y,9:00:00,18:00:00,127.0471269,37.6687265,한파특보 발효시 21:00까지 연장운영,204157.8224,563231.8909,
534,모텔세화(야간 한파쉼터),Y,서울특별시 도봉구 방학로6길 17,서울특별시 도봉구 방학동 694-8,기타,330,10,2024-12-01,2025-02-28,Y,18:00:00,23:59:59,Y,18:00:00,23:59:59,Y,18:00:00,23:59:59,Y,18:00:00,23:59:59,127.0368943,37.6637539,"민관 업무협약을 통한 야간 한파쉼터로 한파 특보시에만 운영 당일 18시 입실, 익일 12시 퇴실",203255.2572,562679.5767,
535,윗들 경로당,Y,서울특별시 도봉구 도봉로150마길 37,서울특별시 도봉구 방학동 717-1,노인시설,86,40,2024-11-15,2025-03-15,Y,13:00:00,17:00:00,N,,,N,,,N,,,127.0448953,37.6677711,평일 13시~17시 운영,203960.9878,563125.7543,
536,방학1동 주민센터,Y,서울특별시 도봉구 방학로2길 27,서울특별시 도봉구 방학동 687-27,주민센터,968,150,2024-11-15,2025-03-15,Y,9:00:00,18:00:00,N,,,N,,,N,,,127.0406735,37.6642465,,203588.6798,562734.3883,
537,방학1동 경로당,Y,서울특별시 도봉구 방학로 130-9 ,서울특별시 도봉구 방학동 690-82,노인시설,231,90,2024-11-15,2025-03-15,Y,13:00:00,17:00:00,N,,,N,,,N,,,127.0375997,37.663376,평일 13시~17시 운영,203317.5128,562637.6582,
538,방아골종합사회복지관,Y,서울특별시 도봉구 시루봉로17길 42,서울특별시 도봉구 방학동 396-19,복지회관,"3,217.00",200,2024-11-15,2025-03-15,Y,9:00:00,18:00:00,N,,,N,,,N,,,127.0326966,37.6693592,,202884.6688,563301.5725,
539,청학 경로당,Y,서울특별시 도봉구 도당로13라길 104-4 ,서울특별시 도봉구 방학동 644-19,노인시설,175,60,2024-11-15,2025-03-15,Y,13:00:00,17:00:00,N,,,N,,,N,,,127.0389837,37.6691214,평일 13시~17시 운영,203439.3614,563275.3911,
540,신우 경로당,Y,서울특별시 도봉구 도당로13다길 39,서울특별시 도봉구 방학동 317-10,노인시설,185,30,2024-11-15,2025-03-15,Y,13:00:00,17:00:00,N,,,N,,,N,,,127.0326912,37.6652827,평일 13시~17시 운영,202884.3502,562849.1208,
541,방학동 어르신복지관,Y,서울특별시 도봉구 시루봉로15라길 59-9 ,서울특별시 도봉구 방학동 393-5,복지회관,688,100,2024-11-15,2025-03-15,Y,9:00:00,18:00:00,N,,,N,,,N,,,127.0322084,37.6705863,,202841.5504,563437.7537,
542,방학2동 경로당,Y,서울특별시 도봉구 시루봉로17길 64,서울특별시 도봉구 방학동 398-15,노인시설,188,30,2024-11-15,2025-03-15,Y,13:00:00,17:00:00,N,,,N,,,N,,,127.0314172,37.6693634,평일 13시~17시 운영,202771.7932,563302.0001,
543,방학2동 주민센터,Y,서울특별시 도봉구 시루봉로 226,서울특별시 도봉구 방학동 621-2,주민센터,"1,378.00",150,2024-11-15,2025-03-15,Y,9:00:00,18:00:00,N,,,N,,,N,,,127.0350462,37.668219,,203092.0104,563175.0963,
544,송학 경로당,Y,서울특별시 도봉구 도당로13라길 14-3 ,서울특별시 도봉구 방학동 635-13,노인시설,142,30,2024-11-15,2025-03-15,Y,13:00:00,17:00:00,N,,,N,,,N,,,127.0351267,37.6668623,평일 13시~17시 운영,203099.1691,563024.5186,
545,성삼경로당,Y,서울특별시 도봉구 도당로15길 36,서울특별시 도봉구 방학동 636,노인시설,36,9,2024-11-15,2025-03-15,Y,13:00:00,17:00:00,N,,,N,,,N,,,127.036087,37.66703,평일 13시~17시 운영,203183.8876,563043.1638,
546,방학3동 주민센터,Y,서울특별시 도봉구 시루봉로 94,서울특별시 도봉구 방학동 273,주민센터,"1,573.00",150,2024-11-15,2025-03-15,Y,9:00:00,18:00:00,N,,,N,,,N,,,127.0279437,37.6591803,,202465.6793,562171.6794,
547,원당 경로당,Y,서울특별시 도봉구 해등로32가길 16,서울특별시 도봉구 방학동 547,노인시설,200,50,2024-11-15,2025-03-15,Y,13:00:00,17:00:00,N,,,N,,,N,,,127.022242,37.660252,평일 13시~17시 운영,201962.5479,562290.4928,
548,세심천 경로당,Y,서울특별시 도봉구 시루봉로 65-59 ,서울특별시 도봉구 방학동 산 90-14,노인시설,54,14,2024-11-15,2025-03-15,Y,13:00:00,17:00:00,N,,,N,,,N,,,127.0244783,37.6565154,평일 13시~17시 운영,202159.9786,561875.8166,
549,장은하이빌아파트 경로당,Y,서울특별시 노원구 석계로13길 6-9 ,서울특별시 노원구 월계동 931,노인시설,36,26,2024-11-15,2025-03-15,Y,9:00:00,18:00:00,N,,,N,,,N,,,127.0617878,37.6206392,,205454.8118,557895.4433,
550,세양청마루아파트경로당,Y,서울특별시 노원구 광운로 20,서울특별시 노원구 월계동 943,노인시설,72,31,2024-11-15,2025-03-15,Y,9:00:00,18:00:00,N,,,N,,,N,,,127.0606613,37.6206477,,205355.3604,557896.3219,
551,월계1동주민센터,Y,서울특별시 노원구 석계로 59,서울특별시 노원구 월계동 928,주민센터,261.75,20,2024-11-15,2025-03-15,Y,9:00:00,18:00:00,N,,,N,,,N,,,127.0629734,37.6198913,,205559.5358,557812.504,
552,광운경로당,Y,서울특별시 노원구 광운로19가길 53,서울특별시 노원구 월계동 376-31,노인시설,56,23,2024-11-15,2025-03-15,Y,9:00:00,18:00:00,N,,,N,,,N,,,127.0591271,37.6252768,,205219.593,558410.0163,
553,벼루마을경로당,Y,서울특별시 노원구 월계로44길 62,서울특별시 노원구 월계동 534-156,노인시설,125,25,2024-11-15,2025-03-15,Y,9:00:00,18:00:00,N,,,N,,,N,,,127.0525235,37.6225767,,204636.8113,558109.9872,
554,월성경로당,Y,서울특별시 노원구 광운로13길 9,서울특별시 노원구 월계동 393-13,노인시설,128,44,2024-11-15,2025-03-15,Y,9:00:00,18:00:00,N,,,N,,,N,,,127.0587409,37.6212999,,205185.7764,557968.6013,
555,선곡경로당,Y,서울특별시 노원구 광운로2길 15-6 ,서울특별시 노원구 월계동 472-8,노인시설,23,27,2024-11-15,2025-03-15,Y,9:00:00,18:00:00,N,,,N,,,N,,,127.0582983,37.6176181,,205146.9565,557559.9365,
556,연촌경로당,Y,서울특별시 노원구 광운로15길 35-2 ,서울특별시 노원구 월계동 500-30,노인시설,52,27,2024-11-15,2025-03-15,Y,9:00:00,18:00:00,N,,,N,,,N,,,127.0571986,37.6213594,,205049.6148,557975.1211,
557,청백1단지경로당,Y,서울특별시 노원구 초안산로 89,서울특별시 노원구 월계동 774,노인시설,165,56,2024-11-15,2025-03-15,Y,9:00:00,18:00:00,N,,,N,,,N,,,127.051692,37.6356281,,204562.608,559558.5145,
558,월계종합복지관경로당,Y,서울특별시 노원구 월계로 325,서울특별시 노원구 월계동 556,노인시설,323,49,2024-11-15,2025-03-15,Y,9:00:00,18:00:00,N,,,N,,,N,,,127.0521212,37.6286269,,204600.923,558781.4755,
559,월계2동주민센터,Y,서울특별시 노원구 초안산로5길 28,서울특별시 노원구 월계동 777,주민센터,465,20,2024-11-15,2025-03-15,Y,9:00:00,18:00:00,N,,,N,,,N,,,127.0507586,37.6324674,,204480.4109,559207.6648,
560,인덕마을 경로당,Y,서울특별시 노원구 초안산로2길 94-14 ,서울특별시 노원구 월계동 272-62,노인시설,49,27,2024-11-15,2025-03-15,Y,9:00:00,18:00:00,N,,,N,,,N,,,127.0580515,37.6324101,,205124.1519,559201.6783,
561,사슴1단지경로당,Y,서울특별시 노원구 월계로 372,서울특별시 노원구 월계동 321,노인시설,138,78,2024-11-15,2025-03-15,Y,9:00:00,18:00:00,N,,,N,,,N,,,127.0599747,37.6301053,,205294.0745,558945.9764,
562,사슴2단지경로당,Y,서울특별시 노원구 월계로55길 16,서울특별시 노원구 월계동 320-9,노인시설,149,60,2024-11-15,2025-03-15,Y,9:00:00,18:00:00,N,,,N,,,N,,,127.0607686,37.6322465,,205363.9996,559183.6723,
563,월계우남아파트경로당,Y,서울특별시 노원구 화랑로 355,서울특별시 노원구 월계동 930,노인시설,70,20,2024-11-15,2025-03-15,Y,9:00:00,18:00:00,N,,,N,,,N,,,127.0671201,37.6159226,,205925.9376,557372.2745,
564,건양노블레스아파트경로당,Y,서울특별시 노원구 화랑로45길 42-18 ,서울특별시 노원구 월계동 938,노인시설,83,25,2024-11-15,2025-03-15,Y,9:00:00,18:00:00,N,,,N,,,N,,,127.066471,37.6172994,,205868.5213,557525.0438,
565,월계3동주민센터,Y,서울특별시 노원구 마들로 55,서울특별시 노원구 월계동 15-1,주민센터,184,20,2024-11-15,2025-03-15,Y,9:00:00,18:00:00,N,,,N,,,N,,,127.0692873,37.6209663,,206116.8634,557932.2102,
566,공릉1단지아파트경로당,Y,서울특별시 노원구 동일로 1127,서울특별시 노원구 공릉동 708,노인시설,216,137,2024-11-15,2025-03-15,Y,9:00:00,18:00:00,N,,,N,,,N,,,127.0698881,37.6307171,,206169.0977,559014.4853,
567,공릉1동경로당,Y,서울특별시 노원구 동일로179길 22,서울특별시 노원구 공릉동 569-21,노인시설,108,28,2024-11-15,2025-03-15,Y,9:00:00,18:00:00,N,,,N,,,N,,,127.07286,37.6219861,,206432.1828,558045.636,
568,공릉1동현대아파트경로당,Y,서울특별시 노원구 동일로176길 39-12 ,서울특별시 노원구 공릉동 590-1,노인시설,48,27,2024-11-15,2025-03-15,Y,9:00:00,18:00:00,N,,,N,,,N,,,127.0772159,37.6211533,,206816.8039,557953.5115,
569,공릉행복경로당,Y,서울특별시 노원구 동일로192나길 16-15 ,서울특별시 노원구 공릉동 370-15,노인시설,116,41,2024-11-15,2025-03-15,Y,9:00:00,18:00:00,N,,,N,,,N,,,127.0755824,37.6278387,,206671.997,558695.4027,
570,신도2차브래뉴아파트경로당,Y,서울특별시 노원구 동일로193길 7,서울특별시 노원구 공릉동 749,노인시설,49,22,2024-11-15,2025-03-15,Y,9:00:00,18:00:00,N,,,N,,,N,,,127.071889,37.6258504,,206346.1331,558474.4662,
571,공릉1동주민센터,Y,서울특별시 노원구 동일로186길 3-24 ,서울특별시 노원구 공릉동 499-25,주민센터,537,20,2024-11-15,2025-03-15,Y,9:00:00,18:00:00,N,,,N,,,N,,,127.073839,37.6247924,,206518.3653,558357.1731,
572,한마음경로당,Y,서울특별시 노원구 동일로178길 25-5 ,서울특별시 노원구 공릉동 584-19,노인시설,134.85,23,2024-11-15,2025-03-15,Y,9:00:00,18:00:00,N,,,N,,,N,,,127.0759311,37.6216313,,206703.3357,558006.4719,
573,공덕경로당,Y,서울특별시 노원구 동일로184길 33,서울특별시 노원구 공릉동 513-54,노인시설,134,36,2024-11-15,2025-03-15,Y,9:00:00,18:00:00,N,,,N,,,N,,,127.075392,37.6243485,,206655.5007,558308.0139,
574,공릉1동대아아파트경로당,Y,서울특별시 노원구 공릉로 157,서울특별시 노원구 공릉동 740,노인시설,31,30,2024-11-15,2025-03-15,Y,9:00:00,18:00:00,N,,,N,,,N,,,127.0790318,37.6239448,,206976.855,558263.4718,
575,공노회경로당,Y,서울특별시 노원구 공릉로32길 35-2 ,서울특별시 노원구 공릉동 240-201,노인시설,89,22,2024-11-15,2025-03-15,Y,9:00:00,18:00:00,N,,,N,,,N,,,127.0812151,37.6221051,,207169.7714,558059.4492,
576,공릉2동경로당,Y,서울특별시 노원구 공릉로 129,서울특별시 노원구 공릉동 334-6,노인시설,59,34,2024-11-15,2025-03-15,Y,9:00:00,18:00:00,N,,,N,,,N,,,127.0789781,37.6217503,,206972.3194,558019.9016,
577,공릉경로당,Y,서울특별시 노원구 공릉로 169-9 ,서울특별시 노원구 공릉동 415-36,노인시설,50,22,2024-11-15,2025-03-15,Y,9:00:00,18:00:00,N,,,N,,,N,,,127.0791498,37.6252534,,206987.1494,558408.7213,
578,공릉아파트경로당,Y,서울특별시 노원구 화랑로51길 81,서울특별시 노원구 공릉동 110,노인시설,162,38,2024-11-15,2025-03-15,Y,9:00:00,18:00:00,N,,,N,,,N,,,127.0878482,37.6251387,,207755.0348,558396.674,
579,공릉2동주민센터,Y,서울특별시 노원구 노원로1길 68,서울특별시 노원구 공릉동 87-7,주민센터,554.67,20,2024-11-15,2025-03-15,Y,9:00:00,18:00:00,N,,,N,,,N,,,127.083385,37.6212893,,207361.4134,557969.072,
580,에너지제로주택경로당,Y,서울특별시 노원구 한글비석로 97,서울특별시 노원구 하계동 251-9,노인시설,58.59,24,2024-11-15,2025-03-15,Y,9:00:00,18:00:00,N,,,N,,,N,,,127.0730606,37.6382587,,206448.4859,559851.7377,
581,하계경로당,Y,서울특별시 노원구 공릉로58마길 7,서울특별시 노원구 하계동 65-41,노인시설,167,53,2024-11-15,2025-03-15,Y,9:00:00,18:00:00,N,,,N,,,N,,,127.0765936,37.63679,,206760.4492,559688.9759,
582,중계9단지아파트경로당,Y,서울특별시 노원구 노원로16길 15,서울특별시 노원구 하계동 256,노인시설,277,69,2024-11-15,2025-03-15,Y,9:00:00,18:00:00,N,,,N,,,N,,,127.0736647,37.6424758,,206501.4376,560319.8341,
583,하계1동주민센터,Y,서울특별시 노원구 노원로 261,서울특별시 노원구 하계동 251-2,주민센터,268,20,2024-11-15,2025-03-15,Y,9:00:00,18:00:00,N,,,N,,,N,,,127.0725918,37.6405685,,206406.9103,560108.0696,
584,하계5단지경로당,Y,서울특별시 노원구 섬밭로 201,서울특별시 노원구 하계동 272,노인시설,107,147,2024-11-15,2025-03-15,Y,9:00:00,18:00:00,N,,,N,,,N,,,127.0655859,37.633436,,205789.1269,559315.9806,
585,학여울청구B단지아파트경로당,Y,서울특별시 노원구 동일로207길 186,서울특별시 노원구 하계동 356,노인시설,73,24,2024-11-15,2025-03-15,Y,9:00:00,18:00:00,N,,,N,,,N,,,127.0643896,37.6328668,,205683.5754,559252.7323,
586,하계2동주민센터,Y,서울특별시 노원구 공릉로55길 88,서울특별시 노원구 하계동 273-2,주민센터,237.59,20,2024-11-15,2025-03-15,Y,9:00:00,18:00:00,N,,,N,,,N,,,127.0679435,37.6319895,,205997.3435,559155.5823,
587,학여울청구117동경로당,Y,서울특별시 노원구 동일로207길 186,서울특별시 노원구 하계동 356,노인시설,64,20,2024-11-15,2025-03-15,Y,9:00:00,18:00:00,N,,,N,,,N,,,127.0646417,37.6323655,,205705.8662,559197.1085,
588,천보경로당,Y,서울특별시 노원구 중계로14길 39-4 ,서울특별시 노원구 중계동 93-32,노인시설,259,33,2024-12-23,2025-03-15,Y,9:00:00,18:00:00,N,,,N,,,N,,,127.0822129,37.6502573,,207255.1207,561184.1282,
589,은행경로당,Y,서울특별시 노원구 중계로8길 124,서울특별시 노원구 중계동 68-5,노인시설,50,44,2024-11-15,2025-03-15,Y,9:00:00,18:00:00,N,,,N,,,N,,,127.0835754,37.6482716,,207375.5549,560963.8418,
590,현대2차아파트경로당,Y,서울특별시 노원구 중계로8길 103,서울특별시 노원구 중계동 578,노인시설,68,23,2024-11-15,2025-03-15,Y,9:00:00,18:00:00,N,,,N,,,N,,,127.0846671,37.6478278,,207471.9423,560914.671,
591,중계본동주민센터,Y,서울특별시 노원구 중계로 143,서울특별시 노원구 중계동 363-4,주민센터,266,20,2024-11-15,2025-03-15,Y,9:00:00,18:00:00,N,,,N,,,N,,,127.080346,37.6477704,,207090.607,560907.9647,
592,편백경로당,Y,서울특별시 노원구 중계로16길 36-1 ,서울특별시 노원구 중계동 107-54,노인시설,40,15,2024-11-15,2025-03-15,Y,9:00:00,18:00:00,N,,,N,,,N,,,127.0823416,37.6509474,,207266.411,561260.7323,
593,양지대림2차209동경로당,Y,서울특별시 노원구 덕릉로77길 27,서울특별시 노원구 중계동 588-1,노인시설,117,20,2024-11-15,2025-03-15,Y,9:00:00,18:00:00,N,,,N,,,N,,,127.0727929,37.6547508,,206423.4377,561682.1746,
594,"양지대림1차106,107동경",Y,서울특별시 노원구 덕릉로73길 31,서울특별시 노원구 중계동 587-1,노인시설,91,28,2024-11-15,2025-03-15,Y,9:00:00,18:00:00,N,,,N,,,N,,,127.0717013,37.6521091,,206327.3362,561388.8982,
595,중계1동주민센터,Y,서울특별시 노원구 한글비석로 279,서울특별시 노원구 중계동 359-5,주민센터,266,20,2024-11-15,2025-03-15,Y,9:00:00,18:00:00,N,,,N,,,N,,,127.077519,37.6525911,,206840.6795,561442.8038,
596,한우리경로당,Y,서울특별시 노원구 덕릉로92길 13-11 ,서울특별시 노원구 중계동 133-27,노인시설,129,18,2024-11-15,2025-03-15,Y,9:00:00,18:00:00,N,,,N,,,N,,,127.0767412,37.660586,,206771.3162,562330.1014,
597,중계사회복지관경로당,Y,서울특별시 노원구 덕릉로 662,서울특별시 노원구 중계동 358,노인시설,155,91,2024-11-15,2025-03-15,Y,9:00:00,18:00:00,N,,,N,,,N,,,127.0763254,37.6567808,,206734.9715,561907.7321,
598,건영아파트경로당,Y,서울특별시 노원구 덕릉로 718,서울특별시 노원구 중계동 586,노인시설,38,41,2024-11-15,2025-03-15,Y,9:00:00,18:00:00,N,,,N,,,N,,,127.076025,37.6614226,,206708.0465,562422.9042,
599,대호프라자경로당,Y,서울특별시 노원구 한글비석로 384,서울특별시 노원구 중계동 591,노인시설,76,40,2024-11-15,2025-03-15,Y,9:00:00,18:00:00,N,,,N,,,N,,,127.0729646,37.6597791,,206438.1548,562240.2775,
600,중계4동주민센터,Y,서울특별시 노원구 덕릉로82길 50,서울특별시 노원구 중계동 369-2,주민센터,334,20,2024-11-15,2025-03-15,Y,9:00:00,18:00:00,N,,,N,,,N,,,127.0779642,37.6588108,,206879.3924,562133.1608,
601,마들사회복지관경로당,Y,서울특별시 노원구 동일로210길 22,서울특별시 노원구 중계동 515-3,노인시설,141,33,2024-11-15,2025-03-15,Y,9:00:00,18:00:00,N,,,N,,,N,,,127.0651031,37.6471312,,205745.4564,560835.9771,
602,평화사회복지관경로당,Y,서울특별시 노원구 노원로 331,서울특별시 노원구 중계동 514-3,노인시설,111,100,2024-11-15,2025-03-15,Y,9:00:00,18:00:00,N,,,N,,,N,,,127.0691156,37.6464856,,206099.619,560764.5754,
603,"중계2,3동주민센터",Y,서울특별시 노원구 노원로17길 56,서울특별시 노원구 중계동 511-1,주민센터,395,20,2024-11-15,2025-03-15,Y,9:00:00,18:00:00,N,,,N,,,N,,,127.0687455,37.6420765,,206067.3154,560275.1864,
604,중계4단지목화아파트경로당,Y,서울특별시 노원구 노원로 311,서울특별시 노원구 중계동 511-2,노인시설,252,83,2024-11-15,2025-03-15,Y,9:00:00,18:00:00,N,,,N,,,N,,,127.0698023,37.6432999,,206160.485,560411.0401,
605,상계수락경로당,Y,서울특별시 노원구 동일로242라길 20,서울특별시 노원구 상계동 1116-64,노인시설,43.35,31,2024-11-15,2025-03-15,Y,9:00:00,18:00:00,N,,,N,,,N,,,127.0576465,37.6759299,,205085.4341,564031.917,
606,우림루미아트경로당,Y,서울특별시 노원구 동일로238길 33,서울특별시 노원구 상계동 1307,노인시설,55,30,2024-11-15,2025-03-15,Y,9:00:00,18:00:00,N,,,N,,,N,,,127.0570832,37.6745903,,205035.8317,563883.2039,
607,은빛3단지어르신방경로당,Y,서울특별시 노원구 동일로250길 17,서울특별시 노원구 상계동 1264,노인시설,109,67,2024-11-15,2025-03-15,Y,9:00:00,18:00:00,N,,,N,,,N,,,127.0566809,37.6828099,,204999.7895,564795.4793,
608,북현경로당,Y,서울특별시 노원구 동일로237바길 17,서울특별시 노원구 상계동 1273,노인시설,25,20,2024-11-15,2025-03-15,Y,9:00:00,18:00:00,N,,,N,,,N,,,127.0504716,37.6744311,,204452.5714,563865.1997,
609,봉산경로당,Y,서울특별시 노원구 동일로242가길 26-23 ,서울특별시 노원구 상계동 1117-10,노인시설,31,30,2024-11-15,2025-03-15,Y,9:00:00,18:00:00,N,,,N,,,N,,,127.0563617,37.6768639,,204972.0298,564135.5131,
610,상계1동현대4차아파트경로당,Y,서울특별시 노원구 동일로231다길 23,서울특별시 노원구 상계동 1271,노인시설,43,21,2024-11-15,2025-03-15,Y,9:00:00,18:00:00,N,,,N,,,N,,,127.0508525,37.6731573,,204486.2508,563723.8384,
611,상계1동주민센터,Y,서울특별시 노원구 동일로 1697,서울특별시 노원구 상계동 1259,주민센터,338,20,2024-11-15,2025-03-15,Y,9:00:00,18:00:00,N,,,N,,,N,,,127.0548999,37.6798826,,204842.8788,564470.4833,
612,계산경로당,Y,서울특별시 노원구 동일로230가길 15,서울특별시 노원구 상계동 1295,노인시설,266,43,2024-11-15,2025-03-15,Y,9:00:00,18:00:00,N,,,N,,,N,,,127.0568097,37.6719026,,205011.8845,563584.8806,
613,상일경로당,Y,서울특별시 노원구 동일로237가길 10,서울특별시 노원구 상계동 1049-104,노인시설,142,37,2024-11-15,2025-03-15,Y,9:00:00,18:00:00,N,,,N,,,N,,,127.0545298,37.6743292,,204810.5897,563854.0903,
614,청솔경로당,Y,서울특별시 노원구 노원로30길 73,서울특별시 노원구 상계동 181-14,노인시설,120,26,2024-11-15,2025-03-15,Y,9:00:00,18:00:00,N,,,N,,,N,,,127.070725,37.6561268,,206240.8456,561834.7572,
615,노원우성아파트경로당,Y,서울특별시 노원구 상계로7길 18,서울특별시 노원구 상계동 1251,노인시설,36,34,2024-11-15,2025-03-15,Y,9:00:00,18:00:00,N,,,N,,,N,,,127.0652425,37.6579402,,205756.9242,562035.6758,
616,불암경로당,Y,서울특별시 노원구 한글비석로47길 99-3 ,서울특별시 노원구 상계동 404-7,노인시설,329,22,2024-11-15,2025-03-15,Y,9:00:00,18:00:00,N,,,N,,,N,,,127.0660526,37.6596453,,205828.2732,562224.975,
617,원터경로당,Y,서울특별시 노원구 상계로10길 24-7 ,서울특별시 노원구 상계동 330-27,노인시설,263,36,2024-11-15,2025-03-15,Y,9:00:00,18:00:00,N,,,N,,,N,,,127.06745,37.6562818,,205951.8439,561851.7478,
618,상계2동주민센터,Y,서울특별시 노원구 상계로 118,서울특별시 노원구 상계동 385-1,주민센터,386.06,20,2024-11-15,2025-03-15,Y,9:00:00,18:00:00,N,,,N,,,N,,,127.0678196,37.6575021,,205984.3597,561987.2124,
619,수암경로당,Y,서울특별시 노원구 덕릉로115가길 21,서울특별시 노원구 상계동 101-187,노인시설,95,35,2024-11-15,2025-03-15,Y,9:00:00,18:00:00,N,,,N,,,N,,,127.0785275,37.667597,,206928.2801,563108.3839,
620,상계불암대림아파트207동경로,Y,서울특별시 노원구 덕릉로94가길 41,서울특별시 노원구 상계동 1290,노인시설,85,22,2024-11-15,2025-03-15,Y,9:00:00,18:00:00,N,,,N,,,N,,,127.0779669,37.6639493,,206879.1564,562703.4837,
621,동아불암106동경로당,Y,서울특별시 노원구 덕릉로112길 13,서울특별시 노원구 상계동 1286,노인시설,113,34,2024-11-15,2025-03-15,Y,9:00:00,18:00:00,N,,,N,,,N,,,127.0785141,37.6663783,,206927.2111,562973.1191,
622,불암현대아파트106동경로당,Y,서울특별시 노원구 덕릉로118길 27,서울특별시 노원구 상계동 1294,노인시설,152,24,2024-11-15,2025-03-15,Y,9:00:00,18:00:00,N,,,N,,,N,,,127.0803541,37.6680895,,207089.3895,563163.1831,
623,도암경로당,Y,서울특별시 노원구 덕릉로126길 24,서울특별시 노원구 상계동 68-50,노인시설,101,31,2024-11-15,2025-03-15,Y,9:00:00,18:00:00,N,,,N,,,N,,,127.0831999,37.6707901,,207340.1995,563463.1424,
624,덕산경로당,Y,서울특별시 노원구 덕릉로129길 7,서울특별시 노원구 상계동 1372-2,노인시설,72,36,2024-11-15,2025-03-15,Y,9:00:00,18:00:00,N,,,N,,,N,,,127.0823926,37.6722677,,207268.8324,563627.0787,
625,"상계3,4동주민센터",Y,서울특별시 노원구 덕릉로 859,서울특별시 노원구 상계동 1369-6,주민센터,757.96,20,2024-11-15,2025-03-15,Y,9:00:00,18:00:00,N,,,N,,,N,,,127.0831865,37.6728813,,207338.8114,563695.2442,
626,희망경로당,Y,서울특별시 노원구 덕릉로130길 48,서울특별시 노원구 상계동 71-71,노인시설,36,34,2024-11-15,2025-03-15,Y,9:00:00,18:00:00,N,,,N,,,N,,,127.0857105,37.6720172,,207561.5694,563599.5381,
627,양지마을경로당,Y,서울특별시 노원구 덕릉로137길 45,서울특별시 노원구 상계동 6-39,노인시설,44,34,2024-11-15,2025-03-15,Y,9:00:00,18:00:00,N,,,N,,,N,,,127.0827413,37.6749788,,207299.3299,563928.0117,
628,숲속경로당,Y,,서울특별시 노원구 상계동 산 149-12,노인시설,21,20,2024-11-15,2025-03-15,Y,9:00:00,18:00:00,N,,,N,,,N,,,127.0730773,37.6656266,,206447.5933,562889.3,
629,상계5동주민센터,Y,서울특별시 노원구 한글비석로 434,서울특별시 노원구 상계동 167-2,주민센터,227.7,20,2024-11-15,2025-03-15,Y,9:00:00,18:00:00,N,,,N,,,N,,,127.0693758,37.6629598,,206121.2297,562593.0634,
630,복지경로당,Y,서울특별시 노원구 한글비석로 426-12 ,서울특별시 노원구 상계동 169-80,노인시설,252,46,2024-11-15,2025-03-15,Y,9:00:00,18:00:00,N,,,N,,,N,,,127.0705265,37.662567,,206222.7922,562549.5422,
631,상계5동경로당,Y,서울특별시 노원구 한글비석로37길 22,서울특별시 노원구 상계동 389-209,노인시설,55,22,2024-11-15,2025-03-15,Y,9:00:00,18:00:00,N,,,N,,,N,,,127.0689601,37.6614565,,206084.674,562426.1849,
632,송암경로당,Y,서울특별시 노원구 한글비석로44길 64-20 ,서울특별시 노원구 상계동 138-63,노인시설,134,60,2024-11-15,2025-03-15,Y,9:00:00,18:00:00,N,,,N,,,N,,,127.07194,37.6645374,,206347.3423,562768.3319,
633,노원구청 1층,Y,서울특별시 노원구 노해로 437,서울특별시 노원구 상계동 701-1,기타,378.54,50,2024-11-15,2025-03-15,Y,9:00:00,18:00:00,Y,9:00:00,18:00:00,Y,9:00:00,18:00:00,Y,9:00:00,18:00:00,127.0567319,37.6541095,,205006.2156,561610.0181,
634,상계마들아파트경로당,Y,서울특별시 노원구 덕릉로70가길 101,서울특별시 노원구 상계동 771-3,노인시설,83,13,2024-11-15,2025-03-15,Y,9:00:00,18:00:00,N,,,N,,,N,,,127.0568901,37.6416475,,205021.0146,560226.8712,
635,"상계6,7동주민센터",Y,서울특별시 노원구 노원로 429,서울특별시 노원구 상계동 722,주민센터,178.4,20,2024-11-15,2025-03-15,Y,9:00:00,18:00:00,N,,,N,,,N,,,127.0669752,37.654893,,205910.0572,561697.5748,
636,상계8동주민센터,Y,서울특별시 노원구 동일로227길 97,서울특별시 노원구 상계동 658,주민센터,216,20,2024-11-15,2025-03-15,Y,9:00:00,18:00:00,N,,,N,,,N,,,127.0515713,37.6667498,,204550.0552,563012.703,
637,상계9동주민센터,Y,서울특별시 노원구 한글비석로 487,서울특별시 노원구 상계동 682,주민센터,238,20,2024-11-15,2025-03-15,Y,9:00:00,18:00:00,N,,,N,,,N,,,127.0638853,37.6644992,,205636.6704,562763.5774,
638,상계10동주민센터,Y,서울특별시 노원구 노원로 530,서울특별시 노원구 상계동 671,주민센터,237.59,20,2024-11-15,2025-03-15,Y,9:00:00,18:00:00,N,,,N,,,N,,,127.060267,37.6612803,,205317.6534,562406.0999,
639,은평구청(1층로비),Y,서울특별시 은평구 은평로 195,서울특별시 은평구 녹번동 87-1,기타,"2,126.00",708,2025-01-24,2025-03-15,Y,9:00:00,18:00:00,Y,9:00:00,18:00:00,Y,9:00:00,18:00:00,Y,9:00:00,18:00:00,126.9295013,37.6024938,,193774.6514,555882.0426,
640,어울누리 녹번 경로당,Y,서울특별시 은평구 녹번로7길 36,서울특별시 은평구 녹번동 104-34,노인시설,218,20,2024-11-15,2025-03-15,Y,9:00:00,18:00:00,N,,,N,,,N,,,126.928,37.606,*평시 09:00~18:00 운영,193642.3784,556271.2929,
641,일심경로당,Y,서울특별시 은평구 은평로21길 36-2 ,서울특별시 은평구 녹번동 91-6,노인시설,86,15,2024-11-15,2025-03-15,Y,9:00:00,18:00:00,N,,,N,,,N,,,126.930686,37.602895,*평시 09:00~18:00 운영,193879.2986,555926.4935,
642,녹색경로당,Y,서울특별시 은평구 은평로11길 21,서울특별시 은평구 녹번동 160-9,노인시설,176,35,2024-11-15,2025-03-15,Y,9:00:00,18:00:00,N,,,N,,,N,,,126.923291,37.602659,*평시 09:00~18:00 운영,193226.2692,555900.8078,
643,녹번동주민센터,Y,서울특별시 은평구 은평로 195,서울특별시 은평구 녹번동 87-1,주민센터,277,84,2024-11-15,2025-03-15,Y,9:00:00,21:00:00,N,,,N,,,N,,,126.9299144,37.6022069,*평시 09:00~18:00 운영 *한파특보시 평일 야간 18:00 ~ 21:00 운영,193811.1062,555850.1725,
644,송암경로당,Y,서울특별시 은평구 불광로5길 6-12 ,서울특별시 은평구 불광동 238-161,노인시설,118,15,2024-11-15,2025-03-15,Y,9:00:00,18:00:00,N,,,N,,,N,,,126.931974,37.615048,*평시 09:00~18:00 운영,193994.0115,557275.2609,
645,대광경로당,Y,서울특별시 은평구 진흥로15길 22-12 ,서울특별시 은평구 불광동 604-3,노인시설,37,10,2024-11-15,2025-03-15,Y,9:00:00,18:00:00,N,,,N,,,N,,,126.9322,37.6114,*평시 09:00~18:00 운영,194013.6725,556870.3579,
646,불광1동주민센터,Y,서울특별시 은평구 진흥로15길 10,서울특별시 은평구 불광동 613-1,주민센터,66,20,2024-11-15,2025-03-15,Y,9:00:00,21:00:00,N,,,N,,,N,,,126.9319864,37.6103305,*평시 09:00~18:00 운영 *한파특보시 평일 야간 18:00 ~ 21:00 운영,193994.7269,556751.6687,
647,불광노인복지관,Y,서울특별시 은평구 연서로32길 17-11 ,서울특별시 은평구 불광동 339-13,복지회관,30,10,2024-11-15,2025-03-15,Y,9:00:00,18:00:00,N,,,N,,,N,,,126.924845,37.6195153,*평시 09:00~18:00 운영,193364.9918,557771.5633,
648,어울누리느티나무경로당,Y,서울특별시 은평구 연서로33길 14-19 ,서울특별시 은평구 불광동 415-2,노인시설,140,25,2024-11-15,2025-03-15,Y,9:00:00,18:00:00,N,,,N,,,N,,,126.9249,37.6223,*평시 09:00~18:00 운영,193370.0947,558080.6314,
649,새장골경로당,Y,서울특별시 은평구 연서로37길 47,서울특별시 은평구 불광동 98-7,노인시설,148,20,2024-11-15,2025-03-15,Y,9:00:00,18:00:00,N,,,N,,,N,,,126.927765,37.625418,*평시 09:00~18:00 운영,193623.2862,558426.4979,
650,불광2동경로당,Y,서울특별시 은평구 불광로 175,서울특별시 은평구 불광동 191-7,노인시설,117,15,2024-11-15,2025-03-15,Y,9:00:00,18:00:00,N,,,N,,,N,,,126.931322,37.622095,*평시 09:00~18:00 운영,193937.0189,558057.4444,
651,박석어버이경로당,Y,서울특별시 은평구 통일로92가길 5,서울특별시 은평구 불광동 479-116,노인시설,99,30,2024-11-15,2025-03-15,Y,9:00:00,18:00:00,N,,,N,,,N,,,126.921252,37.626337,*평시 09:00~18:00 운영,193048.4214,558528.9596,
652,불광2동주민센터,Y,서울특별시 은평구 연서로41길 18,서울특별시 은평구 불광동 81-2,주민센터,66,20,2024-11-15,2025-03-15,Y,9:00:00,21:00:00,N,,,N,,,N,,,126.9272961,37.6263503,*평시 09:00~18:00 운영 *한파특보시 평일 야간 18:00 ~ 21:00 운영,193581.9731,558530.0053,
653,갈현어버이경로당,Y,서울특별시 은평구 갈현로 324-3 ,서울특별시 은평구 갈현동 419-7,노인시설,179,40,2024-11-15,2025-03-15,Y,9:00:00,18:00:00,N,,,N,,,N,,,126.9182,37.6255,*평시 09:00~18:00 운영,192778.9212,558436.2919,
654,갈현1동주민센터,Y,서울특별시 은평구 갈현로 301,서울특별시 은평구 갈현동 436-14,주민센터,286,86,2024-11-15,2025-03-15,Y,9:00:00,21:00:00,N,,,N,,,N,,,126.916731,37.6237184,*평시 09:00~18:00 운영  *한파특보시 평일 야간 18:00 ~ 21:00 운영,192649.0665,558238.6672,
655,갈현노인복지관,Y,서울특별시 은평구 통일로89길 12-6 ,서울특별시 은평구 갈현동 415-2,복지회관,40.7,10,2024-11-15,2025-03-15,Y,9:00:00,18:00:00,N,,,N,,,N,,,126.9186895,37.6249117,*평시 09:00~18:00 운영,192822.0764,558370.9593,
656,효경골경로당,Y,서울특별시 은평구 갈현로29길 49,서울특별시 은평구 갈현동 267-101,노인시설,92,20,2024-11-15,2025-03-15,Y,9:00:00,18:00:00,N,,,N,,,N,,,126.911373,37.622043,*평시 09:00~18:00 운영,192175.89,558053.1488,
657,갈현2동경로당,Y,서울특별시 은평구 연서로17길 46-12 ,서울특별시 은평구 갈현동 490-20,노인시설,102,20,2024-11-15,2025-03-15,Y,9:00:00,18:00:00,N,,,N,,,N,,,126.9132,37.6145,*평시 09:00~18:00 운영 ,192336.4059,557215.8057,
658,갈현2동주민센터,Y,서울특별시 은평구 연서로27길 31-6 ,서울특별시 은평구 갈현동 502-3,주민센터,313,50,2024-11-15,2025-03-15,Y,9:00:00,21:00:00,N,,,N,,,N,,,126.9157981,37.6186022,*평시 09:00~18:00 운영 *한파특보시 평일 야간 18:00 ~ 21:00 운영,192566.2013,557670.897,
659,구산거북경로당,Y,서울특별시 은평구 연서로13길 29-7 ,서울특별시 은평구 구산동 17-33,노인시설,151,40,2024-11-15,2025-03-15,Y,9:00:00,18:00:00,N,,,N,,,N,,,126.9127,37.6098,*평시 09:00~18:00 운영,192291.7757,556694.1975,
660,구산경로당,Y,서울특별시 은평구 서오릉로21길 11-8 ,서울특별시 은평구 구산동 340-6,노인시설,132,30,2024-11-15,2025-03-15,Y,9:00:00,18:00:00,N,,,N,,,N,,,126.907903,37.614805,*평시 09:00~18:00 운영,191868.7655,557250.1031,
661,구산동주민센터,Y,서울특별시 은평구 갈현로17길 10,서울특별시 은평구 구산동 27-5,주민센터,66,20,2024-11-15,2025-03-15,Y,9:00:00,21:00:00,N,,,N,,,N,,,126.9104157,37.6117509,*평시 09:00~18:00 운영 *한파특보시 평일 야간 18:00 ~ 21:00 운영,192090.2881,556910.9163,
662,어울누리 대촌경로당,Y,서울특별시 은평구 서오릉로 114-16 ,서울특별시 은평구 대조동 172-15,노인시설,247,40,2024-11-15,2025-03-15,Y,9:00:00,18:00:00,N,,,N,,,N,,,126.9206,37.6105,*평시 09:00~18:00 운영,192989.3784,556771.2706,
663,대조경로당,Y,서울특별시 은평구 연서로22길 9-30 ,서울특별시 은평구 대조동 212,노인시설,137,30,2024-11-15,2025-03-15,Y,9:00:00,18:00:00,N,,,N,,,N,,,126.919584,37.615347,*평시 09:00~18:00 운영,192900.1315,557309.3116,
664,대조동주민센터,Y,서울특별시 은평구 연서로20길 24-3 ,서울특별시 은평구 대조동 214-7,주민센터,276,83,2024-11-15,2025-03-15,Y,9:00:00,21:00:00,N,,,N,,,N,,,126.9208486,37.614167,*평시 09:00~18:00 운영 *한파특보시 평일 야간 18:00 ~ 21:00 운영,193011.6717,557178.2494,
665,대조노인복지관,Y,서울특별시 은평구 역말로9길 27,서울특별시 은평구 대조동 208-11,복지회관,30,10,2024-11-15,2025-03-15,Y,9:00:00,18:00:00,N,,,N,,,N,,,126.921923,37.613451,*평시 09:00~18:00 운영,193106.4651,557098.7017,
666,응암제일경로당,Y,서울특별시 은평구 백련산로 159-3 ,서울특별시 은평구 응암동 159-5,노인시설,100,15,2024-11-15,2025-03-15,Y,9:00:00,18:00:00,N,,,N,,,N,,,126.9255902,37.5994684,*평시 09:00~18:00 운영,193429.0178,555546.523,
667,응암1동주민센터,Y,서울특별시 은평구 백련산로 179,서울특별시 은평구 응암동 96-3,주민센터,100,30,2024-11-15,2025-03-15,Y,9:00:00,21:00:00,N,,,N,,,N,,,126.9268275,37.6007832,*평시 09:00~18:00 운영 *한파특보시 평일 야간 18:00 ~ 21:00 운영,193538.395,555692.3654,
668,매바위경로당,Y,서울특별시 은평구 응암로22길 13-9 ,서울특별시 은평구 응암동 419-135,노인시설,133,15,2024-11-15,2025-03-15,Y,9:00:00,18:00:00,N,,,N,,,N,,,126.9198,37.5942,*평시 09:00~18:00 운영,192917.1973,554962.2101,
669,응암2동주민센터,Y,서울특별시 은평구 백련산로 100,서울특별시 은평구 응암동 229-13,주민센터,41,20,2024-11-15,2025-03-15,Y,9:00:00,21:00:00,N,,,N,,,N,,,126.9231421,37.5944082,*평시 09:00~18:00 운영 *한파특보시 평일 야간 18:00 ~ 21:00 운영,193212.3713,554985.0712,
670,응암노인복지관,Y,서울특별시 은평구 응암로21가길 5-1 ,서울특별시 은평구 응암동 126-46,복지회관,103,35,2024-11-15,2025-03-15,Y,9:00:00,18:00:00,N,,,N,,,N,,,126.9167778,37.5945876,*평시 09:00~18:00 운영 ,192650.332,555005.4616,
671,덕인경로당,Y,서울특별시 은평구 응암로21가길 5-1 ,서울특별시 은평구 응암동 126-46,노인시설,198,30,2024-05-20,2025-03-15,Y,9:00:00,18:00:00,N,,,N,,,N,,,126.9168,37.5946,*평시 09:00~18:00 운영,192652.2938,555006.8361,
672,불광천어르신쉼터(은평춘당),Y,서울특별시 은평구 증산로 414,서울특별시 은평구 응암동 610-2,기타,198,70,2024-11-15,2025-03-15,Y,10:00:00,18:00:00,Y,10:00:00,18:00:00,Y,10:00:00,18:00:00,N,,,126.9145,37.5934,*평시(토요일/일요일) 10:00~18:00 운영   ※공휴일 제외 ,192449.0508,554873.8319,
673,응암3동주민센터,Y,서울특별시 은평구 불광천길 410-17 ,서울특별시 은평구 응암동 583-22,주민센터,470,120,2024-11-15,2025-03-15,Y,9:00:00,21:00:00,N,,,N,,,N,,,126.915622,37.5922683,*평시 09:00~18:00 운영 *한파특보시 평일 야간 18:00 ~ 21:00 운영,192548.0276,554748.1363,
674,충암경로당,Y,서울특별시 은평구 가좌로7길 9-15 ,서울특별시 은평구 응암동 746-15,노인시설,280,30,2024-11-15,2025-03-15,Y,9:00:00,18:00:00,N,,,N,,,N,,,126.920731,37.586128,*평시 09:00~18:00 운영,192998.6617,554066.239,
675,어울누리 해솔경로당,Y,서울특별시 은평구 역말로 83-11 ,서울특별시 은평구 역촌동 13-29,노인시설,140,30,2024-11-15,2025-03-15,Y,9:00:00,18:00:00,N,,,N,,,N,,,126.9186147,37.6071703,*평시 09:00~18:00 운영,192813.766,556401.8603,
676,역마을경로당,Y,서울특별시 은평구 진흥로1길 32-23 ,서울특별시 은평구 역촌동 30-26,노인시설,165,20,2024-11-15,2025-03-15,Y,9:00:00,18:00:00,N,,,N,,,N,,,126.91995,37.603419,*평시 09:00~18:00 운영,192931.3166,555985.4057,
677,어울누리 안심마을경로당,Y,서울특별시 은평구 진흥로7나길 12-5 ,서울특별시 은평구 역촌동 25-103,노인시설,228,40,2024-11-15,2025-03-15,Y,9:00:00,18:00:00,N,,,N,,,N,,,126.919246,37.605318,*평시 09:00~18:00 운영,192869.3323,556196.2271,
678,역촌동주민센터,Y,서울특별시 은평구 연서로 59,서울특별시 은평구 역촌동 62-26,주민센터,66,20,2024-11-15,2025-03-15,Y,9:00:00,21:00:00,N,,,N,,,N,,,126.9152382,37.6043975,*평시 09:00~18:00 운영 *한파특보시 평일 야간 18:00 ~ 21:00 운영,192515.3468,556094.3736,
679,역촌노인복지관,Y,서울특별시 은평구 연서로3나길 11-30 ,서울특별시 은평구 역촌동 67-9,복지회관,42,15,2024-11-15,2025-03-15,Y,9:00:00,18:00:00,N,,,N,,,N,,,126.911333,37.603314,*평시 09:00~18:00 운영,192170.3955,555974.4355,
680,신흥경로당,Y,서울특별시 은평구 증산로21길 25,서울특별시 은평구 신사동 31-2,노인시설,85,20,2024-11-15,2025-03-15,Y,9:00:00,18:00:00,N,,,N,,,N,,,126.9119516,37.5959761,*평시 09:00~18:00 운영,192224.2564,555159.9583,
681,신사1동경로당,Y,서울특별시 은평구 갈현로3나길 6,서울특별시 은평구 신사동 270-45,노인시설,192,10,2024-11-15,2025-03-15,Y,9:00:00,18:00:00,N,,,N,,,N,,,126.906592,37.601066,*평시 09:00~18:00 운영,191751.5004,555725.3381,
682,신사1동주민센터,Y,서울특별시 은평구 은평로2길 2,서울특별시 은평구 신사동 29-2,주민센터,66,20,2024-11-15,2025-03-15,Y,9:00:00,21:00:00,N,,,N,,,N,,,126.9117512,37.5978039,*평시 09:00~18:00 운영 *한파특보시 평일 야간 18:00 ~ 21:00 운영,192206.7493,555362.8404,
683,장수경로당,Y,서울특별시 은평구 은평터널로 126,서울특별시 은평구 신사동 157-2,노인시설,145,10,2024-11-15,2025-03-15,Y,9:00:00,18:00:00,N,,,N,,,N,,,126.9050123,37.5904659,*평시 09:00~18:00 운영,191610.8132,554548.9848,
684,신사제2경로당,Y,서울특별시 은평구 은평터널로 178-1 ,서울특별시 은평구 신사동 200-27,노인시설,264,20,2024-11-15,2025-03-15,Y,9:00:00,18:00:00,N,,,N,,,N,,,126.90864,37.59443,*평시 09:00~18:00 운영,191931.6349,554988.6377,
685,신사2동주민센터,Y,서울특별시 은평구 증산로15길 47,서울특별시 은평구 신사동 163-13,주민센터,236,50,2024-11-15,2025-03-15,Y,9:00:00,21:00:00,N,,,N,,,N,,,126.9080329,37.5902675,*평시 09:00~18:00 운영 *한파특보시 평일 야간 18:00 ~ 21:00 운영,191877.5671,554526.6991,
686,신사노인복지관,Y,서울특별시 은평구 증산로15길 47,서울특별시 은평구 신사동 163-13,복지회관,72,25,2024-11-15,2025-03-15,Y,9:00:00,18:00:00,N,,,N,,,N,,,126.9082,37.5903,*평시 09:00~18:00 운영,191892.3287,554530.2918,
687,증산할머니경로당,Y,서울특별시 은평구 증산로9길 25,서울특별시 은평구 증산동 189-68,노인시설,48,20,2024-11-15,2025-03-15,Y,9:00:00,18:00:00,N,,,N,,,N,,,126.908,37.5859,*평시 09:00~18:00 운영,191874.1866,554041.9587,
688,증산제2경로당,Y,서울특별시 은평구 증산로9길 6-17 ,서울특별시 은평구 증산동 166-21,노인시설,147,15,2024-11-15,2025-03-15,Y,9:00:00,18:00:00,N,,,N,,,N,,,126.909827,37.585378,*평시 09:00~18:00 운영,192035.4991,553983.8661,
689,증산동주민센터,Y,서울특별시 은평구 증산서길 89,서울특별시 은평구 증산동 187-19,주민센터,143,43,2024-11-15,2025-03-15,Y,9:00:00,21:00:00,N,,,N,,,N,,,126.9070614,37.5843648,*평시 09:00~18:00 운영 *한파특보시 평일 야간 18:00 ~ 21:00 운영,191791.117,553871.6504,
690,구룡경로당,Y,서울특별시 은평구 수색로 388-7 ,서울특별시 은평구 수색동 289-37,노인시설,74,20,2024-11-15,2025-03-15,Y,9:00:00,18:00:00,N,,,N,,,N,,,126.8846655,37.5898765,*평시 09:00~18:00 운영,189813.7301,554485.58,
691,물빛경로당,Y,서울특별시 은평구 수색로22가길 6-8 ,서울특별시 은평구 수색동 324-2,노인시설,100,30,2024-11-15,2025-03-15,Y,9:00:00,18:00:00,N,,,N,,,N,,,126.889994,37.585812,*평시 09:00~18:00 운영,190283.8117,554033.9017,
692,수색동주민센터,Y,서울특별시 은평구 수색로 280,서울특별시 은평구 수색동 417-4,주민센터,66,20,2024-11-15,2025-03-15,Y,9:00:00,21:00:00,N,,,N,,,N,,,126.8936697,37.5835405,*평시 09:00~18:00 운영 *한파특보시 평일 야간 18:00 ~ 21:00 운영,190608.1795,553781.417,
693,여기소경로당,Y,서울특별시 은평구 의상봉길 8,서울특별시 은평구 진관동 302-3,노인시설,201,20,2024-11-15,2025-03-15,Y,9:00:00,18:00:00,N,,,N,,,N,,,126.939754,37.653125,*평시 09:00~18:00 운영,194683.6181,561500.9419,
694,진관동주민센터,Y,서울특별시 은평구 진관2로 31,서울특별시 은평구 진관동 78,주민센터,189,57,2024-11-15,2025-03-15,Y,9:00:00,21:00:00,N,,,N,,,N,,,126.9209,37.635,*평시 09:00~18:00 운영 *한파특보시 평일 야간 18:00 ~ 21:00 운영,193018.1586,559490.488,
695,은평노인종합복지관,Y,서울특별시 은평구 연서로 415,서울특별시 은평구 진관동 156-6,복지회관,30,10,2024-11-15,2025-03-15,Y,9:00:00,18:00:00,N,,,N,,,N,,,126.930096,37.632046,*평시 09:00~18:00 운영,193829.6087,559161.9803,
696,서대문노인종합복지관,Y,서울특별시 서대문구 독립문로8길 57,서울특별시 서대문구 천연동 117-3,복지회관,"3,402.68",15,2024-12-01,2025-03-15,Y,9:00:00,18:00:00,N,,,N,,,N,,,126.9591196,37.5679875,휴일및공휴일미운영,196388.4124,552050.6837,
697,천연동 분회경로당,Y,서울특별시 서대문구 독립문로 50,서울특별시 서대문구 냉천동 31-2,노인시설,379,23,2024-12-01,2025-03-15,Y,10:00:00,17:00:00,N,,,N,,,N,,,126.962499,37.5678988,휴일및공휴일미운영,196686.9623,552040.7146,
698,북아현동경로당,Y,서울특별시 서대문구 북아현로 24,서울특별시 서대문구 북아현동 129-37,노인시설,143,19,2024-12-01,2025-03-15,Y,10:00:00,17:00:00,N,,,N,,,N,,,126.9570839,37.559479,,196208.1369,551106.4204,
699,동심경로당,Y,서울특별시 서대문구 신촌로27길 47,서울특별시 서대문구 북아현동 251-292,노인시설,38,13,2024-12-01,2025-03-15,Y,10:00:00,17:00:00,N,,,N,,,N,,,126.9487971,37.5573979,,195475.8286,550875.8096,
700,미근경로당(구 충정로동분회),Y,서울특별시 서대문구 충정로6길 27,서울특별시 서대문구 미근동 60-42,노인시설,125,25,2024-12-01,2025-03-15,Y,10:00:00,17:00:00,N,,,N,,,N,,,126.9662797,37.5626561,,197020.7607,551458.7098,
701,능안경로당,Y,서울특별시 서대문구 북아현로18길 47,서울특별시 서대문구 북아현동 1-251,노인시설,199,38,2024-12-01,2025-03-15,Y,10:00:00,17:00:00,N,,,N,,,N,,,126.9565558,37.563781,,196161.6971,551583.9131,
702,창천경로당,Y,서울특별시 서대문구 신촌로11길 35-4 ,서울특별시 서대문구 창천동 67-9,노인시설,193,40,2024-12-01,2025-03-15,Y,10:00:00,17:00:00,N,,,N,,,N,,,126.9332446,37.5584394,,194101.7272,550992.266,
703,신촌경로당,Y,서울특별시 서대문구 성산로24길 1-20 ,서울특별시 서대문구 신촌동 1-219,노인시설,181,36,2024-12-01,2025-03-15,Y,10:00:00,17:00:00,N,,,N,,,N,,,126.9480693,37.5676837,,195412.1527,552017.4476,
704,서대문구청,Y,서울특별시 서대문구 연희로 248,서울특별시 서대문구 연희동 168-6,기타,16.5,5,2025-01-25,2030-12-31,Y,9:00:00,18:00:00,Y,9:00:00,18:00:00,Y,9:00:00,18:00:00,Y,9:00:00,18:00:00,126.9368452,37.5791999,특보 시 24시간 운영,194421.4121,553296.2198,
705,연서경로당,Y,서울특별시 서대문구 홍제천로2길 111,서울특별시 서대문구 연희동 519-127,노인시설,101,20,2024-12-01,2025-03-15,Y,10:00:00,17:00:00,N,,,N,,,N,,,126.9235601,37.572217,,193247.2824,552522.0701,
706,홍연경로당,Y,서울특별시 서대문구 홍연길 70,서울특별시 서대문구 연희동 715,노인시설,152,30,2024-12-01,2025-03-15,Y,10:00:00,17:00:00,N,,,N,,,N,,,126.9305252,37.5763002,,193862.916,552974.7804,
707,연산경로당,Y,서울특별시 서대문구 연희로18안길 34-3 ,서울특별시 서대문구 연희동 51-14,노인시설,123,24,2024-12-01,2025-03-15,Y,10:00:00,17:00:00,N,,,N,,,N,,,126.9356084,37.5673967,,194311.2654,551986.2753,
708,홍제1동 분회경로당,Y,서울특별시 서대문구 모래내로 459-6 ,서울특별시 서대문구 홍제동 157-92,노인시설,132,26,2024-12-01,2025-03-15,Y,10:00:00,17:00:00,N,,,N,,,N,,,126.9454423,37.5858358,,195181.2387,554032.2534,
709,초원경로당,Y,서울특별시 서대문구 홍제내2길 56,서울특별시 서대문구 홍제동 335-9,노인시설,211,42,2024-12-01,2025-03-15,Y,10:00:00,17:00:00,N,,,N,,,N,,,126.9371964,37.5868269,,194453.0002,554142.7092,
710,홍제3동분회경로당,Y,서울특별시 서대문구 세검정로4길 32,서울특별시 서대문구 홍제동 7-13,노인시설,87,40,2024-12-01,2025-03-15,Y,10:00:00,17:00:00,N,,,N,,,N,,,126.9497306,37.5937611,,195560.4699,554911.6611,
711,개미마을경로당,Y,서울특별시 서대문구 세검정로4길 129-16 ,서울특별시 서대문구 홍제동 9-83,노인시설,40,20,2024-12-01,2025-03-15,Y,10:00:00,17:00:00,N,,,N,,,N,,,126.9539201,37.590631,,195930.2941,554564.0653,
712,은빛홍삼경로당,Y,서울특별시 서대문구 세무서7길 21-4 ,서울특별시 서대문구 홍제동 266-165,노인시설,124.17,55,2024-12-01,2025-03-15,Y,10:00:00,17:00:00,N,,,N,,,N,,,126.9456267,37.5916129,,195197.8968,554673.4369,
713,인왕경로당,Y,서울특별시 서대문구 통일로26길 12-5 ,서울특별시 서대문구 홍제동 23-21,노인시설,56,12,2024-12-01,2025-03-15,Y,10:00:00,17:00:00,N,,,N,,,N,,,126.9507,37.5828,,195645.4437,553695.0573,
714,인왕노인복지관,Y,서울특별시 서대문구 통일로26길 12-5 ,서울특별시 서대문구 홍제동 23-21,복지회관,30,20,2024-12-01,2025-03-15,Y,9:00:00,18:00:00,N,,,N,,,N,,,126.9506843,37.582761,,195644.0547,553690.7295,
715,느티나무경로당,Y,서울특별시 서대문구 통일로36다길 2,서울특별시 서대문구 홍제동 194-1,노인시설,97,50,2024-12-01,2025-03-15,Y,10:00:00,17:00:00,N,,,N,,,N,,,126.9473128,37.5878299,,195346.5731,554253.4816,
716,우정경로당,Y,서울특별시 서대문구 홍은중앙로 164,서울특별시 서대문구 홍은동 8-14,노인시설,100,15,2024-12-01,2025-03-15,Y,10:00:00,17:00:00,N,,,N,,,N,,,126.949878,37.6047802,,195574.1402,556134.6521,
717,홍은1동분회경로당,Y,서울특별시 서대문구 세검정로1길 116,서울특별시 서대문구 홍은동 48-20,노인시설,118,23,2024-12-01,2025-03-15,Y,10:00:00,17:00:00,N,,,N,,,N,,,126.9464398,37.5954015,,195269.9474,555093.8878,
718,포방터경로당,Y,서울특별시 서대문구 홍은중앙로9길 43,서울특별시 서대문구 홍은동 11-80,노인시설,136,27,2024-12-01,2025-03-15,Y,10:00:00,17:00:00,N,,,N,,,N,,,126.9483921,37.6011975,,195442.7141,555737.0829,
719,아름다운홍일경로당,Y,서울특별시 서대문구 통일로48가길 37,서울특별시 서대문구 홍은동 440-3,노인시설,54,10,2024-12-01,2025-03-15,Y,10:00:00,17:00:00,N,,,N,,,N,,,126.9424,37.5946,,194913.1267,555005.1414,
720,구립홍은2동경로당,Y,서울특별시 서대문구 모래내로 334,서울특별시 서대문구 홍은동 273-10,노인시설,220,22,2024-12-01,2025-03-15,Y,10:00:00,17:00:00,N,,,N,,,N,,,126.9341521,37.5801083,,194183.5959,553397.2051,
721,정원단지경로당,Y,서울특별시 서대문구 연희로39나길 8,서울특별시 서대문구 홍은동 265-159,노인시설,145,28,2024-12-01,2025-03-15,Y,10:00:00,17:00:00,N,,,N,,,N,,,126.9319217,37.5866963,,193987.1126,554128.5386,
722,홍남경로당,Y,서울특별시 서대문구 증가로4길 38-9 ,서울특별시 서대문구 홍은동 415-22,노인시설,125.98,25,2024-12-01,2025-03-15,Y,10:00:00,17:00:00,N,,,N,,,N,,,126.9274815,37.5773268,,193594.1375,553088.9244,
723,백련경로당,Y,서울특별시 서대문구 명지대길 50,서울특별시 서대문구 홍은동 421-1,노인시설,90,18,2024-12-01,2025-03-15,Y,10:00:00,17:00:00,N,,,N,,,N,,,126.9241493,37.5823773,,193300.2429,553649.7046,
724,상지경로당,Y,서울특별시 서대문구 통일로 555-1 ,서울특별시 서대문구 홍은동 산 11-245,노인시설,211,42,2024-12-01,2025-03-15,Y,10:00:00,17:00:00,N,,,N,,,N,,,126.9374,37.5969,,194471.728,555260.6983,
725,논골문화원,Y,서울특별시 서대문구 연희로41나길 1,서울특별시 서대문구 홍은동 197-5,노인시설,119,23,2024-12-01,2025-03-15,Y,10:00:00,17:00:00,Y,10:00:00,16:00:00,Y,10:00:00,16:00:00,Y,10:00:00,16:00:00,126.9335302,37.5918377,,194129.5841,554699.0744,
726,남가좌2동분회경로당,Y,서울특별시 서대문구 가재울로8길 27-14 ,서울특별시 서대문구 남가좌동 346-19,노인시설,103,20,2024-12-01,2025-03-15,Y,10:00:00,17:00:00,N,,,N,,,N,,,126.9225249,37.5763238,,193156.2084,552977.9524,
727,삼오경로당,Y,서울특별시 서대문구 명지대3길 36-4 ,서울특별시 서대문구 남가좌동 5-93,노인시설,133,25,2024-12-01,2025-03-15,Y,10:00:00,17:00:00,N,,,N,,,N,,,126.9217631,37.5821248,,193089.4507,553621.8528,
728,북가좌노인복지관,Y,서울특별시 서대문구 증가로20길 43,서울특별시 서대문구 북가좌동 5-106,복지회관,130,10,2024-12-01,2025-03-15,Y,9:00:00,18:00:00,N,,,N,,,N,,,126.9178709,37.5811754,,192745.5663,553516.7737,
729,은가경로당,Y,서울특별시 서대문구 증가로20길 43,서울특별시 서대문구 북가좌동 5-106,노인시설,267,26,2024-12-01,2025-03-15,Y,10:00:00,17:00:00,N,,,N,,,N,,,126.9179249,37.5812257,,192750.3409,553522.3522,
730,북가좌휴먼타운경로당,Y,서울특별시 서대문구 증가로30길 45-9 ,서울특별시 서대문구 북가좌동 337-15,노인시설,85.5,17,2024-12-01,2025-03-15,Y,10:00:00,17:00:00,N,,,N,,,N,,,126.9137128,37.5847065,,192378.6427,553909.0148,
731,신가경로당,Y,서울특별시 서대문구 거북골로22길 29-51 ,서울특별시 서대문구 북가좌동 318-1,노인시설,83,16,2024-12-01,2025-03-15,Y,10:00:00,17:00:00,N,,,N,,,N,,,126.9083613,37.5802505,,191905.4864,553414.8972,
732,연봉경로당,Y,서울특별시 마포구 만리재로16길 10-5 ,서울특별시 마포구 공덕동 4-86,노인시설,135,40,2024-11-15,2025-03-15,Y,9:00:00,18:00:00,N,,,N,,,N,,,126.962178,37.550355,,196657.82,550093.5719,
733,큰덕경로당,Y,서울특별시 마포구 만리재로 106,서울특별시 마포구 공덕동 80-11,노인시설,98,40,2024-11-15,2025-03-15,Y,9:00:00,18:00:00,N,,,N,,,N,,,126.960513,37.5495259,,196510.6519,550001.6123,
734,아현1동경로당,Y,서울특별시 마포구 환일길 52-1 ,서울특별시 마포구 아현동 748-13,노인시설,252,60,2024-11-15,2025-03-15,Y,9:00:00,18:00:00,N,,,N,,,N,,,126.9609958,37.5536279,,196553.5043,550456.8673,
735,삼개경로당,Y,서울특별시 마포구 삼개로5길 20,서울특별시 마포구 도화동 188,노인시설,68,16,2024-11-15,2025-03-15,Y,9:00:00,18:00:00,N,,,N,,,N,,,126.9481158,37.5378695,,195414.4344,548708.4256,
736,대경경로당,Y,서울특별시 마포구 백범로18길 26,서울특별시 마포구 대흥동 221-1,노인시설,79,23,2024-11-15,2025-03-15,Y,9:00:00,18:00:00,N,,,N,,,N,,,126.9426594,37.5467938,,194932.7975,549699.1945,
737,염리동1경로당,Y,서울특별시 마포구 숭문4안길 5-3 ,서울특별시 마포구 염리동 138-9,노인시설,90,43,2024-11-15,2025-03-15,Y,9:00:00,18:00:00,N,,,N,,,N,,,126.946407,37.547654,,195264.0283,549794.471,
738,수복경로당,Y,서울특별시 마포구 창전로2길 39-3 ,서울특별시 마포구 신수동 101-17,노인시설,116,40,2024-11-15,2025-03-15,Y,9:00:00,18:00:00,N,,,N,,,N,,,126.933412,37.5492325,,194115.7942,549970.3994,
739,창전경로당,Y,서울특별시 마포구 서강로1길 30,서울특별시 마포구 창전동 447,노인시설,180.04,51,2024-11-15,2025-03-15,Y,9:00:00,18:00:00,N,,,N,,,N,,,126.930185,37.549148,,193830.6257,549961.2278,
740,세교경로당,Y,서울특별시 마포구 와우산로37길 16,서울특별시 마포구 동교동 181-3,노인시설,94,23,2024-11-15,2025-03-15,Y,9:00:00,18:00:00,N,,,N,,,N,,,126.930093,37.556251,,193823.0822,550749.582,
741,양화진경로당,Y,서울특별시 마포구 양화진길 43,서울특별시 마포구 합정동 376-29,노인시설,128,35,2024-11-15,2025-03-15,Y,9:00:00,18:00:00,N,,,N,,,N,,,126.912393,37.546664,,192258.1347,549686.85,
742,오칠경로당,Y,서울특별시 마포구 월드컵로23길 18-5 ,서울특별시 마포구 망원동 485-30,노인시설,65,60,2024-11-15,2025-03-15,Y,9:00:00,18:00:00,N,,,N,,,N,,,126.90746,37.557022,,191823.3351,550836.8819,
743,망원2동제1경로당,Y,서울특별시 마포구 월드컵로31길 69,서울특별시 마포구 망원동 436-1,노인시설,75,50,2024-11-15,2025-03-15,Y,9:00:00,18:00:00,N,,,N,,,N,,,126.901184,37.560278,,191269.179,551198.8239,
744,연남경로당,Y,서울특별시 마포구 동교로41길 36,서울특별시 마포구 연남동 239-56,노인시설,91.77,22,2024-11-15,2025-03-15,Y,9:00:00,18:00:00,N,,,N,,,N,,,126.923445,37.563861,,193236.3589,551594.6598,
745,성산1동1경로당,Y,서울특별시 마포구 월드컵북로15안길 26,서울특별시 마포구 성산동 산 11-1,노인시설,149,14,2024-11-15,2025-03-15,Y,9:00:00,18:00:00,N,,,N,,,N,,,126.9109082,37.5627432,,192128.6137,551471.5732,
746,마포구청 지하1층 다목적체육실,Y,서울특별시 마포구 월드컵로 212,서울특별시 마포구 성산동 437,기타,203,61,2025-01-24,2025-03-15,Y,9:00:00,18:00:00,Y,9:00:00,18:00:00,Y,9:00:00,18:00:00,Y,9:00:00,18:00:00,126.9014239,37.5667254,,191291.1258,551914.3874,
747,백합경로당,Y,서울특별시 마포구 월드컵로 215,서울특별시 마포구 성산동 595,노인시설,122,36,2024-11-15,2025-03-15,Y,9:00:00,18:00:00,N,,,N,,,N,,,126.9011031,37.5645129,,191262.5257,551668.8556,
748,무리울새마을경로당,Y,서울특별시 마포구 월드컵북로 198-17 ,서울특별시 마포구 성산동 산 41-2,노인시설,175,53,2024-11-15,2025-03-15,Y,9:00:00,18:00:00,N,,,N,,,N,,,126.9072561,37.5689126,,191806.6212,552156.6167,
749,오목(구립)경로당,Y,서울특별시 양천구 오목로 313,서울특별시 양천구 목동 406-317,노인시설,153.2,20,2024-11-15,2025-03-15,Y,9:00:00,18:00:00,N,,,N,,,N,,,126.8722495,37.5252179,,188707.4029,547310.6578,
750,목1동주민센터,Y,서울특별시 양천구 목동서로 192,서울특별시 양천구 목동 919-3,주민센터,230,50,2024-11-15,2025-03-15,Y,9:00:00,18:00:00,N,,,N,,,N,,,126.8711,37.5303,,188606.565,547874.8467,
751,목동문화체육센터,Y,서울특별시 양천구 목동중앙본로 73,서울특별시 양천구 목동 946-1,체육시설,678,80,2024-11-15,2025-03-15,Y,6:00:00,21:50:00,Y,6:00:00,20:50:00,N,,,N,,,126.8684956,37.5434217,평일:06시~21:50 토:06~20:50 일:법정공휴일 상시운영,188378.3993,549331.514,
752,목2동주민센터,Y,서울특별시 양천구 목동중앙본로 120,서울특별시 양천구 목동 530-6,주민센터,600,100,2024-11-15,2025-03-15,Y,9:00:00,18:00:00,N,,,N,,,N,,,126.8717,37.5461,,188661.9914,549628.3818,
753,용왕(구립목2동)경로당,Y,서울특별시 양천구 목동중앙로13나길 2,서울특별시 양천구 목동 517-12,노인시설,94.68,35,2024-11-15,2025-03-15,Y,9:00:00,18:00:00,N,,,N,,,N,,,126.8797812,37.5462425,,189376.1562,549643.2538,
754,새말(구립)경로당,Y,서울특별시 양천구 목동중앙본로2길 13-11 ,서울특별시 양천구 목동 230-32,노인시설,132.82,45,2024-11-15,2025-03-15,Y,9:00:00,18:00:00,N,,,N,,,N,,,126.8701,37.5398,,188519.6316,548929.3521,
755,양화(구립)경로당,Y,서울특별시 양천구 목동중앙북로16길 34-4 ,서울특별시 양천구 목동 535-17,노인시설,93.15,23,2024-11-15,2025-03-15,Y,9:00:00,18:00:00,N,,,N,,,N,,,126.8736,37.5447,,188829.6876,549472.7713,
756,월촌(구립)경로당,Y,서울특별시 양천구 목동중앙본로28길 37,서울특별시 양천구 목동 545-23,노인시설,68.12,30,2024-11-15,2025-03-15,Y,9:00:00,18:00:00,N,,,N,,,N,,,126.8725,37.5433,,188732.2669,549317.5194,
757,목3동주민센터,Y,서울특별시 양천구 목동중앙남로16나길 55,서울특별시 양천구 목동 642-1,주민센터,64,20,2024-11-15,2025-03-15,Y,9:00:00,18:00:00,N,,,N,,,N,,,126.8645,37.5447,,188025.4955,549473.8913,
758,한두(구립)경로당,Y,서울특별시 양천구 목동중앙북로8라길 28,서울특별시 양천구 목동 622-12,노인시설,106.3,30,2024-11-15,2025-03-15,Y,9:00:00,18:00:00,N,,,N,,,N,,,126.8636262,37.5465764,,187948.5774,549682.2608,
759,백석(구립)경로당,Y,서울특별시 양천구 목동중앙북로8길 76,서울특별시 양천구 목동 646-23,노인시설,102.42,30,2024-11-15,2025-03-15,Y,9:00:00,18:00:00,N,,,N,,,N,,,126.8649271,37.5453238,,188063.3389,549543.0713,
760,나말(구립)경로당,Y,서울특별시 양천구 목동중앙남로 97,서울특별시 양천구 목동 712-1,노인시설,94.68,25,2024-11-15,2025-03-15,Y,9:00:00,18:00:00,N,,,N,,,N,,,126.8642,37.5418,,187998.5188,549152.0645,
761,미감도서관,Y,서울특별시 양천구 목동중앙남로 57-10 ,서울특별시 양천구 목동 723-8,문화시설,266.76,18,2024-11-15,2025-03-15,Y,9:00:00,18:00:00,Y,9:00:00,18:00:00,N,,,N,,,126.8654614,37.5389764,월~금 : 9시~18시 토:9시~18시 일:법정공휴일,188109.5481,548838.5189,
762,목4동주민센터,Y,서울특별시 양천구 목동중앙로 25,서울특별시 양천구 목동 904-19,주민센터,737,63,2024-11-15,2025-03-15,Y,9:00:00,18:00:00,N,,,N,,,N,,,126.8684,37.5324,,188368.2388,548108.2513,
763,마장(목4동구립)경로당,Y,서울특별시 양천구 목동중앙서로8길 23,서울특별시 양천구 목동 803-1,노인시설,143.22,36,2024-11-15,2025-03-15,Y,9:00:00,18:00:00,N,,,N,,,N,,,126.8663,37.5316,,188182.4993,548019.723,
764,청산(구립)경로당,Y,서울특별시 양천구 목동중앙남로3가길 68,서울특별시 양천구 목동 724-1,노인시설,94.68,24,2024-11-15,2025-03-15,Y,9:00:00,18:00:00,N,,,N,,,N,,,126.8645,37.5387,,188024.5358,548807.9639,
765,정목(구립)경로당,Y,서울특별시 양천구 목동중앙남로4길 20,서울특별시 양천구 목동 767-1,노인시설,94.68,23,2024-11-15,2025-03-15,Y,9:00:00,18:00:00,N,,,N,,,N,,,126.8683,37.5369,,188360.0995,548607.7087,
766,목동어르신복지관,Y,서울특별시 양천구 목동중앙로3길 21,서울특별시 양천구 목동 765-1,복지회관,82.5,20,2024-11-15,2025-03-15,Y,9:00:00,18:00:00,N,,,N,,,N,,,126.8692,37.5364,,188439.5661,548552.1037,
767,목5동주민센터,Y,서울특별시 양천구 목동서로 41,서울특별시 양천구 목동 908-32,주민센터,310,50,2024-11-15,2025-03-15,Y,9:00:00,18:00:00,N,,,N,,,N,,,126.8817,37.5372,,189544.4597,548639.4308,
768,목마교육도서관,Y,서울특별시 양천구 목동서로 41,서울특별시 양천구 목동 908-32,문화시설,543.14,21,2024-11-15,2025-03-15,Y,9:00:00,22:00:00,Y,9:00:00,18:00:00,N,,,N,,,126.8817045,37.5372017,평일 : 09시~22시 토요일 : 09시~18시 일요일 및 공휴일 : 미개방,189544.8577,548639.6189,
769,월성경로당,Y,서울특별시 양천구 곰달래로11길 24,서울특별시 양천구 신월동 119,노인시설,98.6,29,2024-11-15,2025-03-15,Y,9:00:00,18:00:00,N,,,N,,,N,,,126.8358144,37.5319396,,185487.9964,548061.6816,
770,신월1동주민센터,Y,서울특별시 양천구 곰달래로1길 38,서울특별시 양천구 신월동 135-18,주민센터,241,60,2024-11-15,2025-03-15,Y,9:00:00,18:00:00,N,,,N,,,N,,,126.8315,37.5328,,185106.8269,548157.85,
771,신대(구립)경로당,Y,서울특별시 양천구 곰달래로1길 37,서울특별시 양천구 신월동 136-13,노인시설,177.66,44,2024-11-15,2025-03-15,Y,9:00:00,18:00:00,N,,,N,,,N,,,126.8313,37.5327,,185089.1296,548146.7829,
772,곰달래(구립)경로당,Y,서울특별시 양천구 남부순환로63길 16-4 ,서울특별시 양천구 신월동 221-22,노인시설,50,12,2024-11-15,2025-03-15,Y,9:00:00,18:00:00,N,,,N,,,N,,,126.8348,37.5286,,185397.6847,547691.184,
773,신월2동주민센터,Y,서울특별시 양천구 중앙로53길 47,서울특별시 양천구 신월동 483-11,주민센터,544,100,2024-11-15,2025-03-15,Y,9:00:00,18:00:00,N,,,N,,,N,,,126.8446,37.525,,186263.2642,547290.1522,
774,신곡(구립)경로당,Y,서울특별시 양천구 중앙로55길 51,서울특별시 양천구 신월동 465-1,노인시설,85.74,40,2024-11-15,2025-03-15,Y,9:00:00,18:00:00,N,,,N,,,N,,,126.843617,37.5255965,,186176.481,547356.5003,
775,당곡(구립)경로당,Y,서울특별시 양천구 오목로 64-27 ,서울특별시 양천구 신월동 509-14,노인시설,90.27,50,2024-11-15,2025-03-15,Y,9:00:00,18:00:00,N,,,N,,,N,,,126.8450359,37.5220823,,186301.2626,546966.2601,
776,중앙(구립)경로당,Y,서울특별시 양천구 오목로 64-27 ,서울특별시 양천구 신월동 509-14,노인시설,120,50,2024-11-15,2025-03-15,Y,9:00:00,18:00:00,N,,,N,,,N,,,126.845,37.5221,,186298.0923,546968.2298,
777,서서울어르신복지관,Y,서울특별시 양천구 가로공원로60가길 16,서울특별시 양천구 신월동 158-4,복지회관,4.16,30,2024-11-15,2025-03-15,Y,9:00:00,18:00:00,N,,,N,,,N,,,126.8266,37.5344,,184674.0587,548336.2177,
778,신월3동주민센터,Y,서울특별시 양천구 남부순환로54길 5,서울특별시 양천구 신월동 167-5,주민센터,308,20,2024-11-15,2025-03-15,Y,9:00:00,18:00:00,N,,,N,,,N,,,126.8291,37.5336,,184894.8598,548247.023,
779,경복(구립)경로당,Y,서울특별시 양천구 남부순환로54길 55-20 ,서울특별시 양천구 신월동 187-12,노인시설,98.6,60,2024-11-15,2025-03-15,Y,9:00:00,18:00:00,N,,,N,,,N,,,126.8256381,37.5309037,,184588.3218,547948.3283,
780,신남(구립)경로당,Y,서울특별시 양천구 남부순환로56가길 13,서울특별시 양천구 신월동 198-22,노인시설,223.23,47,2024-11-15,2025-03-15,Y,9:00:00,18:00:00,N,,,N,,,N,,,126.8302,37.5313,,184991.6234,547991.575,
781,신원경로당(구립),Y,서울특별시 양천구 남부순환로46길 12,서울특별시 양천구 신월동 161-17,노인시설,100,54,2024-11-15,2025-03-15,Y,9:00:00,18:00:00,N,,,N,,,N,,,126.8279,37.534,,184788.8779,548291.6115,
782,신월음악도서관,Y,서울특별시 양천구 오목로5길 34,서울특별시 양천구 신월동 425-2,문화시설,840.95,69,2024-11-15,2025-03-15,Y,9:00:00,22:00:00,Y,9:00:00,18:00:00,Y,9:00:00,18:00:00,N,,,126.8401113,37.5246669,"화~금 : 9시~22시, 토,일 : 9시~18시, 월:법정공휴일, 상시운영",185866.418,547253.8472,
783,신월4동주민센터,Y,서울특별시 양천구 오목로5길 34,서울특별시 양천구 신월동 425-2,주민센터,888,100,2024-11-15,2025-03-15,Y,9:00:00,18:00:00,N,,,N,,,N,,,126.8400362,37.5247116,,185859.7879,547258.8196,
784,태양(신월4동구립)경로당,Y,서울특별시 양천구 오목로3길 34,서울특별시 양천구 신월동 422-1,노인시설,99.54,44,2024-11-15,2025-03-15,Y,9:00:00,18:00:00,N,,,N,,,N,,,126.8385,37.5243,,185723.9149,547213.3691,
785,자양(구립)경로당,Y,서울특별시 양천구 신월로11길 13,서울특별시 양천구 신월동 542,노인시설,98.6,36,2024-11-15,2025-03-15,Y,9:00:00,18:00:00,N,,,N,,,N,,,126.8401,37.5186,,185864.2746,546580.4985,
786,밝은빛(구립)경로당,Y,서울특별시 양천구 오목로 28-9 ,서울특별시 양천구 신월동 518-4,노인시설,163.63,33,2024-11-15,2025-03-15,Y,9:00:00,18:00:00,N,,,N,,,N,,,126.8414,37.5215,,185979.7419,546902.1677,
787,소망(구립)경로당,Y,서울특별시 양천구 오목로1길 10,서울특별시 양천구 신월동 436-6,노인시설,222.73,45,2024-11-15,2025-03-15,Y,9:00:00,18:00:00,N,,,N,,,N,,,126.8381,37.5221,,185688.136,546969.2572,
788,방아다리문학도서관,Y,서울특별시 양천구 화곡로4길 10,서울특별시 양천구 신월동 52-2,문화시설,294.85,25,2024-11-15,2025-03-15,Y,9:00:00,22:00:00,Y,9:00:00,18:00:00,N,,,N,,,126.827167,37.5385799,월~금 : 9시~22시 토:9시~18시 일:법정공휴일 상시운영,184725.0256,548800.0436,
789,신월5동주민센터,Y,서울특별시 양천구 화곡로4길 10,서울특별시 양천구 신월동 52-2,주민센터,150,50,2024-11-15,2025-03-15,Y,9:00:00,18:00:00,N,,,N,,,N,,,126.8271777,37.5385905,,184725.9734,548801.2183,
790,수명(신월5동구립)경로당,Y,서울특별시 양천구 화곡로5길 23,서울특별시 양천구 신월동 13-1,노인시설,116.1,30,2024-11-15,2025-03-15,Y,9:00:00,18:00:00,N,,,N,,,N,,,126.8287,37.5416,,184861.1228,549134.9903,
791,신양(구립)경로당,Y,서울특별시 양천구 남부순환로33길 38,서울특별시 양천구 신월동 73-2,노인시설,99.78,30,2024-11-15,2025-03-15,Y,9:00:00,18:00:00,N,,,N,,,N,,,126.8314,37.5383,,185099.0826,548768.2989,
792,신월6동주민센터,Y,서울특별시 양천구 남부순환로83길 53,서울특별시 양천구 신월동 1078-1,주민센터,332,50,2024-11-15,2025-03-15,Y,9:00:00,18:00:00,N,,,N,,,N,,,126.8451,37.518,,186306.1829,546513.1664,
793,신월문화체육센터,Y,서울특별시 양천구 지양로 47,서울특별시 양천구 신월동 987,체육시설,493,70,2024-11-15,2025-03-15,Y,6:00:00,22:00:00,Y,6:00:00,21:00:00,N,,,N,,,126.8349,37.5199,평일:월~금(06시~22시) 토:06시~21시 일:법정공휴일 상시운영,185404.8291,546725.5763,
794,해맞이역사도서관,Y,서울특별시 양천구 지양로 37,서울특별시 양천구 신월동 987,문화시설,"1,146.00",54,2024-11-15,2025-03-15,Y,9:00:00,22:00:00,Y,9:00:00,18:00:00,Y,9:00:00,18:00:00,N,,,126.8349443,37.5196428,"월 : 휴무일 화~금:9시~22시 토,일:09시~18시 법정공휴일 : 미개방 상시운영",185408.6952,546697.0234,
795,밝은내어르신복지센터,Y,서울특별시 양천구 지양로14길 16,서울특별시 양천구 신월동 924-4,복지회관,712.03,50,2024-11-15,2025-03-15,Y,9:00:00,18:00:00,N,,,N,,,N,,,126.8332046,37.5240607,,185255.771,547187.6266,
796,신월7동주민센터,Y,서울특별시 양천구 지양로14길 16,서울특별시 양천구 신월동 924-4,주민센터,186,60,2024-11-15,2025-03-15,Y,9:00:00,18:00:00,N,,,N,,,N,,,126.8331859,37.52405,,185254.1159,547186.442,
797,늘푸른(신월7동구립)경로당,Y,서울특별시 양천구 지양로10길 5,서울특별시 양천구 신월동 922-1,노인시설,94.68,44,2024-11-15,2025-03-15,Y,9:00:00,18:00:00,N,,,N,,,N,,,126.8335,37.5231,,185281.6948,547080.9546,
798,신월약수(구립)경로당,Y,서울특별시 양천구 지양로11길 16-16 ,서울특별시 양천구 신월동 936,노인시설,80,31,2024-11-15,2025-03-15,Y,9:00:00,18:00:00,N,,,N,,,N,,,126.8308,37.5218,,185042.7599,546937.0966,
799,금실(구립)경로당,Y,서울특별시 양천구 지양로7길 27-14 ,서울특별시 양천구 신월동 957-15,노인시설,29,27,2024-11-15,2025-03-15,Y,9:00:00,18:00:00,N,,,N,,,N,,,126.8316758,37.5193486,,185119.6937,546664.8828,
800,한울(구립)경로당,Y,서울특별시 양천구 지양로7길 27-5 ,서울특별시 양천구 신월동 956,노인시설,49.14,39,2024-11-15,2025-03-15,Y,9:00:00,18:00:00,N,,,N,,,N,,,126.8322,37.5199,,185166.1435,546725.9986,
801,지양(구립)경로당,Y,서울특별시 양천구 지양로17길 15,서울특별시 양천구 신월동 331-104,노인시설,146.3,25,2024-11-15,2025-03-15,Y,9:00:00,18:00:00,N,,,N,,,N,,,126.8281969,37.5226354,,184812.8156,547030.2327,
802,신정1동주민센터,Y,서울특별시 양천구 중앙로32길 1,서울특별시 양천구 신정동 1051-11,주민센터,"2,184.00",200,2024-11-15,2025-03-15,Y,9:00:00,18:00:00,N,,,N,,,N,,,126.8543,37.5185,,187119.5884,546567.3608,
803,구립양명경로당,Y,서울특별시 양천구 중앙로36길 6,서울특별시 양천구 신정동 1050-3,노인시설,100,50,2024-11-15,2025-03-15,Y,9:00:00,18:00:00,N,,,N,,,N,,,126.8544,37.5193,,187128.5662,546656.1371,
804,구립남부법마을경로당,Y,서울특별시 양천구 은행정로6길 23,서울특별시 양천구 신정동 1017-5,노인시설,125,54,2024-11-15,2025-03-15,Y,9:00:00,18:00:00,N,,,N,,,N,,,126.8622,37.5218,,187818.5141,546932.5673,
805,신정2동주민센터,Y,서울특별시 양천구 목동동로 154,서울특별시 양천구 신정동 329-9,주민센터,60,15,2024-11-15,2025-03-15,Y,9:00:00,18:00:00,N,,,N,,,N,,,126.8707,37.5192,,188569.5157,546642.9331,
806,단산(구립)경로당,Y,서울특별시 양천구 신목로 58-12 ,서울특별시 양천구 신정동 296-119,노인시설,230.4,38,2024-11-15,2025-03-15,Y,9:00:00,18:00:00,N,,,N,,,N,,,126.874,37.5201,,188861.3789,546742.426,
807,양천중앙도서관,Y,서울특별시 양천구 신정로7길 81,서울특별시 양천구 신정동 1319-4,문화시설,"5,666.00",116,2024-11-15,2025-03-15,Y,9:00:00,22:00:00,Y,9:00:00,18:00:00,Y,9:00:00,18:00:00,N,,,126.833615,37.5136753,"월~목 : 9시~22시 금요일 : 법정휴무일 토,일:9시~18시 상시운영",185290.0107,546034.9127,
808,신정3동주민센터,Y,서울특별시 양천구 중앙로 209,서울특별시 양천구 신정동 1263,주민센터,"1,762.00",300,2024-11-15,2025-03-15,Y,9:00:00,18:00:00,N,,,N,,,N,,,126.8548,37.5151,,187163.2078,546189.9352,
809,꽃사슴(신정3동구립)경로당,Y,서울특별시 양천구 중앙로29길 108-15 ,서울특별시 양천구 신정동 1195,노인시설,99.78,20,2024-11-15,2025-03-15,Y,9:00:00,18:00:00,N,,,N,,,N,,,126.8485,37.5216,,186607.401,546912.232,
810,다락골(구립)경로당,Y,서울특별시 양천구 신정로 273-5 ,서울특별시 양천구 신정동 521,노인시설,164.28,50,2024-11-15,2025-03-15,Y,9:00:00,18:00:00,N,,,N,,,N,,,126.8480909,37.5137938,,186569.8376,546045.8999,
811,개울건강도서관,Y,서울특별시 양천구 중앙로52길 56,서울특별시 양천구 신정동 915-2,문화시설,416.19,10,2024-11-15,2025-03-15,Y,9:00:00,22:00:00,Y,9:00:00,18:00:00,N,,,N,,,126.8566372,37.5259914,월~금 : 9시~22시 토:9시~18시 일:휴무일 상시운영,187327.4726,547398.4955,
812,신정4동주민센터,Y,서울특별시 양천구 오목로34길 5,서울특별시 양천구 신정동 949-5,주민센터,325,40,2024-11-15,2025-03-15,Y,9:00:00,18:00:00,N,,,N,,,N,,,126.8558,37.5245,,187253.2147,547233.0817,
813,양목(신정4동구립)경로당,Y,서울특별시 양천구 오목로46길 23,서울특별시 양천구 신정동 1002-18,노인시설,90.27,60,2024-11-15,2025-03-15,Y,9:00:00,18:00:00,N,,,N,,,N,,,126.8620491,37.5236309,,187805.4725,547135.794,
814,양정(신정4동구립)경로당,Y,서울특별시 양천구 은행정로7길 42,서울특별시 양천구 신정동 975-30,노인시설,99.78,60,2024-11-15,2025-03-15,Y,9:00:00,18:00:00,N,,,N,,,N,,,126.8548,37.522,,187164.3898,546955.7488,
815,양동(구립)경로당,Y,서울특별시 양천구 신정중앙로2길 10-13 ,서울특별시 양천구 신정동 937-4,노인시설,388.56,70,2024-11-15,2025-03-15,Y,9:00:00,18:00:00,N,,,N,,,N,,,126.8508,37.5269,,186811.6541,547500.1413,
816,청솔(구립)경로당,Y,서울특별시 양천구 중앙로52길 73,서울특별시 양천구 신정동 910-9,노인시설,99.78,40,2024-11-15,2025-03-15,Y,9:00:00,18:00:00,N,,,N,,,N,,,126.8586,37.5264,,187501.0422,547443.5824,
817,서부(구립)경로당,Y,서울특별시 양천구 신정중앙로17길 15,서울특별시 양천구 신정동 882-11,노인시설,215.2,60,2024-11-15,2025-03-15,Y,9:00:00,18:00:00,N,,,N,,,N,,,126.8599,37.5283,,187616.269,547654.287,
818,양천구민체육센터,Y,서울특별시 양천구 목동동로 87,서울특별시 양천구 신정동 322-10,체육시설,"1,076.00",100,2024-11-15,2025-03-15,Y,6:00:00,22:00:00,Y,6:00:00,21:00:00,N,,,N,,,126.8642056,37.5164319,일요일 공휴일 : 휴관일,187994.9487,546336.5176,
819,신정6동주민센터,Y,서울특별시 양천구 목동서로 353,서울특별시 양천구 신정동 322-9,주민센터,677,50,2024-11-15,2025-03-15,Y,9:00:00,18:00:00,N,,,N,,,N,,,126.8643692,37.517051,,188009.511,546405.2091,
820,영어특성화도서관,Y,서울특별시 양천구 목동동로 81,서울특별시 양천구 신정동 322-11,문화시설,715,30,2024-11-15,2025-03-15,Y,9:00:00,22:00:00,Y,9:00:00,18:00:00,N,,,N,,,126.8637698,37.5159894,월~금 : 9시~22시 토:9시~18시 일:휴무일 상시운영,187956.3502,546287.4614,
821,갈산도서관,Y,서울특별시 양천구 목동남로4길 48-6 ,서울특별시 양천구 신정동 337-9,문화시설,"2,678.00",28,2024-11-15,2025-03-15,Y,9:00:00,22:00:00,Y,9:00:00,18:00:00,Y,9:00:00,18:00:00,N,,,126.8673851,37.5088978,"월요일 : 휴무일 화~금 : 9시~22시 토,일:9시~18시 상시운영 ",188274.8574,545499.9268,
822,목동2차 우성(1단지)경로당,Y,서울특별시 양천구 목동남로4길 6-46 ,서울특별시 양천구 신정동 337-2,노인시설,178.35,59,2024-11-15,2025-03-15,Y,9:00:00,18:00:00,N,,,N,,,N,,,126.8648516,37.5065937,,188050.4907,545244.5198,
823,양천어르신종합복지관,Y,서울특별시 양천구 목동로3길 106,서울특별시 양천구 신정동 325-3,복지회관,70,18,2024-11-15,2025-03-15,Y,9:00:00,18:00:00,N,,,N,,,N,,,126.8586,37.5104,,187498.3732,545667.7829,
824,신정7동주민센터,Y,서울특별시 양천구 목동동로 37,서울특별시 양천구 신정동 324-5,주민센터,257,30,2024-11-15,2025-03-15,Y,9:00:00,18:00:00,N,,,N,,,N,,,126.8597,37.5144,,187596.2898,546111.5867,
825,갈산(구립)경로당,Y,서울특별시 양천구 목동남로 90,서울특별시 양천구 신정동 330-13,노인시설,99.64,26,2024-11-15,2025-03-15,Y,9:00:00,18:00:00,N,,,N,,,N,,,126.8685,37.511,,188373.7574,545733.106,
826,오금(구립)경로당,Y,서울특별시 양천구 목동남로2길 50-5 ,서울특별시 양천구 신정동 190-2,노인시설,178.35,59,2024-11-15,2025-03-15,Y,9:00:00,18:00:00,N,,,N,,,N,,,126.8638,37.5063,,187957.4635,545212.0569,
827,염창동주민센터,Y,서울특별시 강서구 양천로67가길 63,서울특별시 강서구 염창동 53-1,주민센터,"1,500.00",300,2024-11-15,2025-03-15,Y,9:00:00,18:00:00,N,,,N,,,N,,,126.8709109,37.5537464,,188593.4231,550477.1363,
828,염창어르신사랑방,Y,서울특별시 강서구 양천로73길 36,서울특별시 강서구 염창동 183,노인시설,77,15,2024-11-15,2025-03-15,Y,10:00:00,17:00:00,N,,,N,,,N,,,126.8736845,37.5517607,,188838.208,550256.4143,
829,염창강변어르신사랑방,Y,서울특별시 강서구 양천로77길 58-25 ,서울특별시 강서구 염창동 114-2,노인시설,116,23,2024-11-15,2025-03-15,Y,10:00:00,17:00:00,N,,,N,,,N,,,126.8759032,37.5515226,,189034.2273,550229.7269,
830,증미 어르신사랑방,Y,서울특별시 강서구 양천로 603-7 ,서울특별시 강서구 염창동 241-15,노인시설,97,19,2024-11-15,2025-03-15,Y,10:00:00,17:00:00,N,,,N,,,N,,,126.8657014,37.5557013,,188133.4108,550694.7519,
831,등촌1동 주민센터,Y,서울특별시 강서구 공항대로53가길 55,서울특별시 강서구 등촌동 642-1,주민센터,259,52,2024-11-15,2025-03-15,Y,9:00:00,18:00:00,N,,,N,,,N,,,126.8589082,37.5558314,,187533.1868,550710.0708,
832,등서 어르신사랑방,Y,서울특별시 강서구 화곡로68길 8,서울특별시 강서구 등촌동 639-2,노인시설,84,17,2024-11-15,2025-03-15,Y,10:00:00,17:00:00,N,,,N,,,N,,,126.854568,37.559189,,187150.2649,551083.3093,
833,등촌어르신사랑방,Y,서울특별시 강서구 화곡로66길 186-12 ,서울특별시 강서구 등촌동 645-28,노인시설,142,28,2024-11-15,2025-03-15,Y,10:00:00,17:00:00,N,,,N,,,N,,,126.8624119,37.5537735,,187842.4381,550481.2093,
834,등촌2동 주민센터,Y,서울특별시 강서구 등촌로 143,서울특별시 강서구 등촌동 560-12,주민센터,248,50,2024-11-15,2025-03-15,Y,9:00:00,18:00:00,N,,,N,,,N,,,126.8625052,37.5426581,,187848.8781,549247.5209,
835,두보(하이츠)빌라,Y,서울특별시 강서구 등촌로39가길 42,서울특별시 강서구 등촌동 515-44,노인시설,22,21,2024-11-15,2025-03-15,Y,10:00:00,17:00:00,N,,,N,,,N,,,126.8579683,37.5457389,,187448.4452,549590.0486,
836,능안 어르신사랑방,Y,서울특별시 강서구 등촌로39마길 3,서울특별시 강서구 등촌동 517-1,노인시설,60,12,2024-11-15,2025-03-15,Y,10:00:00,17:00:00,N,,,N,,,N,,,126.8600937,37.5465037,,187636.3964,549674.6506,
837,등촌3동주민센터,Y,서울특별시 강서구 화곡로63길 96,서울특별시 강서구 등촌동 705-4,주민센터,158,32,2024-11-15,2025-03-15,Y,9:00:00,18:00:00,N,,,N,,,N,,,126.8479216,37.5588692,,186562.9602,551048.7446,
838,등촌11단지(아)어르신사랑방,Y,서울특별시 강서구 공항대로43길 39,서울특별시 강서구 등촌동 705-6,노인시설,109,33,2024-11-15,2025-03-15,Y,10:00:00,17:00:00,N,,,N,,,N,,,126.849078,37.559206,,186665.1952,551085.9608,
839,등촌9종합사회복지관푸른경로당,Y,서울특별시 강서구 화곡로63가길 92,서울특별시 강서구 등촌동 704,노인시설,138,28,2024-11-15,2025-03-15,Y,10:00:00,17:00:00,N,,,N,,,N,,,126.8500886,37.5620466,,186754.9903,551401.0912,
840,등촌7단지어르신사랑방,Y,서울특별시 강서구 공항대로43길 104,서울특별시 강서구 등촌동 707,노인시설,74,15,2024-11-15,2025-03-15,Y,10:00:00,17:00:00,N,,,N,,,N,,,126.8522269,37.5603662,,186943.6208,551214.2873,
841,등촌6단지(아)어르신사랑방,Y,서울특별시 강서구 화곡로63가길 18,서울특별시 강서구 등촌동 705,노인시설,63.47,19,2024-11-15,2025-03-15,Y,10:00:00,17:00:00,N,,,N,,,N,,,126.8481806,37.5599827,,186586.0441,551172.2931,
842,등촌4단지(아)경로당,Y,서울특별시 강서구 공항대로39길 59,서울특별시 강서구 등촌동 690,노인시설,184,37,2024-11-15,2025-03-15,Y,10:00:00,17:00:00,N,,,N,,,N,,,126.8431402,37.5615437,,186140.99,551346.2771,
843,등촌주공1단지어르신사랑방,Y,서울특별시 강서구 강서로68길 36,서울특별시 강서구 등촌동 687,노인시설,209,42,2024-11-15,2025-03-15,Y,10:00:00,15:00:00,N,,,N,,,N,,,126.8423691,37.5650614,,186073.5159,551736.8147,
844,화곡1동 주민센터,Y,서울특별시 강서구 곰달래로 79,서울특별시 강서구 화곡동 425-4,주민센터,249,50,2024-11-15,2025-03-15,Y,9:00:00,18:00:00,N,,,N,,,N,,,126.8415696,37.5304289,,185996.4037,547893.14,
845,곰달래어르신사랑방,Y,서울특별시 강서구 월정로20길 38,서울특별시 강서구 화곡동 922-10,노인시설,91,18,2024-11-15,2025-03-15,Y,10:00:00,17:00:00,N,,,N,,,N,,,126.8407227,37.529633,,185921.397,547804.9313,
846,공원어르신사랑방,Y,서울특별시 강서구 가로공원로77길 30,서울특별시 강서구 화곡동 379-32,노인시설,243,49,2024-11-15,2025-03-15,Y,10:00:00,17:00:00,N,,,N,,,N,,,126.8385209,37.5380244,,185728.3777,548736.6061,
847,구립예촌 어르신사랑방,Y,서울특별시 강서구 곰달래로 83-1 ,서울특별시 강서구 화곡동 425-9,노인시설,376,75,2024-11-15,2025-03-15,Y,10:00:00,17:00:00,N,,,N,,,N,,,126.842165,37.5304029,,186049.0261,547890.1658,
848,화곡2동주민센터,Y,서울특별시 강서구 곰달래로37길 13,서울특별시 강서구 화곡동 860-4,주민센터,"1,333.00",267,2024-11-15,2025-03-15,Y,9:00:00,18:00:00,N,,,N,,,N,,,126.854548,37.5318516,,187143.8039,548049.189,
849,골안말 어르신사랑방,Y,서울특별시 강서구 곰달래로45길 17,서울특별시 강서구 화곡동 865-1,노인시설,138,28,2024-11-15,2025-03-15,Y,10:00:00,17:00:00,N,,,N,,,N,,,126.856048,37.5333119,,187276.6339,548211.0604,
850,하마터 어르신사랑방,Y,서울특별시 강서구 곰달래로36길 22,서울특별시 강서구 화곡동 883-3,노인시설,152,30,2024-11-15,2025-03-15,Y,10:00:00,17:00:00,N,,,N,,,N,,,126.8537633,37.5300881,,187074.1416,547853.5697,
851,수명 어르신사랑방,Y,서울특별시 강서구 화곡로15길 18,서울특별시 강서구 화곡동 1044-31,노인시설,96,19,2024-11-15,2025-03-15,Y,13:00:00,17:00:00,N,,,N,,,N,,,126.834343,37.5408687,,185359.6882,549052.9312,
852,푸른 어르신사랑방,Y,서울특별시 강서구 강서로45다길 74,서울특별시 강서구 화곡동 1016-34,노인시설,90,18,2024-11-15,2025-03-15,Y,10:00:00,17:00:00,N,,,N,,,N,,,126.8347482,37.5446583,,185396.2379,549473.4682,
853,화곡4동주민센터,Y,서울특별시 강서구 곰달래로57가길 26,서울특별시 강서구 화곡동 809-3,주민센터,"1,327.00",265,2024-11-15,2025-03-15,Y,9:00:00,18:00:00,N,,,N,,,N,,,126.8607325,37.5346082,,187690.8922,548354.3104,
854,무지개 어르신사랑방,Y,서울특별시 강서구 곰달래로57가길 19,서울특별시 강서구 화곡동 810-6,노인시설,197,39,2024-11-15,2025-03-15,Y,10:00:00,17:00:00,N,,,N,,,N,,,126.8608809,37.5340486,,187703.9166,548292.1822,
855,신곡 어르신사랑방,Y,서울특별시 강서구 곰달래로49길 130,서울특별시 강서구 화곡동 466-9,노인시설,517,103,2024-11-15,2025-03-15,Y,10:00:00,15:00:00,N,,,N,,,N,,,126.8544826,37.5366873,,187138.8538,548585.9015,
856,화친 어르신사랑방,Y,서울특별시 강서구 강서로8길 203,서울특별시 강서구 화곡동 792-9,노인시설,96,19,2024-11-15,2025-03-15,Y,10:00:00,17:00:00,N,,,N,,,N,,,126.8594132,37.5311046,,187573.705,547965.6273,
857,화곡본동 주민센터,Y,서울특별시 강서구 초록마을로5길 29,서울특별시 강서구 화곡동 46-148,주민센터,372,74,2024-11-15,2025-03-15,Y,9:00:00,18:00:00,N,,,N,,,N,,,126.8476296,37.5440288,,186534.4906,549401.6785,
858,거성경로당,Y,서울특별시 강서구 초록마을로 65,서울특별시 강서구 화곡동 50-120,노인시설,59,22,2024-11-15,2025-03-15,Y,10:00:00,17:00:00,N,,,N,,,N,,,126.8499746,37.5427671,,186741.5032,549261.3117,
859,봉제 어르신사랑방,Y,,서울특별시 강서구 화곡동 산 47-16,노인시설,90,18,2024-11-15,2025-03-15,Y,10:00:00,17:00:00,N,,,N,,,N,,,126.8517011,37.5457427,,186894.6037,549591.3255,
860,초록동 어르신사랑방,Y,서울특별시 강서구 초록마을로14길 36,서울특별시 강서구 화곡동 55-79,노인시설,431,86,2024-11-15,2025-03-15,Y,10:00:00,17:00:00,Y,13:00:00,17:00:00,Y,13:00:00,17:00:00,Y,13:00:00,17:00:00,126.8484604,37.5411212,,186607.3913,549078.8513,
861,화촌어르신사랑방,Y,서울특별시 강서구 까치산로4길 30-21 ,서울특별시 강서구 화곡동 105-382,노인시설,194,39,2024-11-15,2025-03-15,Y,10:00:00,17:00:00,N,,,N,,,N,,,126.8445,37.5407,,186257.3057,549032.6746,
862,강서구청 ,Y,서울특별시 강서구 화곡로 302,서울특별시 강서구 화곡동 980-16,기타,45,13,2025-01-24,2025-03-15,Y,9:00:00,18:00:00,N,,,N,,,N,,,126.8496037,37.550889,한파특보 발효시 24시간 운영,186710.1669,550162.7977,
863,화곡6동주민센터,Y,서울특별시 강서구 공항대로46길 105,서울특별시 강서구 화곡동 980-19,주민센터,316,63,2024-11-15,2025-03-15,Y,9:00:00,18:00:00,N,,,N,,,N,,,126.8509,37.550775,,186824.695,550149.9626,
864,우장산 어르신사랑방,Y,서울특별시 강서구 화곡로53길 56-10 ,서울특별시 강서구 화곡동 994-5,노인시설,91,18,2024-11-15,2025-03-15,Y,10:00:00,17:00:00,N,,,N,,,N,,,126.8464445,37.552023,,186431.2083,550289.1095,
865,중앙어르신사랑방,Y,서울특별시 강서구 화곡로44가길 52-4 ,서울특별시 강서구 화곡동 978-18,노인시설,90,18,2024-11-15,2025-03-15,Y,10:00:00,17:00:00,N,,,N,,,N,,,126.8489572,37.5497762,,186652.8402,550039.3817,
866,연지어르신사랑방,Y,서울특별시 강서구 화곡로58길 30-7 ,서울특별시 강서구 화곡동 1121-19,노인시설,197,39,2024-11-15,2025-03-15,Y,10:00:00,17:00:00,N,,,N,,,N,,,126.852599,37.5524298,,186975.1161,550333.389,
867,화곡8동 주민센터,Y,서울특별시 강서구 곰달래로25길 45,서울특별시 강서구 화곡동 341-4,주민센터,309,62,2024-11-15,2025-03-15,Y,9:00:00,18:00:00,N,,,N,,,N,,,126.8483058,37.5327177,,186592.2237,548146.1871,
868,안골어르신사랑방,Y,서울특별시 강서구 강서로18아길 15-9 ,서울특별시 강서구 화곡동 155-1,노인시설,122,24,2024-11-15,2025-03-15,Y,10:00:00,17:00:00,N,,,N,,,N,,,126.8507451,37.5360294,,186808.4093,548513.4004,
869,약수어르신사랑방,Y,서울특별시 강서구 초록마을로32길 32,서울특별시 강서구 화곡동 409-84,노인시설,93,19,2024-11-15,2025-03-15,Y,10:00:00,17:00:00,N,,,N,,,N,,,126.8475012,37.5380028,,186522.0588,548732.8837,
870,화곡 어르신사랑방,Y,서울특별시 강서구 강서로12길 15-10 ,서울특별시 강서구 화곡동 341-41,노인시설,223,45,2024-11-15,2025-03-15,Y,10:00:00,17:00:00,N,,,N,,,N,,,126.8477528,37.532109,,186543.2364,548078.7078,
871,화곡일심어르신사랑방,Y,서울특별시 강서구 곰달래로30길 14,서울특별시 강서구 화곡동 878-3,노인시설,92.52,28,2024-11-15,2025-03-15,Y,10:00:00,17:00:00,N,,,N,,,N,,,126.8514336,37.5302272,,186868.2437,547869.3308,
872,가양1동 주민센터,Y,서울특별시 강서구 허준로 30,서울특별시 강서구 가양동 1462-3,주민센터,"2,388.00",478,2024-11-15,2025-03-15,Y,9:00:00,18:00:00,N,,,N,,,N,,,126.8446542,37.5695181,,186276.2193,552231.1206,
873,가양어르신사랑방,Y,서울특별시 강서구 양천로47나길 48-6 ,서울특별시 강서구 가양동 236-4,노인시설,134,27,2024-11-15,2025-03-15,Y,10:00:00,17:00:00,N,,,N,,,N,,,126.8400207,37.5723268,,185867.4105,552543.5408,
874,마곡 어르신사랑방,Y,서울특별시 강서구 양천로30길 20,서울특별시 강서구 마곡동 326-32,노인시설,190,38,2024-11-15,2025-03-15,Y,10:00:00,17:00:00,N,,,N,,,N,,,126.8226,37.5723,,184328.457,552543.3291,
875,성재정어르신사랑방,Y,서울특별시 강서구 강서로74길 11,서울특별시 강서구 등촌동 747,노인시설,257,51,2024-11-15,2025-03-15,Y,10:00:00,17:00:00,N,,,N,,,N,,,126.8419138,37.5677714,,186033.7967,552037.6609,
876,후포어르신사랑방,Y,서울특별시 강서구 양천로47길 104,서울특별시 강서구 마곡동 5-37,노인시설,286,57,2024-11-15,2025-03-15,Y,10:00:00,17:00:00,N,,,N,,,N,,,126.837054,37.574903,,185605.8275,552829.9198,
877,가양2동주민센터,Y,서울특별시 강서구 허준로 93,서울특별시 강서구 가양동 1472-4,주민센터,"1,953.00",391,2024-11-15,2025-03-15,Y,9:00:00,18:00:00,N,,,N,,,N,,,126.8512612,37.5673814,,186859.5293,551993.0273,
878,가양4단지어르신사랑방,Y,서울특별시 강서구 양천로57길 37,서울특별시 강서구 가양동 1478,노인시설,226,45,2024-11-15,2025-03-15,Y,10:00:00,17:00:00,N,,,N,,,N,,,126.852597,37.5646525,,186977.0668,551689.9651,
879,가양5종합사회복지관장수경로당,Y,서울특별시 강서구 양천로57길 36,서울특별시 강서구 가양동 1481,노인시설,164,33,2024-11-15,2025-03-15,Y,10:00:00,17:00:00,N,,,N,,,N,,,126.8534714,37.5642549,,187054.2506,551645.7154,
880,가양3동주민센터,Y,서울특별시 강서구 허준로 202,서울특별시 강서구 가양동 1488-1,주민센터,478,96,2024-11-15,2025-03-15,Y,9:00:00,18:00:00,N,,,N,,,N,,,126.86054,37.561058,,187678.2327,551289.9466,
881,가양9-1단지(아)어르신사랑방,Y,서울특별시 강서구 허준로 224,서울특별시 강서구 가양동 1489,노인시설,79,24,2024-11-15,2025-03-15,Y,10:00:00,17:00:00,N,,,N,,,N,,,126.8616388,37.5600819,,187775.156,551181.4675,
882,가양8단지(아)어르신사랑방,Y,서울특별시 강서구 허준로 176,서울특별시 강서구 가양동 1482,노인시설,138.6,42,2024-11-15,2025-03-15,Y,10:00:00,17:00:00,N,,,N,,,N,,,126.8569636,37.562133,,187362.427,551409.7339,
883,가양7종합사회복지관정우경로당,Y,서울특별시 강서구 허준로 209,서울특별시 강서구 가양동 1486,노인시설,94,19,2024-11-15,2025-03-15,Y,10:00:00,17:00:00,N,,,N,,,N,,,126.861331,37.561876,,187748.2542,551380.6317,
884,발산1동 주민센터,Y,서울특별시 강서구 강서로47길 54,서울특별시 강서구 내발산동 681-5,주민센터,423,85,2024-11-15,2025-03-15,Y,9:00:00,18:00:00,N,,,N,,,N,,,126.8331316,37.553107,,185255.0387,550411.4255,
885,발음어르신경로당,Y,서울특별시 강서구 강서로47길 61-21 ,서울특별시 강서구 내발산동 697,노인시설,90,18,2024-11-15,2025-03-15,Y,10:00:00,17:00:00,N,,,N,,,N,,,126.8331841,37.552047,,185259.469,550293.7698,
886,신광명 어르신사랑방,Y,서울특별시 강서구 남부순환로19길 105,서울특별시 강서구 외발산동 221-1,노인시설,260,52,2024-11-15,2025-03-15,Y,11:00:00,17:00:00,N,,,N,,,N,,,126.822902,37.546867,,184349.8171,549720.5134,
887,우장산동주민센터,Y,서울특별시 강서구 우현로 34,서울특별시 강서구 화곡동 1159-4,주민센터,699,140,2024-11-15,2025-03-15,Y,9:00:00,18:00:00,N,,,N,,,N,,,126.841791,37.548234,,186019.298,549869.2575,
888,화곡3동주민센터,Y,서울특별시 강서구 강서로33가길 17,서울특별시 강서구 화곡동 1050-3,주민센터,315,63,2024-11-15,2025-03-15,Y,9:00:00,18:00:00,N,,,N,,,N,,,126.8384421,37.5425588,,185722.278,549239.8816,
889,원당어르신사랑방,Y,서울특별시 강서구 강서로52길 72,서울특별시 강서구 내발산동 650,노인시설,96,19,2024-11-15,2025-03-15,Y,10:00:00,17:00:00,N,,,N,,,N,,,126.8420979,37.5574128,,186048.1295,550887.9498,
890,봉바위어르신사랑방,Y,서울특별시 강서구 강서로34길 34,서울특별시 강서구 화곡동 1061-36,노인시설,90,18,2024-11-15,2025-03-15,Y,10:00:00,17:00:00,N,,,N,,,N,,,126.841371,37.543202,,185981.2409,549310.8284,
891,공항동 주민센터,Y,서울특별시 강서구 송정로 45,서울특별시 강서구 공항동 60-28,주민센터,"1,045.00",209,2024-11-15,2025-03-15,Y,9:00:00,18:00:00,N,,,N,,,N,,,126.8100389,37.5588443,,183215.7878,551052.0712,
892,공항 어르신사랑방,Y,서울특별시 강서구 공항대로2가길 5-3 ,서울특별시 강서구 공항동 51-50,노인시설,97,20,2024-11-15,2025-03-15,Y,10:00:00,17:00:00,N,,,N,,,N,,,126.8090426,37.5603833,,183128.1056,551223.0606,
893,공항동부어르신사랑방,Y,서울특별시 강서구 공항대로8길 33-9 ,서울특별시 강서구 공항동 41-68,노인시설,147,29,2024-11-15,2025-03-15,Y,10:00:00,17:00:00,N,,,N,,,N,,,126.8128315,37.5595668,,183462.6908,551131.7653,
894,다솔 어르신사랑방,Y,서울특별시 강서구 방화대로6길 24-3 ,서울특별시 강서구 공항동 1361-1,노인시설,349,70,2024-11-15,2025-03-15,Y,10:00:00,17:00:00,Y,13:00:00,17:00:00,Y,13:00:00,17:00:00,Y,13:00:00,17:00:00,126.8181688,37.5548175,,183933.2497,550603.723,
895,산우물어르신사랑방,Y,서울특별시 강서구 방화대로21가길 18,서울특별시 강서구 공항동 2-91,노인시설,167,33,2024-11-15,2025-03-15,Y,10:00:00,17:00:00,N,,,N,,,N,,,126.8146671,37.5637265,,183625.7861,551593.1221,
896,장미어르신사랑방,Y,서울특별시 강서구 방화대로7다길 35-20 ,서울특별시 강서구 공항동 668,노인시설,110,22,2024-11-15,2025-03-15,Y,10:00:00,17:00:00,N,,,N,,,N,,,126.8137981,37.5568565,,183547.4991,550830.7841,
897,방화1동 주민센터,Y,서울특별시 강서구 방화대로 330,서울특별시 강서구 마곡동 733-2,주민센터,622,124,2024-11-15,2025-03-15,Y,9:00:00,18:00:00,N,,,N,,,N,,,126.8170195,37.5703452,,183835.0519,552327.3141,
898,대한항공정우회,Y,서울특별시 강서구 양천로24길 108,서울특별시 강서구 방화동 246-36,노인시설,14,34,2024-11-15,2025-03-15,Y,10:00:00,17:00:00,N,,,N,,,N,,,126.8151908,37.5685206,,183673.1016,552125.1206,
899,방화동부어르신사랑방,Y,서울특별시 강서구 양천로28길 12-9 ,서울특별시 강서구 마곡동 1237,노인시설,99,20,2024-11-15,2025-03-15,Y,10:00:00,17:00:00,N,,,N,,,N,,,126.8199036,37.572525,,184090.3043,552568.7546,
900,방화구립어르신사랑방,Y,서울특별시 강서구 방화대로37길 47-5 ,서울특별시 강서구 방화동 262-7,노인시설,116,23,2024-11-15,2025-03-15,Y,10:00:00,17:00:00,N,,,N,,,N,,,126.8139,37.5698,,183559.3475,552267.3444,
901,복종어르신사랑방,Y,서울특별시 강서구 양천로7길 11,서울특별시 강서구 방화동 494-3,노인시설,96,19,2024-11-15,2025-03-15,Y,10:00:00,17:00:00,N,,,N,,,N,,,126.8077332,37.5734111,,183015.3728,552669.2319,
902,방화일심어르신사랑방,Y,서울특별시 강서구 방화대로 297-9 ,서울특별시 강서구 방화동 217-159,노인시설,199,40,2024-11-15,2025-03-15,Y,10:00:00,17:00:00,N,,,N,,,N,,,126.8160011,37.5668749,,183744.3297,551942.3264,
903,방화2동 주민센터,Y,서울특별시 강서구 개화동로21길 52,서울특별시 강서구 방화동 850,주민센터,180,36,2024-11-15,2025-03-15,Y,9:00:00,18:00:00,N,,,N,,,N,,,126.8054,37.5715,,182808.8211,552457.546,
904,방화11종합사회복지관경로당,Y,서울특별시 강서구 개화동로21길 4,서울특별시 강서구 방화동 851,노인시설,123,25,2024-11-15,2025-03-15,Y,10:00:00,17:00:00,N,,,N,,,N,,,126.806,37.5694,,182861.3446,552224.3605,
905,내촌어르신사랑방,Y,서울특별시 강서구 개화동로13길 12-8 ,서울특별시 강서구 개화동 551-34,노인시설,127,25,2024-11-15,2025-03-15,Y,10:00:00,17:00:00,N,,,N,,,N,,,126.80158,37.5774711,,182472.7572,553120.9758,
906,방화 어르신사랑방,Y,서울특별시 강서구 개화동로23길 26,서울특별시 강서구 방화동 648-23,노인시설,180,36,2024-11-15,2025-03-15,Y,10:00:00,17:00:00,N,,,N,,,N,,,126.8070831,37.5666716,,182956.408,551921.3425,
907,개화어르신사랑방,Y,서울특별시 강서구 개화동로5길 3-66 ,서울특별시 강서구 개화동 373-64,노인시설,114,22,2024-11-15,2025-03-15,Y,10:00:00,17:00:00,N,,,N,,,N,,,126.7987829,37.5831062,,182227.0173,553746.9339,
908,상사어르신사랑방,Y,서울특별시 강서구 개화길 52,서울특별시 강서구 개화동 227,노인시설,163,32,2024-11-15,2025-03-15,Y,10:00:00,17:00:00,N,,,N,,,N,,,126.801554,37.586793,,182472.6461,554155.6068,
909,방화3동주민센터,Y,서울특별시 강서구 금낭화로24길 5,서울특별시 강서구 방화동 828,주민센터,"1,305.00",261,2024-11-15,2025-03-15,Y,9:00:00,18:00:00,N,,,N,,,N,,,126.813523,37.5787451,,183528.0125,553260.2144,
910,방화9단지(아)어르신사랑방,Y,서울특별시 강서구 양천로11길 57,서울특별시 강서구 방화동 807,노인시설,19,12,2024-11-15,2025-03-15,Y,10:00:00,17:00:00,N,,,N,,,N,,,126.8075627,37.574991,,183000.6701,552844.6136,
911,방화6단지어르신사랑방,Y,서울특별시 강서구 금낭화로23길 25,서울특별시 강서구 방화동 816,노인시설,90.7,50,2024-11-15,2025-03-15,Y,10:00:00,17:00:00,N,,,N,,,N,,,126.8108645,37.5778926,,183292.9897,553166.066,
912,방화2종합사회복지관우정경로당,Y,서울특별시 강서구 방화대로48길 40,서울특별시 강서구 방화동 839,노인시설,88,18,2024-11-15,2025-03-15,Y,10:00:00,17:00:00,N,,,N,,,N,,,126.8201372,37.5742446,,184111.3058,552759.571,
913,능말어르신사랑방,Y,서울특별시 강서구 금낭화로19길 7-3 ,서울특별시 강서구 방화동 811-15,노인시설,151,30,2024-11-15,2025-03-15,Y,10:00:00,17:00:00,N,,,N,,,N,,,126.8114118,37.5754732,,183340.7957,552897.4429,
914,치현 어르신사랑방,Y,서울특별시 강서구 금낭화로24가길 40,서울특별시 강서구 방화동 823-1,노인시설,318,64,2024-11-15,2025-03-15,Y,10:00:00,17:00:00,N,,,N,,,N,,,126.8152577,37.5798305,,183681.48,553380.3788,
915,신도림동주민센터,Y,서울특별시 구로구 신도림로 40,서울특별시 구로구 신도림동 390-44,주민센터,"1,983.00",600,2024-11-15,2025-03-15,Y,9:00:00,18:00:00,N,,,N,,,N,,,126.880604,37.5077837,,189443.4497,545374.7109,
916,구로1동 주민센터,Y,서울특별시 구로구 구일로4길 57,서울특별시 구로구 구로동 685-213,주민센터,712,215,2024-11-15,2025-03-15,Y,9:00:00,18:00:00,N,,,N,,,N,,,126.875755,37.493013,,189012.5548,543735.9086,
917,구로구청 한파쉼터,Y,서울특별시 구로구 가마산로 245,서울특별시 구로구 구로동 435,기타,34.8,6,2024-11-15,2025-03-15,Y,9:00:00,18:00:00,Y,9:00:00,18:00:00,Y,9:00:00,18:00:00,Y,9:00:00,18:00:00,126.8876921,37.4953504,,190068.5067,543994.0032,
918,구로2동 주민센터,Y,서울특별시 구로구 구로동로 141,서울특별시 구로구 구로동 704-57,주민센터,"2,460.00",745,2024-11-15,2025-03-15,Y,9:00:00,18:00:00,N,,,N,,,N,,,126.8835711,37.4913193,,189703.5292,543547.0464,
919,구로3동주민센터,Y,서울특별시 구로구 디지털로31길 109,서울특별시 구로구 구로동 777-22,주민센터,471,142,2024-11-15,2025-03-15,Y,9:00:00,18:00:00,N,,,N,,,N,,,126.8903054,37.4874416,,190298.5805,543115.9572,
920,구로4동 주민센터,Y,서울특별시 구로구 구로동로28길 94,서울특별시 구로구 구로동 317-87,주민센터,857,259,2024-11-15,2025-03-15,Y,9:00:00,18:00:00,N,,,N,,,N,,,126.889132,37.491563,,190195.3433,543573.5002,
921,푸른솔경로당,Y,서울특별시 구로구 구로중앙로32나길 12,서울특별시 구로구 구로동 551-13,노인시설,101,60,2024-11-18,2025-03-15,Y,10:00:00,17:00:00,N,,,N,,,N,,,126.8855265,37.5016084,,189877.8453,544688.7909,
922,구로5동 주민센터,Y,서울특별시 구로구 구로중앙로28길 66,서울특별시 구로구 구로동 109-4,주민센터,547,165,2024-11-15,2025-03-15,Y,9:00:00,18:00:00,N,,,N,,,N,,,126.889289,37.500043,,190210.3347,544514.6537,
923,가리봉동 주민센터,Y,서울특별시 구로구 우마2길 35,서울특별시 구로구 가리봉동 118-11,주민센터,511,154,2024-11-15,2025-03-15,Y,9:00:00,18:00:00,N,,,N,,,N,,,126.8897691,37.4824503,,190250.5014,542562.0442,
924,고척1동 주민센터,Y,서울특별시 구로구 중앙로3길 18-8 ,서울특별시 구로구 고척동 82-9,주민센터,120,36,2024-11-15,2025-03-15,Y,9:00:00,18:00:00,N,,,N,,,N,,,126.862775,37.500368,,187865.8749,544553.8126,
925,고척2동 주민센터,Y,서울특별시 구로구 중앙로15길 22,서울특별시 구로구 고척동 339-2,주민센터,"1,930.00",584,2024-11-15,2025-03-15,Y,9:00:00,18:00:00,N,,,N,,,N,,,126.858585,37.506671,,187496.425,545253.9133,
926,개봉1동 경로당,Y,서울특별시 구로구 경인로35길 40-1 ,서울특별시 구로구 개봉동 154-33,노인시설,107,60,2024-11-18,2025-03-15,Y,10:00:00,17:00:00,N,,,N,,,N,,,126.853973,37.499093,,187087.3378,544413.4752,
927,개봉1동 주민센터,Y,서울특별시 구로구 경인로33길 51,서울특별시 구로구 개봉동 134-8,주민센터,632,191,2024-11-15,2025-03-15,Y,9:00:00,18:00:00,N,,,N,,,N,,,126.851117,37.50021,,186834.9876,544537.8435,
928,개봉2동 주민센터,Y,서울특별시 구로구 개봉로16가길 17,서울특별시 구로구 개봉동 261-6,주민센터,"2,053.00",622,2024-11-15,2025-03-15,Y,9:00:00,18:00:00,N,,,N,,,N,,,126.856584,37.4908316,,187316.8226,543496.2119,
929,개봉3동 주민센터,Y,서울특별시 구로구 개봉로3길 47-5 ,서울특별시 구로구 개봉동 360-7,주민센터,572,173,2024-11-15,2025-03-15,Y,9:00:00,18:00:00,N,,,N,,,N,,,126.8538272,37.4859537,,187072.1808,542955.2038,
930,오류1동 주민센터,Y,서울특별시 구로구 경인로27길 10,서울특별시 구로구 오류동 31-11,주민센터,"1,287.00",390,2024-11-15,2025-03-15,Y,9:00:00,18:00:00,N,,,N,,,N,,,126.8452791,37.4972542,,186318.2304,544210.6203,
931,오정경로당,Y,서울특별시 구로구 오리로13가길 30,서울특별시 구로구 오류동 337,노인시설,90,50,2024-11-18,2025-03-15,Y,10:00:00,17:00:00,N,,,N,,,N,,,126.8304746,37.4894321,,185007.5231,543344.7236,
932,응골경로당,Y,서울특별시 구로구 서해안로 2340-11 ,서울특별시 구로구 오류동 137-7,노인시설,68,40,2024-11-18,2025-03-15,Y,10:00:00,17:00:00,N,,,N,,,N,,,126.844644,37.4934123,,186261.3655,543784.3117,
933,오리골경로당,Y,서울특별시 구로구 천왕로 106,서울특별시 구로구 천왕동 279-3,노인시설,165,60,2024-11-18,2025-03-15,Y,10:00:00,17:00:00,N,,,N,,,N,,,126.8385553,37.4860349,,185721.5175,542966.4226,
934,오류2동 주민센터,Y,서울특별시 구로구 오류로 45,서울특별시 구로구 오류동 172-76,주민센터,458,138,2024-11-15,2025-03-15,Y,9:00:00,18:00:00,N,,,N,,,N,,,126.8394745,37.4887627,,185803.3296,543269.0336,
935,수궁동 주민센터,Y,서울특별시 구로구 오리로15길 32,서울특별시 구로구 궁동 213-42,주민센터,769,233,2024-11-15,2025-03-15,Y,9:00:00,18:00:00,N,,,N,,,N,,,126.8314537,37.4938646,,185094.9936,543836.518,
936,구립수목원경로당,Y,서울특별시 구로구 연동로 296-12 ,서울특별시 구로구 항동 5-6,노인시설,41,40,2024-11-18,2025-03-15,Y,10:00:00,17:00:00,N,,,N,,,N,,,126.8243434,37.4862741,,184464.638,542995.2209,
937,항동주민센터,Y,서울특별시 구로구 연동로 191-19 ,서울특별시 구로구 항동 243-1,주민센터,386,116,2024-11-15,2025-03-15,Y,9:00:00,18:00:00,N,,,N,,,N,,,126.8224112,37.4792566,,184292.2819,542216.6912,
938,대한적십자사 금천봉사나눔터,Y,서울특별시 금천구 가산디지털2로 169-44 ,서울특별시 금천구 가산동 535-146,기타,20,20,2024-12-02,2025-03-15,Y,9:00:00,18:00:00,N,,,N,,,N,,,126.8749505,37.48264,,188939.8807,542584.7359,
939,책이든거리작은도서관,Y,서울특별시 금천구 가산동 677,서울특별시 금천구 가산동 677,문화시설,12,10,2024-12-02,2025-03-15,Y,10:00:00,18:00:00,N,,,N,,,N,,,126.8885386,37.4663345,월요일 휴관,190139.5513,540773.5343,
940,금천구립가산도서관,Y,서울특별시 금천구 가산로5길 43,서울특별시 금천구 가산동 235-3,문화시설,20,20,2024-12-02,2025-03-15,Y,9:00:00,18:00:00,N,,,N,,,N,,,126.8921193,37.4734915,"매월 두번째, 네번째 월요일 휴관",190457.2284,541567.496,
941,우정경로당,Y,서울특별시 금천구 두산로3길 49,서울특별시 금천구 가산동 238-3,노인시설,180.21,30,2022-11-15,2025-03-15,Y,13:00:00,17:00:00,N,,,N,,,N,,,126.8887064,37.4726854,,190155.2287,541478.381,
942,가산동주민센터,Y,서울특별시 금천구 가산로 129,서울특별시 금천구 가산동 144-3,주민센터,163.1,30,2019-05-20,2025-03-15,Y,9:00:00,18:00:00,N,,,N,,,N,,,126.8917866,37.4769139,*한파특보 시 : 평일 21:00까지 연장운영,190428.2354,541947.3704,
943,복숭아마을 수다방,Y,서울특별시 금천구 시흥대로139길 28,서울특별시 금천구 독산동 149-61,기타,53.68,15,2024-12-02,2025-03-15,Y,9:00:00,18:00:00,N,,,N,,,N,,,126.896518,37.472971,,190846.2596,541509.2909,
944,금하마을주민공동이용시설(1층 공유부엌),Y,서울특별시 금천구 금하로1다길 16,서울특별시 금천구 독산동 1118-8,기타,53.69,16,2024-12-02,2025-03-15,Y,9:00:00,18:00:00,N,,,N,,,N,,,126.8914194,37.4529858,,190392.6942,539291.7134,
945,모두의 마을공간 커뮤니티센터(1층 다목적홀),Y,서울특별시 금천구 벚꽃로 14,서울특별시 금천구 독산동 1151,기타,104,31,2024-12-02,2026-03-15,Y,9:00:00,17:00:00,N,,,N,,,N,,,126.8944073,37.4572563,내부공사로 미운영,190657.5975,539765.3797,
946,금천뮤지컬센터,Y,서울특별시 금천구 시흥대로115길 48,서울특별시 금천구 독산동 300-21,문화시설,32,20,2024-12-02,2024-12-21,Y,9:00:00,18:00:00,N,,,N,,,N,,,126.8938494,37.4689402,,190609.6981,541062.189,
947,금나래문화체육센터(1층 북카페),Y,서울특별시 금천구 시흥대로79길 32,서울특별시 금천구 독산동 1148,기타,252.72,76,2024-12-02,2025-03-15,Y,9:00:00,18:00:00,N,,,N,,,N,,,126.896411,37.458887,,190835.0756,539946.1682,
948,참새경로당,Y,서울특별시 금천구 한내로 55,서울특별시 금천구 독산동 1088-2,노인시설,149.3,20,2024-11-15,2025-03-15,Y,9:00:00,18:00:00,N,,,N,,,N,,,126.8871926,37.4569538,,190019.2304,539732.5462,
949,금천한내어르신복지센터,Y,서울특별시 금천구 한내로 69-15 ,서울특별시 금천구 독산동 1088-1,복지회관,150,30,2023-11-15,2025-03-15,Y,9:00:00,18:00:00,N,,,N,,,N,,,126.8869883,37.4571583,,190001.182,539755.2646,
950,복지경로당,Y,서울특별시 금천구 벚꽃로10길 94,서울특별시 금천구 독산동 1010,노인시설,167,40,2022-11-15,2025-03-15,Y,13:00:00,17:00:00,N,,,N,,,N,,,126.895285,37.464581,,190736.1564,540578.2347,
951,독산1동주민센터,Y,서울특별시 금천구 시흥대로123길 11,서울특별시 금천구 독산동 289-5,주민센터,108,100,2019-05-20,2025-03-15,Y,9:00:00,18:00:00,N,,,N,,,N,,,126.8970489,37.4702215,*한파특보 시 : 평일 21:00까지 연장운영,190892.888,541204.0819,
952,독산4동주민센터,Y,서울특별시 금천구 독산로 232,서울특별시 금천구 독산동 1022,주민센터,33,30,2019-05-20,2025-03-15,Y,9:00:00,18:00:00,N,,,N,,,N,,,126.9021953,37.4675529,*한파특보 시 : 평일 21:00까지 연장운영,191347.834,540907.4181,
953,금천평생학습관 독산,Y,서울특별시 금천구 범안로 1240-7 ,서울특별시 금천구 독산동 1035-13,기타,20,25,2024-12-02,2025-03-15,Y,9:00:00,18:00:00,N,,,N,,,N,,,126.8997636,37.4661024,,191132.5454,540746.6584,
954,독산2동마을활력소(정감),Y,서울특별시 금천구 시흥대로 342,서울특별시 금천구 독산동 1054-8,기타,66,30,2024-12-02,2025-03-15,Y,9:00:00,18:00:00,N,,,N,,,N,,,126.8981302,37.464312,,190987.8311,540548.1033,
955,독산2동 어르신쉼터,Y,서울특별시 금천구 독산로67길 32,서울특별시 금천구 독산동 1036-37,노인시설,42.13,15,2023-11-15,2025-03-15,Y,9:00:00,18:00:00,N,,,N,,,N,,,126.9008178,37.4646143,,191225.6318,540581.4008,
956,정훈경로당,Y,서울특별시 금천구 독산로64길 79,서울특별시 금천구 독산동 378-21,노인시설,106,20,2022-11-15,2025-03-15,Y,13:00:00,17:00:00,N,,,N,,,N,,,126.906432,37.466802,,191722.5455,540823.6976,
957,독산2동주민센터,Y,서울특별시 금천구 독산로 179,서울특별시 금천구 독산동 1043-51,주민센터,211,30,2019-05-20,2025-03-15,Y,9:00:00,18:00:00,N,,,N,,,N,,,126.90349,37.4631486,*한파특보 시 : 평일 21:00까지 연장운영,191461.8671,540418.4825,
958,만수경로당,Y,서울특별시 금천구 시흥대로90길 60-3 ,서울특별시 금천구 독산동 1063-14,노인시설,110.7,20,2022-11-15,2025-03-15,Y,13:00:00,17:00:00,N,,,N,,,N,,,126.900969,37.4628214,,191238.7988,540382.3992,
959,독산보건지소,Y,서울특별시 금천구 독산로87길 27,서울특별시 금천구 독산동 985-22,보건소,12,10,2024-12-02,2025-03-15,Y,9:00:00,18:00:00,N,,,N,,,N,,,126.9022527,37.4736703,,191353.6165,541586.3618,
960,목화경로당,Y,서울특별시 금천구 문성로7가길 14,서울특별시 금천구 독산동 883-4,노인시설,153,20,2022-11-15,2025-03-15,Y,13:00:00,17:00:00,N,,,N,,,N,,,126.906504,37.4775444,,191730.0986,542015.9532,
961,독산3동주민센터,Y,서울특별시 금천구 독산로 317,서울특별시 금천구 독산동 973-17,주민센터,193,100,2019-05-20,2025-03-15,Y,9:00:00,18:00:00,N,,,N,,,N,,,126.9031743,37.4751601,*한파특보 시 : 평일 21:00까지 연장운영,191435.308,541751.6254,
962,책달샘숲속작은도서관,Y,서울특별시 금천구 독산동 373,서울특별시 금천구 독산동 373,문화시설,12,15,2024-12-02,2025-03-15,Y,9:00:00,18:00:00,N,,,N,,,N,,,126.9077593,37.4695959,월요일 휴관,191840.2682,541133.6669,
963,금천구립독산도서관(1층 로비),Y,서울특별시 금천구 독산로54길 114,서울특별시 금천구 독산동 375-2,기타,33,10,2024-12-02,2025-03-15,Y,9:00:00,18:00:00,N,,,N,,,N,,,126.9080163,37.4674277,"매월 첫번째, 세번째 월요일 휴관",191862.7678,540893.0038,
964,금천호암노인종합복지관,Y,서울특별시 금천구 독산로72길 86-5 ,서울특별시 금천구 독산동 917,복지회관,779,30,2023-11-15,2025-03-15,Y,9:00:00,18:00:00,N,,,N,,,N,,,126.906447,37.4695383,,191724.1741,541127.3886,
965,정심경로당,Y,서울특별시 금천구 독산로75길 12-7 ,서울특별시 금천구 독산동 196-8,노인시설,117,20,2022-11-15,2025-03-15,Y,13:00:00,17:00:00,N,,,N,,,N,,,126.9016002,37.4693606,,191295.3988,541108.1032,
966,"금천구청 1층(로비), 응급대피소 지하1층",Y,서울특별시 금천구 시흥대로73길 70,서울특별시 금천구 시흥동 1020,기타,"1,038.00",100,2023-11-15,2026-03-15,Y,9:00:00,18:00:00,Y,9:00:00,18:00:00,Y,9:00:00,18:00:00,Y,9:00:00,18:00:00,126.8960166,37.4570519,"응급대피소(지하1층, 남여직원 보건실) : 한파특보 발효 시 00:00 ~ 24:00 운영",190799.9566,539742.5357,
967,금천노인종합복지관,Y,서울특별시 금천구 시흥대로51길 93-32 ,서울특별시 금천구 시흥동 558-1,복지회관,90,40,2023-11-15,2025-03-15,Y,9:00:00,18:00:00,N,,,N,,,N,,,126.8977809,37.450152,,190955.2242,538976.5711,
968,시흥1동주민센터,Y,서울특별시 금천구 시흥대로58길 36,서울특별시 금천구 시흥동 886-6,주민센터,308,300,2019-05-20,2025-03-15,Y,9:00:00,18:00:00,N,,,N,,,N,,,126.903237,37.4535702,*한파특보 시 : 평일 21:00까지 연장운영,191438.3926,539355.4343,
969,시흥3동주민센터,Y,서울특별시 금천구 시흥대로18길 40,서울특별시 금천구 시흥동 956-3,주민센터,"1,344.00",120,2019-05-20,2025-03-15,Y,9:00:00,18:00:00,N,,,N,,,N,,,126.9058183,37.4402555,*한파특보 시 : 평일 21:00까지 연장운영,191665.3096,537877.4565,
970,새재미경로당,Y,서울특별시 금천구 독산로39길 16,서울특별시 금천구 시흥동 855,노인시설,188,50,2021-11-15,2025-03-15,Y,13:00:00,17:00:00,N,,,N,,,N,,,126.9042611,37.4588453,,191529.6001,539940.8053,
971,시흥4동주민센터,Y,서울특별시 금천구 독산로36길 14,서울특별시 금천구 시흥동 812-38,주민센터,30,50,2019-05-20,2025-03-15,Y,9:00:00,18:00:00,N,,,N,,,N,,,126.9061289,37.458957,*한파특보 시 : 평일 21:00까지 연장운영,191694.8642,539953.0362,
972,시흥2동마을활력소(늘솔나루),Y,서울특별시 금천구 금하로 764,서울특별시 금천구 시흥동 267-15,기타,128.84,15,2024-12-02,2025-03-15,Y,9:00:00,18:00:00,N,,,N,,,N,,,126.9141886,37.4496974,,192407.0009,538924.6682,
973,공동체경제통합지원센터 2관(2층),Y,서울특별시 금천구 탑골로8길 23,서울특별시 금천구 시흥동 산 100-4,기타,56.92,20,2024-12-02,2025-03-15,Y,9:00:00,18:00:00,N,,,N,,,N,,,126.9148,37.4509,,192461.2211,539058.0911,
974,시흥2동주민센터,Y,서울특별시 금천구 금하로 764,서울특별시 금천구 시흥동 267-1,주민센터,48,50,2019-05-20,2025-03-15,Y,9:00:00,18:00:00,N,,,N,,,N,,,126.9148189,37.4495526,*한파특보 시 : 평일 21:00까지 연장운영,192462.7583,538908.5469,
975,산장경로당,Y,서울특별시 금천구 탑골로2길 59-9 ,서울특별시 금천구 시흥동 243-31,노인시설,199,30,2022-11-15,2025-03-15,Y,13:00:00,17:00:00,N,,,N,,,N,,,126.9138957,37.4508156,,192381.1971,539048.7966,
976,박미사랑마을회관,Y,서울특별시 금천구 시흥대로12길 82,서울특별시 금천구 시흥동 957-10,기타,15,10,2024-12-02,2025-03-15,Y,9:00:00,18:00:00,N,,,N,,,N,,,126.9074938,37.4405767,,191813.6194,537912.9584,
977,금천문화회관(1층 로비),Y,서울특별시 금천구 시흥대로38길 61,서울특별시 금천구 시흥동 937-2,기타,33,10,2024-12-02,2025-03-15,Y,9:00:00,18:00:00,N,,,N,,,N,,,126.904234,37.4465422,,191525.8146,538575.3336,
978,박산경로당,Y,서울특별시 금천구 시흥대로2길 60,서울특별시 금천구 시흥동 973,노인시설,158.4,30,2022-11-15,2025-03-15,Y,13:00:00,17:00:00,N,,,N,,,N,,,126.9065287,37.4350423,,191727.6033,537298.8023,
979,새재미마을활력소,Y,서울특별시 금천구 독산로50길 105,서울특별시 금천구 시흥동 3-83,기타,150,40,2024-12-02,2025-03-15,Y,9:00:00,18:00:00,N,,,N,,,N,,,126.9101755,37.4623248,,192053.2389,540326.4669,
980,시흥4동 어르신쉼터,Y,서울특별시 금천구 독산로50마길 39-8 ,서울특별시 금천구 시흥동 3-33,노인시설,78.94,25,2023-11-15,2025-03-15,Y,9:00:00,18:00:00,N,,,N,,,N,,,126.913054,37.4611121,,192307.7752,540191.6348,
981,장수경로당,Y,서울특별시 금천구 독산로50길 57-1 ,서울특별시 금천구 시흥동 8-9,노인시설,333,40,2022-11-15,2025-03-15,Y,13:00:00,17:00:00,N,,,N,,,N,,,126.9075398,37.4628413,,191820.1151,540384.017,
982,시흥5동 임시어르신쉼터,Y,서울특별시 금천구 금하로 700,서울특별시 금천구 시흥동 909-15,노인시설,20,15,2024-12-02,2025-03-15,Y,9:00:00,18:00:00,N,,,N,,,N,,,126.907652,37.4514243,,191828.7992,539116.877,
983,금천마을활력소 어울샘(2층 어울샘 홀),Y,서울특별시 금천구 탑골로 22,서울특별시 금천구 시흥동 247-19,기타,150,30,2024-12-02,2025-03-15,Y,9:00:00,18:00:00,N,,,N,,,N,,,126.9116314,37.4518201,,192180.9486,539160.4677,
984,공동체경제통합지원센터(1관),Y,서울특별시 금천구 은행나무로 45,서울특별시 금천구 시흥동 909-34,기타,119,29,2024-12-02,2025-03-15,Y,9:00:00,18:00:00,N,,,N,,,N,,,126.9074665,37.4510333,,191812.3431,539073.4975,
985,읍내경로당,Y,서울특별시 금천구 은행나무로10길 12-1 ,서울특별시 금천구 시흥동 921-29,노인시설,95,30,2022-11-15,2025-03-15,Y,13:00:00,17:00:00,N,,,N,,,N,,,126.9063177,37.4504237,,191710.6263,539005.9408,
986,탑동경로당,Y,서울특별시 금천구 금하로23가길 14-1 ,서울특별시 금천구 시흥동 828-48,노인시설,118.8,20,2022-11-15,2025-03-15,Y,13:00:00,17:00:00,N,,,N,,,N,,,126.9095322,37.4515244,,191995.1751,539127.8253,
987,시흥5동주민센터,Y,서울특별시 금천구 금하로24길 6,서울특별시 금천구 시흥동 910-5,주민센터,711,30,2019-05-20,2025-03-15,Y,9:00:00,18:00:00,N,,,N,,,N,,,126.9084,37.4508,*한파특보 시 : 평일 21:00까지 연장운영,191894.917,539047.5238,
988,영등포어르신복지센터,Y,서울특별시 영등포구 도영로22길 36,서울특별시 영등포구 영등포동 645-20,노인시설,638.13,10,2024-11-15,2025-03-15,Y,9:00:00,18:00:00,N,,,N,,,N,,,126.9032827,37.5101833,영등포어르신복지센터(해광빌딩) 4층 로비,191448.8903,545638.7334,
989,희망지원센터 응급구호시설(노숙인),Y,서울특별시 영등포구 경인로102길 10,서울특별시 영등포구 영등포동 423-91,기타,149,50,2024-11-15,2025-03-15,Y,0:00:01,23:59:59,Y,0:00:01,23:59:59,Y,0:00:01,23:59:59,Y,0:00:01,23:59:59,126.905888,37.515768,,191679.8539,546258.3307,
990,영등포본동 주민센터,Y,서울특별시 영등포구 신길로61길 17,서울특별시 영등포구 영등포동 592-70,주민센터,40,13,2024-11-15,2025-03-15,Y,9:00:00,18:00:00,N,,,N,,,N,,,126.90932,37.514638,,191983.1454,546132.617,
991,햇살보금자리 응급구호시설(노숙인),Y,서울특별시 영등포구 국회대로54길 41-16 ,서울특별시 영등포구 영등포동2가 28-150,기타,328.5,74,2024-11-15,2025-03-15,Y,0:00:01,23:59:00,Y,0:00:01,23:59:00,Y,0:00:01,23:59:59,Y,0:00:01,23:59:59,126.9104576,37.5220759,,192084.5043,546958.034,
992,보현종합지원센터 응급구호시설(노숙인),Y,서울특별시 영등포구 버드나루로 24,서울특별시 영등포구 영등포동2가 94-31,기타,"2,784.80",249,2024-11-15,2025-03-15,Y,0:00:01,23:59:59,Y,0:00:01,23:59:59,Y,0:00:01,23:59:59,Y,0:00:01,23:59:59,126.912561,37.521236,,192270.357,546864.6407,
993,영등포동 주민센터,Y,서울특별시 영등포구 양산로 232,서울특별시 영등포구 영등포동2가 466,주민센터,985.5,30,2024-11-15,2025-03-15,Y,9:00:00,18:00:00,N,,,N,,,N,,,126.9090267,37.5222929,,191958.0368,546982.2397,
994,여의도어르신복지센터,Y,서울특별시 영등포구 여의대방로 372,서울특별시 영등포구 여의도동 56-1,노인시설,158,47,2024-11-15,2025-03-15,Y,9:00:00,18:00:00,N,,,N,,,N,,,126.9307753,37.5181147,여의도복지관 2층,193880.2538,546516.8749,
995,영등포50플러스센터,Y,서울특별시 영등포구 여의대방로 372,서울특별시 영등포구 여의도동 56-1,노인시설,121,36,2024-11-15,2025-03-15,Y,9:00:00,18:00:00,N,,,N,,,N,,,126.9307458,37.5181211,여의도복지관 4층 로비,193877.6464,546517.5872,
996,여의동 주민센터,Y,서울특별시 영등포구 국제금융로 124,서울특별시 영등포구 여의도동 53-22,주민센터,62,10,2024-11-15,2025-03-15,Y,9:00:00,18:00:00,N,,,N,,,N,,,126.93457,37.517634,,194215.6837,546463.2832,
997,영등포구청 (1층로비),Y,서울특별시 영등포구 당산로 123,서울특별시 영등포구 당산동3가 385-1,기타,80,20,2025-01-24,2025-03-15,Y,9:00:00,18:00:00,Y,9:00:00,18:00:00,Y,9:00:00,18:00:00,Y,9:00:00,18:00:00,126.8959308,37.5263283,한파특보시 24시간 운영 ,190800.8655,547431.3189,
998,당산1동주민센터,Y,서울특별시 영등포구 양산로23길 11,서울특별시 영등포구 당산동3가 259,주민센터,77,23,2024-11-15,2025-03-15,Y,9:00:00,18:00:00,N,,,N,,,N,,,126.8972987,37.5251328,,190921.6353,547298.5004,
999,당산2동 주민센터,Y,서울특별시 영등포구 당산로41가길 7,서울특별시 영등포구 당산동4가 80-5,주민센터,81.75,24,2024-11-15,2025-03-15,Y,9:00:00,18:00:00,N,,,N,,,N,,,126.897338,37.531015,,190925.8218,547951.3479,
1000,구립모랫말어르신복지센터,Y,서울특별시 영등포구 도영로 41,서울특별시 영등포구 도림동 205-23,노인시설,176,10,2024-11-15,2025-03-15,Y,9:00:00,18:00:00,N,,,N,,,N,,,126.897459,37.50968,모랫말어르신복지센터 1층 ,190933.9359,545583.4187,
1001,도림동 주민센터,Y,서울특별시 영등포구 도영로7길 10,서울특별시 영등포구 도림동 222-7,주민센터,"2,246.40",30,2024-11-15,2025-03-15,Y,9:00:00,18:00:00,N,,,N,,,N,,,126.89597,37.509459,,190802.2602,545559.035,
1002,옹달샘드롭인센터 응급구호시설(노숙),Y,서울특별시 영등포구 경인로94길 6,서울특별시 영등포구 문래동1가 13,기타,585,150,2024-11-15,2025-03-15,Y,0:00:01,23:59:59,Y,0:00:01,23:59:59,Y,0:00:01,23:59:59,Y,0:00:01,23:59:59,126.902518,37.51416,,191381.7378,546080.1664,
1003,문래동 주민센터,Y,서울특별시 영등포구 문래로28길 15,서울특별시 영등포구 문래동3가 55-16,주민센터,250.44,30,2024-11-15,2025-03-15,Y,9:00:00,18:00:00,N,,,N,,,N,,,126.899488,37.517087,,191114.2062,546405.3083,
1004,양평1동 주민센터,Y,서울특별시 영등포구 영등포로11길 12,서울특별시 영등포구 양평동1가 211-1,주민센터,796.3,30,2024-11-15,2025-03-15,Y,9:00:00,18:00:00,N,,,N,,,N,,,126.888261,37.523614,,190122.54,547130.8431,
1005,양평2동 주민센터,Y,서울특별시 영등포구 선유로47길 30,서울특별시 영등포구 양평동4가 96,주민센터,551.13,30,2024-11-15,2025-03-15,Y,9:00:00,18:00:00,N,,,N,,,N,,,126.8939996,37.5364445,,190631.4236,548554.2831,
1006,신길1동 주민센터,Y,서울특별시 영등포구 영등포로84길 24-5 ,서울특별시 영등포구 신길동 465-1,주민센터,915.59,30,2024-11-15,2025-03-15,Y,9:00:00,18:00:00,N,,,N,,,N,,,126.9214263,37.511156,,193053.1189,545745.1965,
1007,신길3동 주민센터,Y,서울특별시 영등포구 신길로41라길 13-8 ,서울특별시 영등포구 신길동 268-4,주민센터,"1,046.30",30,2024-11-15,2025-03-15,Y,9:00:00,18:00:00,N,,,N,,,N,,,126.9078323,37.5073472,,191850.8279,545323.5587,
1008,신길4동 주민센터,Y,서울특별시 영등포구 신길로42길 1,서울특별시 영등포구 신길동 209-102,주민센터,111.1,20,2024-11-15,2025-03-15,Y,9:00:00,18:00:00,N,,,N,,,N,,,126.911266,37.50842,,192154.537,545442.334,
1009,신길5동 주민센터,Y,서울특별시 영등포구 도림로 264,서울특별시 영등포구 신길동 422,주민센터,"1,261.30",30,2024-11-15,2025-03-15,Y,9:00:00,18:00:00,N,,,N,,,N,,,126.905201,37.501607,,191617.535,544686.7014,
1010,신길6동 주민센터,Y,서울특별시 영등포구 대방천로 167,서울특별시 영등포구 신길동 3741-11,주민센터,84,21,2024-11-15,2025-03-15,Y,9:00:00,18:00:00,N,,,N,,,N,,,126.9098327,37.4993762,,192026.8493,544438.7089,
1011,신길7동 주민센터,Y,서울특별시 영등포구 여의대방로43길 10,서울특별시 영등포구 신길동 897-3,주민센터,"2,644.50",30,2024-11-15,2025-03-15,Y,9:00:00,18:00:00,N,,,N,,,N,,,126.921419,37.506324,,193052.0257,545208.9068,
1012,시니어행복발전센터,Y,서울특별시 영등포구 디지털로 441,서울특별시 영등포구 대림동 899-2,노인시설,33,10,2024-11-15,2025-03-15,Y,9:00:00,18:00:00,N,,,N,,,N,,,126.905871,37.4954521,보건소 분소 2층,191676.0956,544003.5277,
1013,대림1동 주민센터,Y,서울특별시 영등포구 디지털로 441,서울특별시 영등포구 대림동 899-2,주민센터,"1,853.80",30,2024-11-15,2025-03-15,Y,9:00:00,18:00:00,N,,,N,,,N,,,126.905935,37.495477,,191681.7579,544006.2856,
1014,대림2동 주민센터,Y,서울특별시 영등포구 대림로23길 25,서울특별시 영등포구 대림동 705,주민센터,80,24,2024-11-15,2025-03-15,Y,9:00:00,18:00:00,N,,,N,,,N,,,126.898229,37.492712,,190999.9783,543700.1155,
1015,대림3동 주민센터,Y,서울특별시 영등포구 대림로 197,서울특별시 영등포구 대림동 740-4,주민센터,300,20,2024-11-15,2025-11-15,Y,9:00:00,18:00:00,N,,,N,,,N,,,126.89804,37.49828,,190983.9337,544318.1092,
1016,노량진1동주민센터,Y,서울특별시 동작구 노량진로 190,서울특별시 동작구 노량진동 333,주민센터,547.93,50,2024-11-15,2025-03-15,Y,9:00:00,18:00:00,N,,,N,,,N,,,126.9467211,37.5129513,,195289.6032,545942.8851,
1017,노량진1동경로당,Y,서울특별시 동작구 만양로 77,서울특별시 동작구 노량진동 224-6,노인시설,249,50,2024-11-15,2025-03-15,Y,9:00:00,18:00:00,N,,,N,,,N,,,126.9446152,37.5103903,,195103.2529,545658.7542,
1018,동작구청 청사 응급 한파대피소,Y,서울특별시 동작구 장승배기로 161,서울특별시 동작구 노량진동 47-2,기타,70,5,2024-11-15,2025-03-15,Y,9:00:00,18:00:00,Y,9:00:00,18:00:00,Y,9:00:00,18:00:00,Y,9:00:00,18:00:00,126.9395649,37.512313,한파특보 발효시 22:00 이후 신청자에 한해 간이 숙박 가능,194656.8768,545872.4242,
1019,노량진2동주민센터,Y,서울특별시 동작구 장승배기로19길 48,서울특별시 동작구 노량진동 302-97,주민센터,943,50,2024-11-15,2025-03-15,Y,9:00:00,18:00:00,N,,,N,,,N,,,126.9373525,37.5085193,,194460.9961,545451.4998,
1020,상도1동주민센터,Y,서울특별시 동작구 상도로53길 9,서울특별시 동작구 상도동 437,주민센터,624,50,2024-11-15,2025-03-15,Y,9:00:00,18:00:00,N,,,N,,,N,,,126.953069,37.4981222,,195850.0014,544296.7467,
1021,청송경로당,Y,서울특별시 동작구 상도로52길 23,서울특별시 동작구 상도동 471-7,노인시설,192.72,48,2024-11-15,2025-03-15,Y,9:00:00,18:00:00,N,,,N,,,N,,,126.9510114,37.4972114,,195668.0001,544195.7524,
1022,상도2동주민센터,Y,서울특별시 동작구 상도로 211,서울특별시 동작구 상도동 25-48,주민센터,636,50,2024-11-15,2025-03-15,Y,9:00:00,18:00:00,N,,,N,,,N,,,126.9423314,37.5054945,,194901.0019,545115.5044,
1023,낙원경로당,Y,서울특별시 동작구 상도로30길 73,서울특별시 동작구 상도동 28-24,노인시설,177.82,60,2024-11-15,2025-03-15,Y,9:00:00,18:00:00,N,,,N,,,N,,,126.9448461,37.5039572,,195123.2491,544944.7506,
1024,장수경로당,Y,서울특별시 동작구 상도로15길 76,서울특별시 동작구 상도동 358-15,노인시설,235.71,80,2024-11-15,2025-03-15,Y,9:00:00,18:00:00,N,,,N,,,N,,,126.9353919,37.5037088,,194287.2823,544917.7133,
1025,상도2동경로당,Y,서울특별시 동작구 양녕로36길 13,서울특별시 동작구 상도동 159-330,노인시설,346.33,80,2024-11-15,2025-03-15,Y,9:00:00,18:00:00,N,,,N,,,N,,,126.9461932,37.5022189,,195242.2504,544751.7527,
1026,상도3동주민센터,Y,서울특별시 동작구 성대로2길 11,서울특별시 동작구 상도동 315-37,주민센터,408.63,50,2024-11-15,2025-03-15,Y,9:00:00,18:00:00,N,,,N,,,N,,,126.9313412,37.4992063,,193928.7505,544418.2475,
1027,상도3동경로당,Y,서울특별시 동작구 국사봉1길 221-7 ,서울특별시 동작구 상도동 283-226,노인시설,124.25,40,2024-11-15,2025-03-15,Y,9:00:00,18:00:00,N,,,N,,,N,,,126.9363305,37.4934517,,194369.5043,543779.2517,
1028,상도4동주민센터,Y,서울특별시 동작구 양녕로27길 44,서울특별시 동작구 상도동 202-58,주민센터,574.86,50,2024-11-15,2025-03-15,Y,9:00:00,18:00:00,N,,,N,,,N,,,126.9413356,37.4995092,,194812.5402,544451.2677,
1029,성대골경로당,Y,서울특별시 동작구 성대로10나길 1-4 ,서울특별시 동작구 상도동 261-16,노인시설,180.15,30,2024-11-15,2025-03-15,Y,9:00:00,18:00:00,N,,,N,,,N,,,126.9349758,37.4973118,,194249.9998,544207.7543,
1030,흑석동주민센터,Y,서울특별시 동작구 흑석한강로 11,서울특별시 동작구 흑석동 335-2,주민센터,736.71,50,2024-11-15,2025-03-15,Y,9:00:00,18:00:00,N,,,N,,,N,,,126.9665907,37.5057831,,197045.9956,545146.4973,
1031,흑석경로당,Y,서울특별시 동작구 서달로13길 17,서울특별시 동작구 흑석동 181-23,노인시설,389.48,80,2024-11-15,2025-03-15,Y,9:00:00,18:00:00,N,,,N,,,N,,,126.961876,37.5084509,,196629.2483,545442.7473,
1032,사당1동주민센터,Y,서울특별시 동작구 동작대로17길 28,서울특별시 동작구 사당동 1004-52,주민센터,472.27,50,2024-11-15,2025-03-15,Y,9:00:00,18:00:00,N,,,N,,,N,,,126.978693,37.4831526,,198115.4958,542634.4964,
1033,사당1동경로당,Y,서울특별시 동작구 사당로20길 132,서울특별시 동작구 사당동 316-40,노인시설,137.27,30,2024-11-15,2025-03-15,Y,9:00:00,18:00:00,N,,,N,,,N,,,126.973231,37.4788873,,197632.273,542161.2282,
1034,사당2동주민센터,Y,서울특별시 동작구 동작대로29길 52,서울특별시 동작구 사당동 105-12,주민센터,866.85,50,2024-11-15,2025-03-15,Y,9:00:00,18:00:00,N,,,N,,,N,,,126.9792455,37.4887525,,198164.4989,543256.0003,
1035,남성경로당,Y,서울특별시 동작구 동작대로25길 48,서울특별시 동작구 사당동 708-490,노인시설,121.62,80,2024-11-15,2025-03-15,Y,9:00:00,18:00:00,N,,,N,,,N,,,126.9798994,37.4853063,,198222.2473,542873.5051,
1036,사당3동주민센터,Y,서울특별시 동작구 사당로17길 86,서울특별시 동작구 사당동 169-12,주민센터,"1,810.00",50,2024-11-15,2025-03-15,Y,9:00:00,18:00:00,N,,,N,,,N,,,126.9720599,37.4866648,,197528.9449,543024.4575,
1037,삼익경로당,Y,서울특별시 동작구 사당로27길 190,서울특별시 동작구 사당동 1132,노인시설,102,60,2024-11-15,2025-03-15,Y,9:00:00,18:00:00,N,,,N,,,N,,,126.9723165,37.4901814,,197551.7537,543414.7471,
1038,사당4동주민센터,Y,서울특별시 동작구 사당로16아길 6,서울특별시 동작구 사당동 300-8,주민센터,271,50,2024-11-15,2025-03-15,Y,9:00:00,18:00:00,N,,,N,,,N,,,126.9716274,37.4809662,,197490.5035,542391.9999,
1039,신남성경로당,Y,서울특별시 동작구 사당로16길 56,서울특별시 동작구 사당동 297-17,노인시설,258.99,70,2024-11-15,2025-03-15,Y,9:00:00,18:00:00,N,,,N,,,N,,,126.9720229,37.4813537,,197525.4974,542434.9968,
1040,사당5동주민센터,Y,서울특별시 동작구 사당로2가길 219,서울특별시 동작구 사당동 228-11,주민센터,"1,269.50",50,2024-11-15,2025-03-15,Y,9:00:00,18:00:00,N,,,N,,,N,,,126.9670068,37.4856322,,197082.0027,542909.9972,
1041,사당5동구립경로당,Y,서울특별시 동작구 사당로6길 3-8 ,서울특별시 동작구 사당동 214-5,노인시설,299.49,80,2024-11-15,2025-03-15,Y,9:00:00,18:00:00,N,,,N,,,N,,,126.9675831,37.4863757,,197133.0004,542992.4981,
1042,대방동주민센터,Y,서울특별시 동작구 여의대방로44길 20,서울특별시 동작구 대방동 501-2,주민센터,956.55,50,2024-11-15,2025-03-15,Y,9:00:00,18:00:00,N,,,N,,,N,,,126.9263395,37.5081683,,193487.2467,545413.2486,
1043,신대방2동경로당,Y,서울특별시 동작구 여의대방로24가길 2,서울특별시 동작구 대방동 407-8,노인시설,290,72,2024-11-15,2025-03-15,Y,9:00:00,18:00:00,N,,,N,,,N,,,126.9212576,37.4982089,,193037.0014,544308.2472,
1044,대방중앙경로당,Y,서울특별시 동작구 여의대방로24라길 4,서울특별시 동작구 대방동 407-48,노인시설,204.36,80,2024-11-15,2025-03-15,Y,9:00:00,18:00:00,N,,,N,,,N,,,126.9226176,37.4981152,,193157.2544,544297.748,
1045,신대방1동주민센터,Y,서울특별시 동작구 신대방길 72,서울특별시 동작구 신대방동 604-8,주민센터,749.49,60,2024-11-15,2025-03-15,Y,9:00:00,18:00:00,N,,,N,,,N,,,126.9100392,37.4889453,,192044.0029,543280.9976,
1046,신대방2동주민센터,Y,서울특별시 동작구 여의대방로24길 76,서울특별시 동작구 신대방동 723,주민센터,"1,030.00",50,2024-11-15,2025-03-15,Y,9:00:00,18:00:00,N,,,N,,,N,,,126.9245377,37.4984069,,193327.0703,544329.9851,
1047,보라매동주민센터,Y,서울특별시 관악구 봉천로 279-8 ,서울특별시 관악구 봉천동 661,주민센터,338,26,2024-11-15,2025-03-15,Y,9:00:00,18:00:00,N,,,N,,,N,,,126.9328046,37.4881672,한파특보 발효 시(평일 09:00~20:00) 운영,194057.2791,543192.9582,
1048,보라매경로당,Y,서울특별시 관악구 봉천로21길 35,서울특별시 관악구 봉천동 662-109,노인시설,366.05,46,2024-11-15,2025-03-15,Y,9:00:00,18:00:00,N,,,N,,,N,,,126.9340672,37.4884691,한파특보 발효시 운영,194168.9661,543226.3862,
1049,당곡경로당,Y,서울특별시 관악구 당곡6길 37,서울특별시 관악구 봉천동 717-17,노인시설,106,14,2024-11-15,2025-03-15,Y,9:00:00,18:00:00,N,,,N,,,N,,,126.9294321,37.4922219,한파특보 발효시 운영,193759.3545,543643.1949,
1050,청림동주민센터,Y,서울특별시 관악구 관악로40길 39,서울특별시 관악구 봉천동 1000,주민센터,789.96,22,2024-11-15,2025-03-15,Y,9:00:00,18:00:00,N,,,N,,,N,,,126.9585971,37.4918447,한파특보 발효 시(평일 09:00~20:00) 운영,196338.532,543599.7967,
1051,구립청림경로당,Y,서울특별시 관악구 청림2길 37,서울특별시 관악구 봉천동 15-41,노인시설,309.56,39,2024-11-15,2025-03-15,Y,9:00:00,18:00:00,N,,,N,,,N,,,126.9582866,37.4866666,한파특보 발효시 운영,196310.8182,543025.1079,
1052,관악푸르지오 삼오경로당,Y,서울특별시 관악구 청림5길 28,서울특별시 관악구 봉천동 1717-1,노인시설,215,27,2024-11-15,2025-03-15,Y,9:00:00,18:00:00,N,,,N,,,N,,,126.960243,37.489525,한파특보 발효시 운영,196483.9785,543342.2777,
1053,성현동주민센터,Y,서울특별시 관악구 구암길 38,서울특별시 관악구 봉천동 1712-9,주민센터,358.08,32,2024-11-15,2025-03-15,Y,9:00:00,18:00:00,N,,,N,,,N,,,126.9481771,37.4895134,한파특보 발효 시(평일 09:00~20:00) 운영,195416.8961,543341.5093,
1054,구암경로당,Y,서울특별시 관악구 은천로23길 19,서울특별시 관악구 봉천동 480-111,노인시설,122.32,16,2024-11-15,2025-03-15,Y,9:00:00,18:00:00,N,,,N,,,N,,,126.9480782,37.4876868,한파특보 발효시 운영,195408.0378,543138.7856,
1055,관악드림타운 2단지(아) 경로당,Y,서울특별시 관악구 구암길 106,서울특별시 관악구 봉천동 1712-1,노인시설,301,38,2024-11-15,2025-03-15,Y,9:00:00,18:00:00,N,,,N,,,N,,,126.948056,37.491697,한파특보 발효시 운영,195406.32,543583.8662,
1056,성현동아(아) 2단지 경로당,Y,서울특별시 관악구 관악로37길 20,서울특별시 관악구 봉천동 1703-1,노인시설,76,10,2024-11-15,2025-03-15,Y,9:00:00,18:00:00,N,,,N,,,N,,,126.9562429,37.4879609,한파특보 발효시 운영,196130.1378,543168.8401,
1057,성현경로당,Y,서울특별시 관악구 은천로35길 40-3 ,서울특별시 관악구 봉천동 41-34,노인시설,479,60,2024-11-15,2025-03-15,Y,9:00:00,18:00:00,N,,,N,,,N,,,126.954203,37.488021,한파특보 발효시 운영,195949.733,543175.5963,
1058,행운동주민센터,Y,서울특별시 관악구 행운1길 43,서울특별시 관악구 봉천동 1670-7,주민센터,690,26,2024-11-15,2025-03-15,Y,9:00:00,18:00:00,N,,,N,,,N,,,126.9570315,37.4806676,한파특보 발효 시(평일 09:00~20:00) 운영,196199.5119,542359.3484,
1059,신창경로당,Y,서울특별시 관악구 행운1길 12,서울특별시 관악구 봉천동 1675-12,노인시설,121,15,2024-11-15,2025-03-15,Y,9:00:00,18:00:00,N,,,N,,,N,,,126.958589,37.479951,한파특보 발효시 운영,196337.235,542279.7536,
1060,"봉천우성(아) 109,110동 경로당",Y,서울특별시 관악구 관악로30길 40,서울특별시 관악구 봉천동 1706-1,노인시설,93,12,2024-11-15,2025-03-15,Y,9:00:00,18:00:00,N,,,N,,,N,,,126.961191,37.484758,한파특보 발효시 운영,196567.5994,542813.1687,
1061,원당경로당,Y,서울특별시 관악구 남부순환로247다길 60,서울특별시 관악구 봉천동 148-145,노인시설,177,22,2024-11-15,2025-03-15,Y,9:00:00,18:00:00,N,,,N,,,N,,,126.964113,37.478639,한파특보 발효시 운영,196825.7723,542133.9386,
1062,행운경로당,Y,서울특별시 관악구 행운9길 34,서울특별시 관악구 봉천동 1724-2,노인시설,113,14,2024-11-15,2025-03-15,Y,9:00:00,18:00:00,N,,,N,,,N,,,126.959638,37.483375,한파특보 발효시 운영,196430.181,542659.7318,
1063,낙성대동주민센터,Y,서울특별시 관악구 낙성대로4가길 5,서울특별시 관악구 봉천동 1624-24,주민센터,318,50,2024-11-15,2025-03-15,Y,9:00:00,18:00:00,N,,,N,,,N,,,126.9584068,37.4763038,한파특보 발효 시(평일 09:00~20:00) 운영,196320.9408,541874.9702,
1064,백설경로당,Y,서울특별시 관악구 관악로6길 50,서울특별시 관악구 봉천동 1606-11,노인시설,63,8,2024-11-15,2025-03-15,Y,9:00:00,18:00:00,N,,,N,,,N,,,126.953496,37.476247,한파특보 발효시 운영,195886.5608,541868.8694,
1065,덕진경로당,Y,서울특별시 관악구 남부순환로234길 37,서울특별시 관악구 봉천동 1621-23,노인시설,147,19,2024-11-15,2025-03-15,Y,9:00:00,18:00:00,N,,,N,,,N,,,126.956821,37.4777001,한파특보 발효시 운영,196180.7425,542030.004,
1066,관악구청,Y,서울특별시 관악구 관악로 145,서울특별시 관악구 봉천동 1570-1,기타,136.34,36,2025-01-25,2025-03-15,Y,9:00:00,18:00:00,Y,9:00:00,18:00:00,Y,9:00:00,18:00:00,Y,9:00:00,18:00:00,126.9513952,37.4782676, ? 주간: 관악구청 1층 관악청 / ? 야간(한파특보시): 관악구청 7층 휴게실에서 응급대피소 운영,195700.8535,542093.2228,
1067,청룡동주민센터,Y,서울특별시 관악구 쑥고개로 44,서울특별시 관악구 봉천동 1539-1,주민센터,"1,441.00",41,2024-11-15,2025-03-15,Y,9:00:00,18:00:00,N,,,N,,,N,,,126.9416233,37.4791345,한파특보 발효 시(평일 09:00~20:00) 운영,194836.5781,542189.9281,
1068,일선경로당,Y,서울특별시 관악구 쑥고개로26길 24,서울특별시 관악구 봉천동 1587-7,노인시설,130,17,2024-11-15,2025-03-15,Y,9:00:00,18:00:00,N,,,N,,,N,,,126.9495272,37.4778233,한파특보 발효시 운영,195535.6005,542043.9984,
1069,송현경로당,Y,서울특별시 관악구 장군봉1길 45-6 ,서울특별시 관악구 봉천동 927-22,노인시설,199,25,2024-11-15,2025-03-15,Y,9:00:00,18:00:00,N,,,N,,,N,,,126.942473,37.481889,한파특보 발효시 운영,194911.9209,542495.5947,
1070,은천동주민센터,Y,서울특별시 관악구 봉천로33나길 30,서울특별시 관악구 봉천동 905-29,주민센터,48,35,2024-11-15,2025-03-15,Y,9:00:00,18:00:00,N,,,N,,,N,,,126.9424147,37.4853115,한파특보 발효 시(평일 09:00~20:00) 운영,194906.9968,542875.45,
1071,국지경로당,Y,서울특별시 관악구 국회단지21길 14,서울특별시 관악구 봉천동 635-68,노인시설,344,43,2024-11-15,2025-03-15,Y,9:00:00,18:00:00,N,,,N,,,N,,,126.941507,37.49026,한파특보 발효시 운영,194827.0585,543424.7177,
1072,은천경로당,Y,서울특별시 관악구 봉천로27길 45,서울특별시 관악구 봉천동 936-6,노인시설,111,14,2024-11-15,2025-03-15,Y,9:00:00,18:00:00,N,,,N,,,N,,,126.940835,37.485758,한파특보 발효시 운영,194767.3149,542925.0922,
1073,벽산블루밍(아)3단지 경로당,Y,서울특별시 관악구 양녕로 117,서울특별시 관악구 봉천동 1718-1,노인시설,137,17,2024-11-15,2025-03-15,Y,9:00:00,18:00:00,N,,,N,,,N,,,126.9426935,37.4920548,한파특보 발효시 운영,194932.1102,543623.8525,
1074,두산(아)임대 3단지 경로당,Y,서울특별시 관악구 양녕로 31,서울특별시 관악구 봉천동 1708-2,노인시설,99,13,2024-11-15,2025-03-15,Y,9:00:00,18:00:00,N,,,N,,,N,,,126.945793,37.485155,한파특보 발효시 운영,195205.773,542857.9031,
1075,국사봉경로당,Y,서울특별시 관악구 은천로15길 13-2 ,서울특별시 관악구 봉천동 622-70,노인시설,202,26,2024-11-15,2025-03-15,Y,9:00:00,18:00:00,N,,,N,,,N,,,126.943705,37.487504,한파특보 발효시 운영,195021.26,543118.7195,
1076,중앙동주민센터,Y,서울특별시 관악구 양녕로6다길 7,서울특별시 관악구 봉천동 1512-7,주민센터,704.47,14,2024-11-15,2025-03-15,Y,9:00:00,18:00:00,N,,,N,,,N,,,126.9497545,37.4841932,한파특보 발효 시(평일 09:00~20:00) 운영,195556.0828,542750.9617,
1077,중앙경로당,Y,서울특별시 관악구 은천로26길 14,서울특별시 관악구 봉천동 457-208,노인시설,199.54,25,2024-11-15,2025-03-15,Y,9:00:00,18:00:00,N,,,N,,,N,,,126.9504127,37.4859292,한파특보 발효시 운영,195614.3982,542943.6039,
1078,장수경로당,Y,서울특별시 관악구 양녕로6다길 11-4 ,서울특별시 관악구 봉천동 1512-9,노인시설,94,12,2024-11-15,2025-03-15,Y,9:00:00,18:00:00,N,,,N,,,N,,,126.949368,37.484464,한파특보 발효시 운영,195521.9153,542781.0352,
1079,인헌동주민센터,Y,서울특별시 관악구 남부순환로246가길 20,서울특별시 관악구 봉천동 1635-40,주민센터,500,28,2024-11-15,2025-03-15,Y,9:00:00,18:00:00,N,,,N,,,N,,,126.965331,37.475118,한파특보 발효 시(평일 09:00~20:00) 운영,196933.3613,541743.1144,
1080,인헌경로당,Y,서울특별시 관악구 낙성대역3길 6-6 ,서울특별시 관악구 봉천동 1709-5,노인시설,200,25,2024-11-15,2025-03-15,Y,9:00:00,18:00:00,N,,,N,,,N,,,126.9618197,37.4758529,한파특보 발효시 운영,196622.8031,541824.7985,
1081,덕양경로당,Y,서울특별시 관악구 인헌4길 20,서울특별시 관악구 봉천동 1637-13,노인시설,400,50,2024-11-15,2025-03-15,Y,9:00:00,18:00:00,N,,,N,,,N,,,126.965907,37.474825,한파특보 발효시 운영,196984.2995,541710.5767,
1082,밤골경로당,Y,서울특별시 관악구 인헌3가길 8,서울특별시 관악구 봉천동 1642-4,노인시설,98,13,2024-11-15,2025-03-15,Y,9:00:00,18:00:00,N,,,N,,,N,,,126.967356,37.4739,한파특보 발효시 운영,197112.4354,541607.8687,
1083,남현동주민센터,Y,서울특별시 관악구 남현1가길 29,서울특별시 관악구 남현동 1086-1,주민센터,172,20,2024-11-15,2025-03-15,Y,9:00:00,18:00:00,N,,,N,,,N,,,126.9778753,37.4746879,한파특보 발효 시(평일 09:00~20:00) 운영,198042.9534,541695.0444,
1084,구립예촌경로당,Y,서울특별시 관악구 남현길 41,서울특별시 관악구 남현동 1083-1,노인시설,198,25,2024-11-15,2025-03-15,Y,9:00:00,18:00:00,N,,,N,,,N,,,126.9768906,37.4745367,한파특보 발효 시 운영,197955.8473,541678.2842,
1085,관수경로당,Y,서울특별시 관악구 승방3나길 14,서울특별시 관악구 남현동 602-196,노인시설,63,8,2024-11-15,2025-03-15,Y,9:00:00,18:00:00,N,,,N,,,N,,,126.98054,37.47288,한파특보 발효 시 운영,198278.6187,541494.3398,
1086,서원동주민센터,Y,서울특별시 관악구 신림로 282,서울특별시 관악구 신림동 1641-65,주민센터,"1,311.00",43,2024-11-15,2025-03-15,Y,9:00:00,18:00:00,N,,,N,,,N,,,126.9312704,37.4797827,한파특보 발효 시(평일 09:00~20:00) 운영,193920.916,542262.4877,
1087,신본경로당,Y,서울특별시 관악구 남부순환로200다길 7,서울특별시 관악구 신림동 1510-6,노인시설,353,44,2024-11-15,2025-03-15,Y,9:00:00,18:00:00,N,,,N,,,N,,,126.9364927,37.4825952,한파특보 발효시 운영,194383.0353,542574.3135,
1088,서원경로당,Y,서울특별시 관악구 서원3길 10,서울특별시 관악구 신림동 409-26,노인시설,238,30,2024-11-15,2025-03-15,Y,9:00:00,18:00:00,N,,,N,,,N,,,126.933228,37.476832,한파특보 발효시 운영,194093.8321,541934.8748,
1089,신관경로당,Y,서울특별시 관악구 신림로48길 25,서울특별시 관악구 신림동 91-50,노인시설,396,50,2024-11-15,2025-03-15,Y,9:00:00,18:00:00,N,,,N,,,N,,,126.933451,37.479402,한파특보 발효시 운영,194113.7587,542220.0965,
1090,신원동주민센터,Y,서울특별시 관악구 신원로3길 13,서울특별시 관악구 신림동 1601-3,주민센터,200,23,2024-11-15,2025-03-15,Y,9:00:00,18:00:00,N,,,N,,,N,,,126.9274389,37.481624,한파특보 발효 시(평일 09:00~20:00) 운영,193582.18,542467.1018,
1091,신일경로당,Y,서울특별시 관악구 문성로32길 18,서울특별시 관악구 신림동 1630-30,노인시설,362,46,2024-11-15,2025-03-15,Y,9:00:00,18:00:00,N,,,N,,,N,,,126.9286988,37.4785019,한파특보 발효시 운영,193693.3522,542120.5051,
1092,신원경로당,Y,서울특별시 관악구 남부순환로170길 6,서울특별시 관악구 신림동 1581-6,노인시설,254,32,2024-11-15,2025-03-15,Y,9:00:00,18:00:00,N,,,N,,,N,,,126.924382,37.48269,한파특보 발효시 운영,193311.901,542585.6264,
1093,서림동주민센터,Y,서울특별시 관악구 신림로29길 6,서울특별시 관악구 신림동 1694-7,주민센터,780,23,2024-11-15,2025-03-15,Y,9:00:00,18:00:00,N,,,N,,,N,,,126.9349893,37.4749906,한파특보 발효 시(평일 09:00~20:00) 운영,194249.4829,541730.3951,
1094,서림경로당,Y,서울특별시 관악구 서림3길 47,서울특별시 관악구 신림동 103-141,노인시설,52,7,2024-11-15,2025-03-15,Y,9:00:00,18:00:00,N,,,N,,,N,,,126.9406227,37.472323,한파특보 발효시 운영,194747.5983,541433.9983,
1095,서광경로당,Y,서울특별시 관악구 참숯5길 38,서울특별시 관악구 신림동 1564-64,노인시설,198,25,2024-11-15,2025-03-15,Y,9:00:00,18:00:00,N,,,N,,,N,,,126.9417476,37.4761071,한파특보 발효시 운영,194847.3646,541853.9204,
1096,행복경로당,Y,서울특별시 관악구 신림로36길 12-10 ,서울특별시 관악구 신림동 94-115,노인시설,202.56,26,2024-11-15,2025-03-15,Y,9:00:00,18:00:00,N,,,N,,,N,,,126.9379322,37.4756227,한파특보 발효시 운영,194509.8432,541800.3741,
1097,구립어울림경로당,Y,서울특별시 관악구 남부순환로149길 34-2 ,서울특별시 관악구 신림동 524-14,노인시설,224,28,2024-11-15,2025-03-15,Y,9:00:00,18:00:00,N,,,N,,,N,,,126.9154943,37.4835879,한파특보 발효시 운영,192525.9101,542685.9498,
1098,신사동주민센터,Y,서울특별시 관악구 조원로 142,서울특별시 관악구 신림동 492-4,주민센터,196,38,2024-11-15,2025-03-15,Y,9:00:00,18:00:00,N,,,N,,,N,,,126.9181,37.4855,한파특보 발효 시(평일 09:00~20:00) 운영,192756.5553,542897.9639,
1099,신사경로당,Y,서울특별시 관악구 조원로 151-1 ,서울특별시 관악구 신림동 480-21,노인시설,695,87,2024-11-15,2025-03-15,Y,9:00:00,18:00:00,N,,,N,,,N,,,126.9191148,37.4859096,한파특보 발효시 운영,192846.3459,542943.3465,
1100,신림동주민센터,Y,서울특별시 관악구 신림동길 14,서울특별시 관악구 신림동 1439-3,주민센터,"1,037.72",32,2024-11-15,2025-03-15,Y,9:00:00,18:00:00,N,,,N,,,N,,,126.9270996,37.4873936,한파특보 발효 시(평일 09:00~20:00) 운영,193552.6657,543107.4742,
1101,새들경로당,Y,서울특별시 관악구 관천로20길 43,서울특별시 관악구 신림동 1451-8,노인시설,74.88,10,2024-11-15,2025-03-15,Y,9:00:00,18:00:00,N,,,N,,,N,,,126.9250784,37.4884242,한파특보 발효시 운영,193374.0012,543221.9976,
1102,색동경로당,Y,서울특별시 관악구 신림로70길 74,서울특별시 관악구 신림동 1418-1,노인시설,86,11,2024-11-15,2025-03-15,Y,9:00:00,18:00:00,N,,,N,,,N,,,126.9326888,37.4865046,한파특보 발효시 운영,194046.9059,543008.4388,
1103,난향동주민센터,Y,서울특별시 관악구 난곡로 67,서울특별시 관악구 신림동 1735-5,주민센터,697.9,56,2024-11-15,2025-03-15,Y,9:00:00,18:00:00,N,,,N,,,N,,,126.9188341,37.4615201,한파특보 발효 시(평일 09:00~20:00) 운영,192819.1872,540236.4609,
1104,난향경로당,Y,서울특별시 관악구 난곡로9길 29-2 ,서울특별시 관악구 신림동 678-4,노인시설,97,12,2024-11-15,2025-03-15,Y,9:00:00,18:00:00,N,,,N,,,N,,,126.9181334,37.4640432,한파특보 발효시 운영,192757.4391,540516.5443,
1105,국회단지경로당,Y,서울특별시 관악구 난향9길 59-1 ,서울특별시 관악구 신림동 675-330,노인시설,206,26,2024-11-15,2025-03-15,Y,9:00:00,18:00:00,N,,,N,,,N,,,126.91497,37.460303,한파특보 발효시 운영,192477.2052,540101.681,
1106,신림SH빌(아)경로당,Y,서울특별시 관악구 난곡로 80,서울특별시 관악구 신림동 1736-1,노인시설,64,8,2024-11-15,2025-03-15,Y,9:00:00,18:00:00,N,,,N,,,N,,,126.919834,37.46242,한파특보 발효시 운영,192907.7342,540336.2618,
1107,조원동주민센터,Y,서울특별시 관악구 조원로12길 25,서울특별시 관악구 신림동 568-27,주민센터,"2,668.93",29,2024-11-15,2025-03-15,Y,9:00:00,18:00:00,N,,,N,,,N,,,126.9078078,37.4825884,한파특보 발효 시(평일 09:00~20:00) 운영,191845.9703,542575.6564,
1108,구립강남경로당,Y,서울특별시 관악구 조원로4길 24,서울특별시 관악구 신림동 1657-3,노인시설,191.73,24,2024-11-15,2025-03-15,Y,9:00:00,18:00:00,N,,,N,,,N,,,126.9047018,37.4823368,한파특보 발효시 운영,191571.2288,542548.0057,
1109,조원경로당,Y,서울특별시 관악구 조원로 48,서울특별시 관악구 신림동 560-6,노인시설,93,12,2024-11-15,2025-03-15,Y,9:00:00,18:00:00,N,,,N,,,N,,,126.907749,37.483492,한파특보 발효시 운영,191840.868,542675.9492,
1110,대학동주민센터,Y,서울특별시 관악구 신림로 111,서울특별시 관악구 신림동 1516,주민센터,"1,184.00",35,2024-11-15,2025-03-15,Y,9:00:00,18:00:00,N,,,N,,,N,,,126.936964,37.470602,한파특보 발효 시(평일 09:00~20:00) 운영,194423.8289,541243.2008,
1111,구립대학경로당,Y,서울특별시 관악구 대학12길 16,서울특별시 관악구 신림동 253-13,노인시설,96,12,2024-11-15,2025-03-15,Y,9:00:00,18:00:00,N,,,N,,,N,,,126.9369878,37.466638,한파특보 발효시 운영,194425.6399,540803.249,
1112,삼성동주민센터,Y,서울특별시 관악구 호암로 589,서울특별시 관악구 신림동 1528,주민센터,210.25,29,2024-11-15,2025-03-15,Y,9:00:00,18:00:00,N,,,N,,,N,,,126.9329724,37.470099,한파특보 발효 시(평일 09:00~20:00) 운영,194070.6918,541187.6184,
1113,돌샘경로당,Y,서울특별시 관악구 호암로18나길 5,서울특별시 관악구 신림동 306-12,노인시설,143.6,18,2024-11-15,2025-03-15,Y,9:00:00,18:00:00,N,,,N,,,N,,,126.9328739,37.4652907,한파특보 발효시 운영,194061.5981,540653.9685,
1114,주공2단지(아)경로당,Y,서울특별시 관악구 광신길 86,서울특별시 관악구 신림동 1713,노인시설,142,18,2024-11-15,2025-03-15,Y,9:00:00,18:00:00,N,,,N,,,N,,,126.926697,37.463915,한파특보 발효시 운영,193515.0313,540501.6918,
1115,원신경로당,Y,서울특별시 관악구 양지10길 15-1 ,서울특별시 관악구 신림동 368-8,노인시설,214,27,2024-11-15,2025-03-15,Y,9:00:00,18:00:00,N,,,N,,,N,,,126.927994,37.47045,한파특보 발효시 운영,193630.3288,541226.8997,
1116,주공1단지(아)경로당,Y,서울특별시 관악구 광신길 160,서울특별시 관악구 신림동 1704-1,노인시설,106,13,2024-11-15,2025-03-15,Y,9:00:00,18:00:00,N,,,N,,,N,,,126.927911,37.465935,한파특보 발효시 운영,193622.603,540725.8015,
1117,미성동주민센터,Y,서울특별시 관악구 난곡로 249,서울특별시 관악구 신림동 763-9,주민센터,300,20,2024-11-15,2025-03-15,Y,9:00:00,18:00:00,N,,,N,,,N,,,126.9155578,37.4761902,한파특보 발효 시(평일 09:00~20:00) 운영,192530.79,541864.8985,
1118,미성경로당,Y,서울특별시 관악구 난곡로58길 11,서울특별시 관악구 신림동 1566-35,노인시설,97.2,12,2024-11-15,2025-03-15,Y,9:00:00,18:00:00,N,,,N,,,N,,,126.9157435,37.4800566,한파특보 발효시 운영,192547.5998,542294.0026,
1119,삼성경로당,Y,서울특별시 관악구 난곡로63가길 47,서울특별시 관악구 신림동 1476-33,노인시설,112,14,2024-11-15,2025-03-15,Y,9:00:00,18:00:00,N,,,N,,,N,,,126.91451,37.478851,한파특보 발효시 운영,192438.3765,542160.2954,
1120,약수경로당,Y,서울특별시 관악구 미성길 123,서울특별시 관악구 신림동 733,노인시설,120,20,2024-11-15,2025-03-15,Y,9:00:00,18:00:00,N,,,N,,,N,,,126.912226,37.471838,한파특보 발효시 운영,192235.6303,541382.1322,
1121,하난곡경로당,Y,서울특별시 관악구 난우10가길 20-7 ,서울특별시 관악구 신림동 597-96,노인시설,198,25,2024-11-15,2025-03-15,Y,9:00:00,18:00:00,N,,,N,,,N,,,126.919933,37.476792,한파특보 발효시 운영,192917.8487,541931.3522,
1122,난곡동주민센터,Y,서울특별시 관악구 난곡로30길 40,서울특별시 관악구 신림동 633-56,주민센터,836.94,23,2024-11-15,2025-03-15,Y,9:00:00,18:00:00,N,,,N,,,N,,,126.9216424,37.4710115,한파특보 발효 시(평일 09:00~20:00) 운영,193068.5162,541289.6672,
1123,난곡경로당,Y,서울특별시 관악구 난곡로31길 38,서울특별시 관악구 신림동 712-7,노인시설,305,38,2024-11-15,2025-03-15,Y,9:00:00,18:00:00,N,,,N,,,N,,,126.918345,37.4704392,한파특보 발효시 운영,192776.7743,541226.3974,
1124,무궁화경로당,Y,서울특별시 관악구 난곡로26다길 17,서울특별시 관악구 신림동 646-7,노인시설,246,31,2024-11-15,2025-03-15,Y,9:00:00,18:00:00,N,,,N,,,N,,,126.9245169,37.4700094,한파특보 발효시 운영,193322.7043,541178.2399,
1125,법원경로당,Y,서울특별시 관악구 법원단지25길 15,서울특별시 관악구 신림동 610-47,노인시설,188,24,2024-11-15,2025-03-15,Y,9:00:00,18:00:00,N,,,N,,,N,,,126.922893,37.4758019,한파특보 발효시 운영,193179.5791,541821.2459,
1126,우림경로당,Y,서울특별시 관악구 난곡로24가길 19-4 ,서울특별시 관악구 신림동 638-62,노인시설,268,34,2024-11-15,2025-03-15,Y,9:00:00,18:00:00,N,,,N,,,N,,,126.921772,37.469943,한파특보 발효시 운영,193079.882,541171.0685,
1127,중앙노인종합복지관,Y,서울특별시 서초구 서초대로54길 45,서울특별시 서초구 서초동 1666-17,복지회관,155,10,2024-11-15,2025-03-15,Y,9:00:00,18:00:00,N,,,N,,,N,,,127.016803,37.492289,,201485.9655,543648.4356,
1128,서초1동주민센터,Y,서울특별시 서초구 사임당로 89,서울특별시 서초구 서초동 1649-5,주민센터,197,20,2024-11-15,2025-03-15,Y,9:00:00,18:00:00,N,,,N,,,N,,,127.019443,37.49014,한파특보 발령 시 평일 18:00~21:00 연장 운영,201719.482,543409.9698,
1129,서초1동 경로당,Y,서울특별시 서초구 효령로68길 49-3 ,서울특별시 서초구 서초동 1436-6,노인시설,198,25,2024-11-15,2025-03-15,Y,9:00:00,18:00:00,N,,,N,,,N,,,127.02249,37.485434,,201989.0745,542887.7259,
1130,서초2동 주민센터,Y,서울특별시 서초구 서초대로70길 51,서울특별시 서초구 서초동 1332-6,주민센터,"2,383.00",20,2024-11-15,2025-03-15,Y,9:00:00,18:00:00,N,,,N,,,N,,,127.0249316,37.4920493,한파특보 발령 시 평일 18:00~21:00 연장 운영,202204.8216,543621.9914,
1131,서초2동 경로당,Y,서울특별시 서초구 강남대로45길 17-2 ,서울특별시 서초구 서초동 1357-48,노인시설,179,30,2024-11-15,2025-03-15,Y,9:00:00,18:00:00,N,,,N,,,N,,,127.0308916,37.4879585,,202732.0421,543168.1227,
1132,서초3동 주민센터,Y,서울특별시 서초구 반포대로 34,서울특별시 서초구 서초동 1459-12,주민센터,690,30,2024-11-15,2025-03-15,Y,9:00:00,18:00:00,N,,,N,,,N,,,127.0120409,37.4836596,한파특보 발령 시 평일 18:00~21:00 연장 운영,201064.9539,542690.6215,
1133,서초구립 하명달 경로당,Y,서울특별시 서초구 반포대로23길 51-6 ,서울특별시 서초구 서초동 1506-11,노인시설,82,15,2024-11-15,2025-03-15,Y,9:00:00,18:00:00,N,,,N,,,N,,,127.0057763,37.4885833,,200510.8496,543237.0347,
1134,서초3동 경로당(서초느티나무쉼터),Y,서울특별시 서초구 반포대로1길 53-3 ,서울특별시 서초구 서초동 1484-6,노인시설,150.38,15,2024-11-15,2025-03-15,Y,9:00:00,18:00:00,N,,,N,,,N,,,127.0108742,37.4828124,,200961.7763,542596.581,
1135,예술의마을 경로당,Y,서울특별시 서초구 남부순환로323길 44-15 ,서울특별시 서초구 서초동 1455-4,노인시설,79,15,2024-11-15,2025-03-15,Y,9:00:00,18:00:00,N,,,N,,,N,,,127.0144764,37.4832552,,201280.3679,542645.7688,
1136,서초느티나무쉼터,Y,서울특별시 서초구 반포대로1길 53-3 ,서울특별시 서초구 서초동 1484-6,노인시설,697.22,10,2024-11-15,2025-03-15,Y,9:00:00,18:00:00,N,,,N,,,N,,,127.0108796,37.4828153,,200962.2539,542596.9029,
1137,서초4동 주민센터,Y,서울특별시 서초구 서운로26길 3,서울특별시 서초구 서초동 1302-6,주민센터,86.31,26,2024-11-15,2025-03-15,Y,9:00:00,18:00:00,N,,,N,,,N,,,127.0221797,37.5026915,한파특보 발령 시 평일 18:00~21:00 연장 운영,201961.1794,544803.0763,
1138,명달 경로당,Y,서울특별시 서초구 서운로23길 17,서울특별시 서초구 서초동 1313-17,노인시설,132,33,2024-11-15,2025-03-15,Y,9:00:00,18:00:00,N,,,N,,,N,,,127.0209822,37.4985307,,201855.3967,544341.2571,
1139,장안 경로당,Y,서울특별시 서초구 서초대로55길 13,서울특별시 서초구 서초동 1697-18,노인시설,172,43,2024-11-15,2025-03-15,Y,9:00:00,18:00:00,N,,,N,,,N,,,127.0153395,37.4959159,,201356.476,544050.952,
1140,서초구립 주흥경로당,Y,서울특별시 서초구 신반포로41길 30,서울특별시 서초구 잠원동 44-11,노인시설,91,15,2024-11-15,2025-03-15,Y,9:00:00,18:00:00,N,,,N,,,N,,,127.0166064,37.5111596,,201468.2097,545742.8252,
1141,잠원동 주민센터,Y,서울특별시 서초구 나루터로 38,서울특별시 서초구 잠원동 58-27,주민센터,"1,943.00",20,2024-11-15,2025-03-15,Y,9:00:00,18:00:00,N,,,N,,,N,,,127.0139641,37.5149576,한파특보 발령 시 평일 18:00~21:00 연장 운영,201234.5354,546164.3169,
1142,잠원동 경로당,Y,서울특별시 서초구 강남대로107길 24,서울특별시 서초구 잠원동 7-9,노인시설,214,20,2024-11-15,2025-03-15,Y,9:00:00,18:00:00,N,,,N,,,N,,,127.0173141,37.5178786,,201530.6419,546488.5602,
1143,반포복지관 경로당 시니어라운지,Y,서울특별시 서초구 사평대로55길 90,서울특별시 서초구 반포동 724-12,노인시설,125.46,20,2024-11-15,2025-03-15,Y,9:00:00,18:00:00,N,,,N,,,N,,,127.0212731,37.5078854,,201880.8855,545379.5139,
1144,반포1동 IT센터 시니어라운지,Y,서울특별시 서초구 사평대로 273,서울특별시 서초구 반포동 20-48,노인시설,60,15,2024-11-15,2025-03-15,Y,9:00:00,18:00:00,N,,,N,,,N,,,127.013382,37.5050853,,201183.229,545068.6102,
1145,반포1동 주민센터,Y,서울특별시 서초구 사평대로 273,서울특별시 서초구 반포동 20-48,주민센터,650,50,2024-11-15,2025-03-15,Y,9:00:00,18:00:00,N,,,N,,,N,,,127.0133983,37.5050952,한파특보 발령 시 평일 18:00~21:00 연장 운영,201184.6701,545069.7092,
1146,반포복지관 경로당,Y,서울특별시 서초구 사평대로55길 90,서울특별시 서초구 반포동 724-12,노인시설,117,30,2024-11-15,2025-03-15,Y,9:00:00,18:00:00,N,,,N,,,N,,,127.021265,37.5078662,,201880.1698,545377.3827,
1147,반포1동경로당,Y,서울특별시 서초구 사평대로55길 90,서울특별시 서초구 반포동 724-12,노인시설,115,20,2024-11-15,2025-03-15,Y,9:00:00,18:00:00,N,,,N,,,N,,,127.0212779,37.5078959,,201881.3096,545380.6793,
1148,반포2동 경로당 시니어라운지,Y,서울특별시 서초구 신반포로15길 28,서울특별시 서초구 반포동 4-2,노인시설,99,20,2024-11-15,2025-03-15,Y,9:00:00,18:00:00,N,,,N,,,N,,,126.9948882,37.505098,,199548.0175,545069.9479,
1149,반포느티나무쉼터,Y,서울특별시 서초구 신반포로 127,서울특별시 서초구 반포동 1-23,노인시설,119,15,2024-11-15,2025-03-15,Y,9:00:00,18:00:00,N,,,N,,,N,,,126.9982517,37.5043682,,199845.4148,544988.9387,
1150,반포2동 주민센터,Y,서울특별시 서초구 신반포로 127,서울특별시 서초구 반포동 1-23,주민센터,60,10,2024-11-15,2025-03-15,Y,9:00:00,18:00:00,N,,,N,,,N,,,126.9982544,37.5043895,한파특보 발령 시 평일 18:00~21:00 연장 운영,199845.6536,544991.3027,
1151,반포2동 경로당,Y,서울특별시 서초구 신반포로15길 28,서울특별시 서초구 반포동 4-2,노인시설,231,30,2024-11-15,2025-03-15,Y,9:00:00,18:00:00,N,,,N,,,N,,,126.994826,37.5050769,,199542.5177,545067.6064,
1152,반포3동 경로당 시니어라운지,Y,서울특별시 서초구 신반포로23길 48,서울특별시 서초구 잠원동 72-1,노인시설,82.55,20,2024-11-15,2025-03-15,Y,9:00:00,18:00:00,N,,,N,,,N,,,127.0035705,37.5093407,,200315.6837,545540.8269,
1153,반포3동 주민센터,Y,서울특별시 서초구 신반포로23길 78,서울특별시 서초구 잠원동 71-7,주민센터,270,30,2024-11-15,2025-03-15,Y,9:00:00,18:00:00,N,,,N,,,N,,,127.0055541,37.5120789,한파특보 발령 시 평일 18:00~21:00 연장 운영,200491.0446,545844.7407,
1154,반포3동 경로당,Y,서울특별시 서초구 신반포로23길 48,서울특별시 서초구 잠원동 72-1,노인시설,163,40,2024-11-15,2025-03-15,Y,9:00:00,18:00:00,N,,,N,,,N,,,127.0032854,37.5093531,,200290.4767,545542.2022,
1155,반포4동 주민센터,Y,서울특별시 서초구 사평대로28길 70,서울특별시 서초구 반포동 74-7,주민센터,612,15,2024-11-15,2025-03-15,Y,9:00:00,18:00:00,N,,,N,,,N,,,127.0003062,37.4974546,한파특보 발령 시 평일 18:00~21:00 연장 운영,200027.0768,544221.6172,
1156,반포4동 경로당,Y,서울특별시 서초구 사평대로26길 9-14 ,서울특별시 서초구 반포동 535-12,노인시설,49,10,2024-11-15,2025-03-15,Y,9:00:00,18:00:00,N,,,N,,,N,,,126.9994709,37.4996293,,199953.2139,544462.9807,
1157,방배본동 주민센터,Y,서울특별시 서초구 동광로19길 38,서울특별시 서초구 방배동 774-9,주민센터,60,10,2024-11-15,2025-03-15,Y,9:00:00,18:00:00,N,,,N,,,N,,,126.9888264,37.4941178,온돌의자한파특보 발령 시 평일 18:00~21:00 연장 운영,199011.892,543851.3345,
1158,서초구립 기녕당 경로당,Y,서울특별시 서초구 방배중앙로 159-6 ,서울특별시 서초구 방배동 778-16,노인시설,110,15,2024-11-15,2025-03-15,Y,9:00:00,18:00:00,N,,,N,,,N,,,126.9859304,37.493331,,198755.7787,543764.0443,
1159,방배1동 주민센터,Y,서울특별시 서초구 효령로29길 43,서울특별시 서초구 방배동 922-18,주민센터,35,10,2024-11-15,2025-03-15,Y,9:00:00,18:00:00,N,,,N,,,N,,,126.9945046,37.4833701,한파특보 발령 시 평일 18:00~21:00 연장 운영,199513.9591,542658.437,
1160,방배1동제1경로당,Y,서울특별시 서초구 서초대로 114-8 ,서울특별시 서초구 방배동 144-18,노인시설,30,10,2024-11-15,2025-03-15,Y,9:00:00,18:00:00,N,,,N,,,N,,,126.9947133,37.4875575,,199532.4436,543123.1819,
1161,방배2동 주민센터,Y,서울특별시 서초구 청두곶길 36,서울특별시 서초구 방배동 462-13,주민센터,499,30,2024-11-15,2025-03-15,Y,9:00:00,18:00:00,N,,,N,,,N,,,126.9855514,37.4797645,한파특보 발령 시 평일 18:00~21:00 연장 운영,198722.0314,542258.3472,
1162,방배노인종합 복지관,Y,서울특별시 서초구 방배천로 48,서울특별시 서초구 방배동 455-11,복지회관,139.5,35,2024-11-15,2025-03-15,Y,9:00:00,18:00:00,N,,,N,,,N,,,126.9828048,37.4807436,,198479.1164,542367.0551,
1163,방배2동 제2경로당,Y,서울특별시 서초구 방배천로16길 5,서울특별시 서초구 방배동 437-8,노인시설,185,25,2024-11-15,2025-03-15,Y,9:00:00,18:00:00,N,,,N,,,N,,,126.9830826,37.4822446,,198503.7172,542533.6416,
1164,방배느티나무쉼터,Y,서울특별시 서초구 남부순환로287길 17-6 ,서울특별시 서초구 방배동 478-14,노인시설,535,8,2024-11-15,2025-03-15,Y,9:00:00,18:00:00,N,,,N,,,N,,,126.9872752,37.4765288,,198874.4518,541899.2058,
1165,방배3동 주민센터,Y,서울특별시 서초구 방배로 40,서울특별시 서초구 방배동 1023-3,주민센터,354,20,2024-11-15,2025-03-15,Y,9:00:00,18:00:00,N,,,N,,,N,,,126.9999906,37.4784478,한파특보 발령 시 평일 18:00~21:00 연장 운영,199999.1686,542112.113,
1166,방배3동 제2경로당,Y,서울특별시 서초구 남부순환로287길 17-4 ,서울특별시 서초구 방배동 478-13,노인시설,113,20,2024-11-15,2025-03-15,Y,9:00:00,18:00:00,N,,,N,,,N,,,126.9873992,37.4765392,,198885.4201,541900.3586,
1167,방배4동 주민센터,Y,서울특별시 서초구 방배로 173,서울특별시 서초구 방배동 852-14,주민센터,552.59,20,2024-11-15,2025-03-15,Y,9:00:00,18:00:00,N,,,N,,,N,,,126.9922382,37.4889889,한파특보 발령 시 평일 18:00~21:00 연장 운영,199313.5586,543282.0636,
1168,방배4동 경로당,Y,서울특별시 서초구 방배중앙로19길 4,서울특별시 서초구 방배동 821-1,노인시설,146,30,2024-11-15,2025-03-15,Y,9:00:00,18:00:00,N,,,N,,,N,,,126.9869113,37.4899572,,198842.4709,543389.5843,
1169,양재느티나무쉼터,Y,서울특별시 서초구 바우뫼로41길 72-9 ,서울특별시 서초구 양재동 7-32,노인시설,487.29,5,2024-11-15,2025-03-15,Y,9:00:00,18:00:00,N,,,N,,,N,,,127.040532,37.4838555,,203584.8317,542713.0673,
1170,우면주공아파트 경로당,N,서울특별시 서초구 바우뫼로7길 11,서울특별시 서초구 우면동 63,노인시설,106.14,10,2024-11-15,2025-03-15,Y,9:00:00,18:00:00,N,,,N,,,N,,,127.0242739,37.4702585,,202147.2814,541203.4876,
1171,서초구립 우면동 경로당,Y,서울특별시 서초구 바우뫼로4길 6,서울특별시 서초구 우면동 6-1,노인시설,195,20,2024-11-15,2025-03-15,Y,9:00:00,18:00:00,N,,,N,,,N,,,127.025483,37.4694165,,202254.2643,541110.0652,
1172,양재1동 주민센터,Y,서울특별시 서초구 바우뫼로 41,서울특별시 서초구 우면동 68-2,주민센터,70,21,2024-11-15,2025-03-15,Y,9:00:00,18:00:00,N,,,N,,,N,,,127.0266883,37.4716377,한파특보 발령 시 평일 18:00~21:00 연장 운영,202360.8171,541356.6179,
1173,양재노인종합복지관,Y,서울특별시 서초구 강남대로30길 73-7 ,서울특별시 서초구 양재동 7-44,복지회관,100,22,2024-11-15,2025-03-15,Y,9:00:00,18:00:00,N,,,N,,,N,,,127.040791,37.4830294,,203607.7785,542621.3911,
1174,서초구립 암산 경로당,Y,서울특별시 서초구 바우뫼로7길 84,서울특별시 서초구 우면동 55,노인시설,97,20,2024-11-15,2025-03-15,Y,9:00:00,18:00:00,N,,,N,,,N,,,127.0244818,37.4735552,,202165.5773,541569.3816,
1175,말죽거리 경로당,Y,서울특별시 서초구 바우뫼로41길 72-9 ,서울특별시 서초구 양재동 7-32,노인시설,141,20,2024-11-15,2025-03-15,Y,9:00:00,18:00:00,N,,,N,,,N,,,127.0404925,37.483832,,203581.3393,542710.4577,
1176,서초구립 송동마을 경로당,Y,서울특별시 서초구 송동길 27,서울특별시 서초구 우면동 476-6,노인시설,151,20,2024-11-15,2025-03-15,Y,9:00:00,18:00:00,N,,,N,,,N,,,127.0171256,37.4601697,,201515.1428,540083.6292,
1177,서초구립 새원마을 경로당,Y,서울특별시 서초구 새원3길 8,서울특별시 서초구 원지동 254-14,노인시설,134,20,2024-11-15,2025-03-15,Y,9:00:00,18:00:00,N,,,N,,,N,,,127.0499728,37.4538968,,204421.5826,539388.4585,
1178,양재2동 주민센터,Y,서울특별시 서초구 강남대로12길 44,서울특별시 서초구 양재동 323-1,주민센터,104,31,2024-11-15,2025-03-15,Y,9:00:00,18:00:00,N,,,N,,,N,,,127.0412121,37.470657,한파특보 발령 시 평일 18:00~21:00 연장 운영,203645.6239,541248.2366,
1179,잔디마을 경로당,Y,서울특별시 서초구 매헌로6길 58,서울특별시 서초구 양재동 205-4,노인시설,82,30,2024-11-15,2025-03-15,Y,9:00:00,18:00:00,N,,,N,,,N,,,127.0355057,37.4662508,,203141.0199,540759.0025,
1180,동산마을경로당,Y,서울특별시 서초구 동산로12길 8,서울특별시 서초구 양재동 376-3,노인시설,200,30,2024-11-15,2025-03-15,Y,9:00:00,18:00:00,N,,,N,,,N,,,127.0450651,37.4713541,,203986.4234,541325.7614,
1181,서초구립 샘마을 경로당,Y,서울특별시 서초구 샘마을길 8,서울특별시 서초구 내곡동 1-2125,노인시설,134,10,2024-11-15,2025-03-15,Y,9:00:00,18:00:00,N,,,N,,,N,,,127.0714841,37.458219,,206324.534,539869.39,
1182,서초구립 염곡경로당,Y,서울특별시 서초구 염곡말길 9,서울특별시 서초구 염곡동 180-2,노인시설,165,20,2024-11-15,2025-03-15,Y,9:00:00,18:00:00,N,,,N,,,N,,,127.0505059,37.4617719,,204468.2826,540262.5115,
1183,서초구립 홍씨마을 경로당,Y,서울특별시 서초구 홍씨마을길 25,서울특별시 서초구 내곡동 156-7,노인시설,165,20,2024-11-15,2025-03-15,Y,9:00:00,18:00:00,N,,,N,,,N,,,127.0655196,37.4531888,,205797.2149,539310.7234,
1184,내곡동 주민센터,Y,서울특별시 서초구 청계산로15길 77,서울특별시 서초구 신원동 627,주민센터,119,30,2024-11-15,2025-03-15,Y,9:00:00,18:00:00,N,,,N,,,N,,,127.0583117,37.4493013,한파특보 발령 시 평일 18:00~21:00 연장 운영,205159.7224,538878.8457,
1185,본마을 경로당,Y,서울특별시 서초구 본마을2길 2,서울특별시 서초구 신원동 446,노인시설,160,30,2024-11-15,2025-03-15,Y,9:00:00,18:00:00,N,,,N,,,N,,,127.0534524,37.4544459,,204729.4223,539449.57,
1186,내곡느티나무쉼터,Y,서울특별시 서초구 염곡말길 9,서울특별시 서초구 염곡동 180-2,노인시설,164.84,20,2024-11-15,2025-03-15,Y,9:00:00,18:00:00,N,,,N,,,N,,,127.0506875,37.4617297,,204484.3513,540257.8366,
1187,능안마을 경로당,Y,서울특별시 서초구 능안말2길 13,서울특별시 서초구 내곡동 166,노인시설,144.28,10,2024-11-15,2025-03-15,Y,9:00:00,18:00:00,N,,,N,,,N,,,127.066278,37.4545803,,205864.2099,539465.2076,
1188,청룡마을 경로당,Y,서울특별시 서초구 청룡마을4길 15,서울특별시 서초구 신원동 251,노인시설,106.14,10,2024-11-15,2025-03-15,Y,9:00:00,18:00:00,N,,,N,,,N,,,127.0580006,37.4474232,,205132.3229,538670.3858,
1189,신사동주민센터,Y,서울특별시 강남구 압구정로 128,서울특별시 강남구 신사동 548-1,주민센터,157,40,2024-11-15,2025-03-15,Y,9:00:00,21:00:00,N,,,N,,,N,,,127.0227971,37.5239742,,202015.199,547165.1985,
1190,논현노인종합복지관,Y,서울특별시 강남구 강남대로128길 59,서울특별시 강남구 논현동 125-13,복지회관,"1,631.00",20,2024-11-15,2025-03-15,Y,9:00:00,18:00:00,N,,,N,,,N,,,127.0260558,37.5120356,,202303.6259,545840.2394,
1191,논현1동주민센터,Y,서울특별시 강남구 학동로20길 25,서울특별시 강남구 논현동 133-13,주민센터,65,20,2024-11-15,2025-03-15,Y,9:00:00,21:00:00,N,,,N,,,N,,,127.028507,37.511452,,202520.3591,545775.5301,
1192,논현2동주민센터,Y,서울특별시 강남구 학동로43길 17,서울특별시 강남구 논현동 114-24,주민센터,832,50,2024-11-15,2025-03-15,Y,9:00:00,21:00:00,N,,,N,,,N,,,127.0371879,37.5172779,,203287.5988,546422.399,
1193,압구정노인복지관,Y,서울특별시 강남구 도산대로53길 5,서울특별시 강남구 신사동 652-13,복지회관,68.32,21,2024-11-15,2025-03-15,Y,9:00:00,18:00:00,N,,,N,,,N,,,127.0381928,37.5235237,,203376.1556,547115.6398,
1194,로데오현대경로당,Y,서울특별시 강남구 압구정로50길 28,서울특별시 강남구 신사동 658-2,노인시설,331,100,2024-11-15,2025-03-15,Y,9:00:00,18:00:00,N,,,N,,,N,,,127.0370193,37.5265697,,203272.2879,547453.6663,
1195,압구정동 주민센터,Y,서울특별시 강남구 압구정로 201,서울특별시 강남구 압구정동 458,주민센터,203,20,2024-11-15,2025-03-15,Y,9:00:00,21:00:00,N,,,N,,,N,,,127.0306508,37.5306182,,202709.2036,547902.7971,
1196,압구정1동 경로당,Y,서울특별시 강남구 언주로157길 8,서울특별시 강남구 신사동 627-2,노인시설,98,30,2024-11-15,2025-03-15,Y,9:00:00,18:00:00,N,,,N,,,N,,,127.0322406,37.5239607,,202849.9782,547163.9444,
1197,정다운도서관,Y,서울특별시 강남구 학동로67길 11,서울특별시 강남구 청담동 35-10,문화시설,33,10,2024-11-15,2025-03-15,Y,9:00:00,18:00:00,N,,,N,,,N,,,127.0464499,37.5190742,,204106.3081,546622.1296,
1198,청담동주민센터,Y,서울특별시 강남구 압구정로79길 26,서울특별시 강남구 청담동 124-1,주민센터,50,15,2024-11-15,2025-03-15,Y,9:00:00,21:00:00,N,,,N,,,N,,,127.0493166,37.5250817,,204359.3833,547289.0157,
1199,삼성1동주민센터,Y,서울특별시 강남구 봉은사로 616,서울특별시 강남구 삼성동 161-2,주민센터,33,10,2024-11-15,2025-03-15,Y,9:00:00,21:00:00,N,,,N,,,N,,,127.0625237,37.514325,,205527.6299,546095.8513,
1200,한파 응급 대피소 ,Y,서울특별시 강남구 학동로 426,서울특별시 강남구 삼성동 16-1,기타,20,20,2025-01-31,2025-03-15,Y,9:00:00,18:00:00,Y,9:00:00,18:00:00,Y,9:00:00,18:00:00,Y,9:00:00,18:00:00,127.0476151,37.5177595,한파기간(10.15~다음해3.15)   - 평일(09:00~18:00)  - 주말/공휴일(09:00~18:00) 한파특보발효시  - 평일(09:00~21:00)  주말/공휴일(09:00~21:00),204209.3891,546476.2659,
1201,강남구보건소,Y,서울특별시 강남구 선릉로 668,서울특별시 강남구 삼성동 8,보건소,128,20,2024-11-15,2025-03-15,Y,9:00:00,18:00:00,N,,,N,,,N,,,127.0421356,37.5162818,,203725.0501,546312.0289,
1202,봉전경로당,Y,서울특별시 강남구 봉은사로68길 39-3 ,서울특별시 강남구 삼성동 123-29,노인시설,110,33,2024-11-15,2025-03-15,Y,9:00:00,18:00:00,N,,,N,,,N,,,127.0519014,37.5098625,,204588.8008,545599.9996,
1203,삼성2동주민센터,Y,서울특별시 강남구 봉은사로 419,서울특별시 강남구 삼성동 38-34,주민센터,786,40,2024-11-15,2025-03-15,Y,9:00:00,21:00:00,N,,,N,,,N,,,127.0459912,37.5111674,,204066.1867,545744.555,
1204,대치1동주민센터,Y,서울특별시 강남구 남부순환로391길 19,서울특별시 강남구 대치동 646-2,주민센터,388,118,2024-11-15,2025-03-15,Y,9:00:00,21:00:00,N,,,N,,,N,,,127.0567749,37.4932457,,205020.7981,543755.9983,
1205,대치경로당,Y,서울특별시 강남구 역삼로90길 18,서울특별시 강남구 대치동 971-15,노인시설,92,28,2024-11-15,2025-03-15,Y,9:00:00,18:00:00,N,,,N,,,N,,,127.0620106,37.5028334,,205483.1079,544820.4006,
1206,대치2동주민센터,Y,서울특별시 강남구 영동대로65길 24,서울특별시 강남구 대치동 980-9,주민센터,72,22,2024-11-15,2025-03-15,Y,9:00:00,21:00:00,N,,,N,,,N,,,127.0641871,37.502306,,205675.5986,544761.9951,
1207,대치4동주민센터,Y,서울특별시 강남구 도곡로77길 23,서울특별시 강남구 대치동 928-22,주민센터,301,30,2024-11-15,2025-03-15,Y,9:00:00,21:00:00,N,,,N,,,N,,,127.0578474,37.4997288,,205115.2008,544475.5958,
1208,강남시니어플라자,Y,서울특별시 강남구 봉은사로 332,서울특별시 강남구 역삼동 682-8,복지회관,33,10,2024-11-15,2025-03-15,Y,9:00:00,18:00:00,N,,,N,,,N,,,127.0432192,37.5097588,,203821.1796,545588.1022,
1209,상방교경로당,Y,서울특별시 강남구 봉은사로24길 70,서울특별시 강남구 역삼동 632-13,노인시설,179,54,2024-11-15,2025-03-15,Y,9:00:00,18:00:00,N,,,N,,,N,,,127.0318787,37.5023877,,202818.7985,544769.6047,
1210,하방교경로당,Y,서울특별시 강남구 역삼로11길 9-7 ,서울특별시 강남구 역삼동 752-11,노인시설,321,50,2024-11-15,2025-03-15,Y,9:00:00,18:00:00,N,,,N,,,N,,,127.0345716,37.4952906,,203057.2011,543982.0028,
1211,역삼1동주민센터,Y,서울특별시 강남구 역삼로7길 16,서울특별시 강남구 역삼동 829-20,주민센터,531,40,2024-11-15,2025-03-15,Y,9:00:00,21:00:00,N,,,N,,,N,,,127.0332825,37.4953738,,202943.2014,543991.1958,
1212,테헤란아이파크실버클럽,Y,서울특별시 강남구 테헤란로52길 16,서울특별시 강남구 역삼동 709-5,노인시설,141,43,2024-11-15,2025-03-15,Y,9:00:00,18:00:00,N,,,N,,,N,,,127.046061,37.5023902,,204072.8347,544770.4014,
1213,역삼시니어하우스,Y,서울특별시 강남구 언주로79길 30-3 ,서울특별시 강남구 역삼동 724-5,노인시설,212.22,64,2024-11-15,2025-03-15,Y,9:00:00,18:00:00,N,,,N,,,N,,,127.0414,37.4992,,203660.8525,544416.139,
1214,역삼2동경로당,Y,서울특별시 강남구 도곡로27길 27,서울특별시 강남구 역삼동 781-34,노인시설,90,27,2024-11-15,2025-03-15,Y,9:00:00,18:00:00,N,,,N,,,N,,,127.0418311,37.4945386,,203699.2031,543898.8011,
1215,역삼2동주민센터,Y,서울특별시 강남구 도곡로43길 25,서울특별시 강남구 역삼동 761-26,주민센터,123,37,2024-11-15,2025-03-15,Y,9:00:00,21:00:00,N,,,N,,,N,,,127.0468166,37.4959747,,204140.001,544058.3971,
1216,도곡1동주민센터,Y,서울특별시 강남구 도곡로18길 57,서울특별시 강남구 도곡동 892-6,주민센터,648,50,2024-11-15,2025-03-15,Y,9:00:00,21:00:00,N,,,N,,,N,,,127.0388787,37.4883118,,203438.4022,543207.5961,
1217,개포4차우성경로당,Y,서울특별시 강남구 언주로 117,서울특별시 강남구 도곡동 465,노인시설,34,100,2024-11-15,2025-03-15,Y,9:00:00,18:00:00,N,,,N,,,N,,,127.0492425,37.4853497,,204355.1406,542879.271,
1218,삼성래미안경로당,Y,서울특별시 강남구 언주로 202,서울특별시 강남구 도곡동 91-5,노인시설,115,35,2024-11-15,2025-03-15,Y,9:00:00,18:00:00,N,,,N,,,N,,,127.0506262,37.4897643,,204477.2554,543369.2983,
1219,도곡2동주민센터,Y,서울특별시 강남구 남부순환로378길 34-9 ,서울특별시 강남구 도곡동 459,주민센터,463,40,2024-11-15,2025-03-15,Y,9:00:00,21:00:00,N,,,N,,,N,,,127.0464155,37.4836996,,204105.2033,542696.0048,
1220,개포1동주민센터,Y,서울특별시 강남구 개포로 303,서울특별시 강남구 개포동 653,주민센터,102,15,2024-11-15,2025-03-15,Y,9:00:00,21:00:00,N,,,N,,,N,,,127.055583,37.4827025,,204916.0852,542585.7791,
1221,경남아경로당,Y,서울특별시 강남구 언주로 110,서울특별시 강남구 개포동 649,노인시설,42,13,2024-11-15,2025-03-15,Y,9:00:00,18:00:00,N,,,N,,,N,,,127.0542472,37.484618,,204797.8167,542798.3053,
1222,개포하늘꿈도서관,Y,서울특별시 강남구 개포로110길 54,서울특별시 강남구 일원동 741-3,문화시설,33,10,2024-11-15,2025-03-15,Y,9:00:00,18:00:00,N,,,N,,,N,,,127.0803584,37.4907255,,207106.6066,543477.8082,
1223,개포2동주민센터,Y,서울특별시 강남구 개포로 511,서울특별시 강남구 개포동 182,주민센터,117.42,36,2024-11-15,2025-03-15,Y,9:00:00,21:00:00,N,,,N,,,N,,,127.0691,37.4899,,206111.0215,543385.3982,
1224,강남종합사회복지관,N,서울특별시 강남구 개포로109길 5,서울특별시 강남구 개포동 12,복지회관,69.31,21,2024-11-15,2025-03-15,Y,9:00:00,18:00:00,N,,,N,,,N,,,127.0745908,37.4923312,,206596.3996,543655.6001,
1225,일원1동주민센터,Y,서울특별시 강남구 개포로 615,서울특별시 강남구 개포동 12-4,주민센터,59,18,2024-11-15,2025-03-15,Y,9:00:00,21:00:00,N,,,N,,,N,,,127.0756,37.4927,,206685.6148,543696.6033,
1226,개포3동주민센터,Y,서울특별시 강남구 개포로 615,서울특별시 강남구 개포동 12-4,주민센터,847.74,60,2024-11-15,2025-03-15,Y,9:00:00,21:00:00,N,,,N,,,N,,,127.0756,37.4927,,206685.6148,543696.6033,
1227,능인종합사회복지관,Y,서울특별시 강남구 양재대로 340,서울특별시 강남구 개포동 1055,복지회관,223,40,2024-11-15,2025-03-15,Y,9:00:00,18:00:00,N,,,N,,,N,,,127.052594,37.4716775,,204652.404,541361.9997,
1228,밀미리경로당,Y,서울특별시 강남구 개포로31길 31,서울특별시 강남구 개포동 1265-4,노인시설,113,34,2024-11-15,2025-03-15,Y,9:00:00,18:00:00,N,,,N,,,N,,,127.048666,37.4809956,,204304.4032,542395.9972,
1229,포이경로당,Y,서울특별시 강남구 개포로20길 48,서울특별시 강남구 개포동 1220,노인시설,64,19,2024-11-15,2025-03-15,Y,9:00:00,18:00:00,N,,,N,,,N,,,127.0492687,37.476029,,204357.9991,541844.7987,
1230,개포4동주민센터,Y,서울특별시 강남구 개포로24길 33,서울특별시 강남구 개포동 1204,주민센터,85,26,2024-11-15,2025-03-15,Y,9:00:00,21:00:00,N,,,N,,,N,,,127.0499,37.4772,,204413.7711,541974.7934,
1231,세곡보건지소,Y,서울특별시 강남구 자곡로 100,서울특별시 강남구 자곡동 628,보건소,81,10,2024-11-15,2025-03-15,Y,9:00:00,18:00:00,N,,,N,,,N,,,127.0948048,37.4715468,,208386.3375,541350.4158,
1232,못골도서관,Y,서울특별시 강남구 자곡로 116,서울특별시 강남구 자곡동 632,문화시설,33,10,2024-11-15,2025-03-15,Y,9:00:00,18:00:00,N,,,N,,,N,,,127.096347,37.4717289,,208522.7383,541370.7649,
1233,반고개 경로당,Y,서울특별시 강남구 헌릉로622길 9,서울특별시 강남구 세곡동 128-13,노인시설,85,26,2024-11-15,2025-03-15,Y,9:00:00,18:00:00,N,,,N,,,N,,,127.1070291,37.4640471,,209468.6329,540519.2092,
1234,방죽1시니어센터,Y,서울특별시 강남구 밤고개로24길 60,서울특별시 강남구 율현동 308-15,노인시설,182,55,2024-11-15,2025-03-15,Y,9:00:00,18:00:00,N,,,N,,,N,,,127.1053217,37.4708649,,209316.7368,541275.7225,
1235,세곡동주민센터,Y,서울특별시 강남구 밤고개로 286,서울특별시 강남구 율현동 278-1,주민센터,160,48,2024-11-15,2025-03-15,Y,9:00:00,21:00:00,N,,,N,,,N,,,127.1069115,37.4690495,,209457.5989,541074.396,
1236,방죽2경로당,Y,서울특별시 강남구 밤고개로23길 14-31 ,서울특별시 강남구 율현동 201-19,노인시설,180,55,2024-11-15,2025-03-15,Y,9:00:00,18:00:00,N,,,N,,,N,,,127.1096964,37.4717861,,209703.6029,541378.405,
1237,윗반고개 경로당,Y,서울특별시 강남구 헌릉로645길 11,서울특별시 강남구 세곡동 100-4,노인시설,160,48,2024-11-15,2025-03-15,Y,9:00:00,18:00:00,N,,,N,,,N,,,127.1094701,37.4656188,,209684.3803,540693.8947,
1238,열린도서관,Y,서울특별시 강남구 일원로 115,서울특별시 강남구 일원동 717,문화시설,33,10,2024-11-15,2025-03-15,Y,9:00:00,18:00:00,N,,,N,,,N,,,127.0844113,37.4839138,,207465.7083,542722.1129,
1239,일원경로당,Y,서울특별시 강남구 광평로3길 21,서울특별시 강남구 일원동 730,노인시설,116,35,2024-11-15,2025-03-15,Y,9:00:00,18:00:00,N,,,N,,,N,,,127.0779655,37.4840866,,206895.5973,542740.7998,
1240,수서10단지경로당,Y,서울특별시 강남구 광평로19길 10,서울특별시 강남구 수서동 746,노인시설,116,35,2024-11-15,2025-03-15,Y,9:00:00,18:00:00,N,,,N,,,N,,,127.0876729,37.4845925,,207754.1086,542797.7032,
1241,일원본동주민센터,Y,서울특별시 강남구 광평로 126,서울특별시 강남구 일원동 735-3,주민센터,65,20,2023-11-15,2025-03-15,Y,9:00:00,21:00:00,N,,,N,,,N,,,127.0864808,37.4833779,,207648.7987,542662.8012,
1242,대청종합사회복지관,Y,서울특별시 강남구 양재대로55길 10,서울특별시 강남구 일원동 711,복지회관,221,67,2024-11-01,2025-03-15,Y,9:00:00,18:00:00,N,,,N,,,N,,,127.091393,37.493193,,208082.2011,543752.5586,
1243,대청경로당,Y,서울특별시 강남구 일원로3길 35,서울특별시 강남구 일원동 621,노인시설,126,38,2023-11-15,2025-03-15,Y,9:00:00,18:00:00,N,,,N,,,N,,,127.0830002,37.4931978,,207339.9959,543752.4039,
1244,제1경로당,Y,서울특별시 강남구 양재대로55길 10,서울특별시 강남구 일원동 711,노인시설,184,56,2023-11-15,2025-03-15,Y,9:00:00,18:00:00,N,,,N,,,N,,,127.092092,37.492171,,208144.1271,543639.1902,
1245,강남구보건소분소,Y,서울특별시 강남구 밤고개로1길 52,서울특별시 강남구 수서동 718,보건소,60,10,2024-11-15,2025-03-15,Y,9:00:00,18:00:00,N,,,N,,,N,,,127.105193,37.4892123,,209303.0771,543312.0273,
1246,수서종합사회복지관,Y,서울특별시 강남구 광평로56길 11,서울특별시 강남구 수서동 723,복지회관,92.6,28,2024-11-15,2025-03-15,Y,9:00:00,18:00:00,N,,,N,,,N,,,127.1049528,37.4871752,,209282.0863,543085.9123,
1247,태화기독교사회복지관,Y,서울특별시 강남구 광평로 185,서울특별시 강남구 수서동 741,복지회관,180,55,2024-11-15,2025-03-15,Y,9:00:00,18:00:00,N,,,N,,,N,,,127.0933976,37.4848287,,208260.3958,542824.4052,
1248,수서명화종합사회복지관,Y,서울특별시 강남구 광평로51길 49,서울특별시 강남구 수서동 707,복지회관,180,55,2024-11-15,2025-03-15,Y,9:00:00,18:00:00,N,,,N,,,N,,,127.1005637,37.4914325,,208893.4069,543557.993,
1249,수서3단지경로당,Y,서울특별시 강남구 광평로51길 49,서울특별시 강남구 수서동 707,노인시설,145,44,2024-11-15,2025-03-15,Y,9:00:00,18:00:00,N,,,N,,,N,,,127.0997527,37.492136,,208821.6029,543635.996,
1250,수서7경로당,Y,서울특별시 강남구 광평로47길 17,서울특별시 강남구 수서동 736,노인시설,131,30,2024-11-15,2025-03-15,Y,9:00:00,18:00:00,N,,,N,,,N,,,127.098729,37.4870444,,208731.6649,543070.7998,
1251,수서동주민센터,Y,서울특별시 강남구 광평로56길 11,서울특별시 강남구 수서동 723,주민센터,11.9,4,2024-11-15,2025-03-15,Y,9:00:00,18:00:00,N,,,N,,,N,,,127.1052,37.4875,,209303.9086,543121.9852,
1252,풍성경로당,Y,서울특별시 송파구 풍성로25길 21-9 ,서울특별시 송파구 풍납동 485-15,노인시설,108.58,33,2024-11-15,2025-03-15,Y,9:00:00,18:00:00,N,,,N,,,N,,,127.1205294,37.5356712,,210652.7957,548470.0028,
1253,풍납1동 주민센터,Y,서울특별시 송파구 천호대로152길 7,서울특별시 송파구 풍납동 476,주민센터,680.58,20,2024-11-15,2025-03-15,Y,9:00:00,18:00:00,N,,,N,,,N,,,127.1220348,37.5381063,,210785.4974,548740.4408,
1254,풍납제1경로당,Y,서울특별시 송파구 풍성로 67,서울특별시 송파구 풍납동 493-17,노인시설,92.4,28,2024-11-15,2025-03-15,Y,9:00:00,18:00:00,N,,,N,,,N,,,127.1200164,37.5336473,,210607.7417,548245.3167,
1255,토성경로당,Y,서울특별시 송파구 토성로19길 37,서울특별시 송파구 풍납동 503,노인시설,251.42,19,2024-11-15,2025-03-15,Y,9:00:00,18:00:00,N,,,N,,,N,,,127.1195816,37.5315744,,210569.6041,548015.2014,
1256,풍납2동 주민센터,Y,서울특별시 송파구 토성로 52,서울특별시 송파구 풍납동 403,주민센터,"1,010.88",20,2024-11-15,2025-03-15,Y,9:00:00,18:00:00,N,,,N,,,N,,,127.1156452,37.5292964,,210221.9834,547761.9363,
1257,영풍경로당,Y,서울특별시 송파구 오금로51길 20,서울특별시 송파구 거여동 11,노인시설,125.58,55,2024-11-15,2025-03-15,Y,9:00:00,18:00:00,N,,,N,,,N,,,127.1410177,37.4970482,,212470.0469,544185.8533,
1258,거여경로당,Y,서울특별시 송파구 오금로 476-12 ,서울특별시 송파구 거여동 555-3,노인시설,93.72,48,2024-11-15,2025-03-15,Y,9:00:00,18:00:00,N,,,N,,,N,,,127.1418,37.4937,,212539.7847,543814.3505,
1259,거여1동 주민센터,Y,서울특별시 송파구 오금로53길 32,서울특별시 송파구 거여동 136-16,주민센터,959.78,20,2024-11-15,2025-03-15,Y,9:00:00,18:00:00,N,,,N,,,N,,,127.1433538,37.4969694,,212676.6392,544177.4196,
1260,거여새마을경로당,Y,서울특별시 송파구 오금로62길 13-3 ,서울특별시 송파구 거여동 29,노인시설,224.67,45,2024-11-15,2025-03-15,Y,9:00:00,18:00:00,N,,,N,,,N,,,127.1467602,37.4921663,,212978.6952,543644.802,
1261,거여2동 주민센터,Y,서울특별시 송파구 거마로2길 19,서울특별시 송파구 거여동 195-1,주민센터,"3,092.65",20,2024-11-15,2025-03-15,Y,9:00:00,18:00:00,N,,,N,,,N,,,127.1468219,37.4935581,,212983.9107,543799.2822,
1262,신마천경로당,Y,서울특별시 송파구 성내천로43마길 11-1 ,서울특별시 송파구 마천동 359-2,노인시설,108.58,66,2024-11-15,2025-03-15,Y,9:00:00,18:00:00,N,,,N,,,N,,,127.156222,37.496512,,213814.6468,544128.465,
1263,송파보훈경로당,Y,서울특별시 송파구 성내천로 306,서울특별시 송파구 마천동 211-45,노인시설,35,37,2024-11-15,2025-03-15,Y,9:00:00,18:00:00,N,,,N,,,N,,,127.1554434,37.4936874,,213746.3131,543814.857,
1264,마천1동 주민센터,Y,서울특별시 송파구 마천로 303,서울특별시 송파구 마천동 128-10,주민센터,939.97,20,2024-11-15,2025-03-15,Y,9:00:00,18:00:00,N,,,N,,,N,,,127.1499488,37.4960042,,213259.9997,544071.2035,
1265,산성경로당,Y,서울특별시 송파구 성내천로55길 16,서울특별시 송파구 마천동 271-36,노인시설,164.48,36,2024-11-15,2025-03-15,Y,9:00:00,18:00:00,N,,,N,,,N,,,127.1582508,37.4923515,,213994.8291,543667.0031,
1266,마천경로당,Y,서울특별시 송파구 성내천로38길 4,서울특별시 송파구 마천동 200-35,노인시설,105.54,24,2024-11-15,2025-03-15,Y,9:00:00,18:00:00,N,,,N,,,N,,,127.1536526,37.4977942,,213587.2033,544270.3986,
1267,용마경로당,Y,서울특별시 송파구 거마로22길 11-8 ,서울특별시 송파구 마천동 122-33,노인시설,59.74,20,2024-11-15,2025-03-15,Y,9:00:00,18:00:00,N,,,N,,,N,,,127.1487591,37.4990011,,213154.2686,544403.6538,
1268,하마천경로당,Y,서울특별시 송파구 성내천로23길 12,서울특별시 송파구 마천동 11,노인시설,161.04,37,2024-11-15,2025-03-15,Y,9:00:00,18:00:00,N,,,N,,,N,,,127.1453923,37.5017339,,212856.085,544706.4942,
1269,남천경로당,Y,서울특별시 송파구 성내천로33길 26,서울특별시 송파구 마천동 338-2,노인시설,172.7,59,2024-11-15,2025-03-15,Y,9:00:00,18:00:00,N,,,N,,,N,,,127.1545992,37.5000284,,213670.5021,544518.5031,
1270,마천2동 주민센터,Y,서울특별시 송파구 마천로41길 12,서울특별시 송파구 마천동 127-1,주민센터,"1,575.18",20,2024-11-15,2025-03-15,Y,9:00:00,18:00:00,N,,,N,,,N,,,127.1485347,37.4968421,,213134.8038,544164.0013,
1271,방이1동 주민센터,Y,서울특별시 송파구 위례성대로16길 22,서울특별시 송파구 방이동 200,주민센터,"1,313.79",100,2024-11-15,2025-03-15,Y,9:00:00,18:00:00,N,,,N,,,N,,,127.1238944,37.5110088,,210953.811,545733.1701,
1272,왕천경로당,Y,서울특별시 송파구 양재대로71길 20-10 ,서울특별시 송파구 방이동 189,노인시설,106.84,30,2024-11-15,2025-03-15,Y,9:00:00,18:00:00,N,,,N,,,N,,,127.1250596,37.5112097,,211056.7996,545755.6038,
1273,방이경로당,Y,서울특별시 송파구 가락로39길 11,서울특별시 송파구 방이동 139,노인시설,132.57,50,2024-11-15,2025-03-15,Y,9:00:00,18:00:00,N,,,N,,,N,,,127.1177415,37.5119087,,210409.6927,545832.3491,
1274,몽촌경로당,Y,서울특별시 송파구 위례성대로2길 28-1 ,서울특별시 송파구 방이동 55-13,노인시설,103.36,50,2024-11-15,2025-03-15,Y,9:00:00,18:00:00,N,,,N,,,N,,,127.1122877,37.5146423,,209927.1523,546135.1547,
1275,방이2동 주민센터,Y,서울특별시 송파구 올림픽로34길 5-13 ,서울특별시 송파구 방이동 41-9,주민센터,957.05,20,2024-11-15,2025-03-15,Y,9:00:00,18:00:00,N,,,N,,,N,,,127.1114183,37.5163969,,209850.0595,546329.8018,
1276,오륜동 주민센터,Y,서울특별시 송파구 양재대로 1232,서울특별시 송파구 방이동 89-10,주민센터,"1,024.17",20,2024-11-15,2025-03-15,Y,9:00:00,18:00:00,N,,,N,,,N,,,127.1342558,37.5154512,,211869.1849,546227.477,
1277,누에머리경로당,Y,서울특별시 송파구 문정로 271,서울특별시 송파구 오금동 110,노인시설,143,53,2024-11-15,2025-03-15,Y,9:00:00,18:00:00,N,,,N,,,N,,,127.1428359,37.5034388,,212629.7521,544895.3701,
1278,벌말경로당,Y,서울특별시 송파구 동남로28길 23,서울특별시 송파구 오금동 132,노인시설,106.84,40,2024-11-15,2025-03-15,Y,9:00:00,18:00:00,N,,,N,,,N,,,127.1403273,37.5016826,,212408.2286,544700.1208,
1279,목련경로당,Y,서울특별시 송파구 동남로24길 25,서울특별시 송파구 오금동 156,노인시설,176,40,2024-11-15,2025-03-15,Y,9:00:00,18:00:00,N,,,N,,,N,,,127.1388302,37.4991348,,212276.2669,544417.1514,
1280,오금동 주민센터,Y,서울특별시 송파구 중대로25길 5,서울특별시 송파구 오금동 50-1,주민센터,"1,168.77",20,2024-11-15,2025-03-15,Y,9:00:00,18:00:00,N,,,N,,,N,,,127.1280813,37.5029893,,211325.1968,544843.6036,
1281,백토경로당,Y,서울특별시 송파구 양재대로72길 47-8 ,서울특별시 송파구 오금동 6,노인시설,90.4,30,2024-11-15,2025-03-15,Y,9:00:00,18:00:00,N,,,N,,,N,,,127.1321202,37.5080867,,211681.53,545409.8435,
1282,오금경로당,Y,서울특별시 송파구 성내천로10길 4,서울특별시 송파구 오금동 61-6,노인시설,148,70,2024-11-15,2025-03-15,Y,9:00:00,18:00:00,N,,,N,,,N,,,127.1362443,37.5020916,,212047.1297,544744.984,
1283,송파제1경로당,Y,서울특별시 송파구 송파대로42길 29,서울특별시 송파구 송파동 113,노인시설,113.94,42,2024-11-15,2025-03-15,Y,9:00:00,18:00:00,N,,,N,,,N,,,127.1104941,37.5063428,,209769.6649,545213.828,
1284,송파1동 주민센터,Y,서울특별시 송파구 백제고분로 392,서울특별시 송파구 송파동 113-1,주민센터,"1,482.88",20,2024-11-15,2025-03-15,Y,9:00:00,18:00:00,N,,,N,,,N,,,127.1093462,37.5063102,,209668.1741,545210.0913,
1285,호수경로당,Y,서울특별시 송파구 송파대로48길 28,서울특별시 송파구 송파동 34,노인시설,108.58,40,2024-11-15,2025-03-15,Y,9:00:00,18:00:00,N,,,N,,,N,,,127.1071401,37.509914,,209472.6597,545609.8427,
1286,송파제2경로당,Y,서울특별시 송파구 송파대로38길 1,서울특별시 송파구 송파동 97-41,노인시설,90.5,40,2024-11-15,2025-03-15,Y,9:00:00,18:00:00,N,,,N,,,N,,,127.1119,37.5007,,209894.7165,544587.6966,
1287,송파2동 주민센터,Y,서울특별시 송파구 송이로 32,서울특별시 송파구 송파동 173,주민센터,940.9,20,2024-11-15,2025-03-15,Y,9:00:00,18:00:00,N,,,N,,,N,,,127.1167386,37.502301,,210322.3477,544765.9066,
1288,오봉산경로당,Y,서울특별시 송파구 석촌호수로20길 13,서울특별시 송파구 석촌동 162,노인시설,106.84,34,2024-11-15,2025-03-15,Y,9:00:00,18:00:00,N,,,N,,,N,,,127.1022924,37.50613,,209044.5127,545189.3901,
1289,돌마리경로당,Y,서울특별시 송파구 가락로7길 4,서울특별시 송파구 석촌동 258,노인시설,155.79,76,2024-11-15,2025-03-15,Y,9:00:00,18:00:00,N,,,N,,,N,,,127.1032652,37.5006205,,209131.1969,544578.0003,
1290,석촌동 주민센터,Y,서울특별시 송파구 백제고분로37길 16,서울특별시 송파구 석촌동 265,주민센터,"1,051.61",20,2024-11-15,2025-03-15,Y,9:00:00,18:00:00,N,,,N,,,N,,,127.1036855,37.5035646,,209168.0018,544904.7984,
1291,석촌경로당,Y,서울특별시 송파구 백제고분로40길 13-16 ,서울특별시 송파구 석촌동 289-2,노인시설,157.83,41,2024-11-15,2025-03-15,Y,9:00:00,18:00:00,N,,,N,,,N,,,127.1074493,37.503554,,209500.8032,544903.9952,
1292,송파노인종합복지관,Y,서울특별시 송파구 백제고분로32길 41,서울특별시 송파구 삼전동 172-2,복지회관,"4,901.60",100,2024-11-15,2025-03-15,Y,9:00:00,18:00:00,N,,,N,,,N,,,127.0948997,37.4987229,,208391.692,544366.6125,
1293,삼전제1경로당,Y,서울특별시 송파구 백제고분로32길 6-30 ,서울특별시 송파구 삼전동 62-1,노인시설,187.3,38,2024-11-15,2025-03-15,Y,9:00:00,18:00:00,N,,,N,,,N,,,127.0933199,37.501819,,208251.6544,544710.0999,
1294,삼전제2경로당,Y,서울특별시 송파구 백제고분로27길 40-24 ,서울특별시 송파구 삼전동 110-7,노인시설,54.2,31,2024-11-15,2025-03-15,Y,9:00:00,18:00:00,N,,,N,,,N,,,127.095305,37.5062924,,208426.6807,545206.7658,
1295,삼전동 주민센터,Y,서울특별시 송파구 백제고분로 236,서울특별시 송파구 삼전동 62,주민센터,"1,099.24",20,2024-11-15,2025-03-15,Y,9:00:00,18:00:00,N,,,N,,,N,,,127.0924205,37.502701,,208172.0303,544807.9121,
1296,가락본경로당,Y,서울특별시 송파구 양재대로62길 32-13 ,서울특별시 송파구 가락동 85,노인시설,106.84,40,2024-11-15,2025-03-15,Y,9:00:00,18:00:00,N,,,N,,,N,,,127.1190412,37.4966331,,210526.7456,544137.0979,
1297,훙이경로당,Y,서울특별시 송파구 송이로17길 48,서울특별시 송파구 가락동 14,노인시설,106.84,60,2024-11-15,2025-03-15,Y,9:00:00,18:00:00,N,,,N,,,N,,,127.1247534,37.501198,,211031.2008,544644.3971,
1298,건너말경로당,Y,서울특별시 송파구 중대로10길 29,서울특별시 송파구 가락동 110,노인시설,123.02,44,2024-11-15,2025-03-15,Y,9:00:00,18:00:00,N,,,N,,,N,,,127.1234932,37.4916391,,210921.1607,543583.3361,
1299,가락본동 주민센터,Y,서울특별시 송파구 송파대로28길 39,서울특별시 송파구 가락동 77-3,주민센터,999.03,100,2024-11-15,2025-03-15,Y,9:00:00,18:00:00,N,,,N,,,N,,,127.1217594,37.4955755,,210767.2664,544020.0255,
1300,가락1동 주민센터,Y,서울특별시 송파구 양재대로 925,서울특별시 송파구 가락동 915,주민센터,165,20,2024-11-15,2025-03-15,Y,9:00:00,18:00:00,N,,,N,,,N,,,127.1098699,37.4965083,,209715.7486,544122.2606,
1301,개롱경로당,Y,서울특별시 송파구 동남로14길 17-46 ,서울특별시 송파구 가락동 198,노인시설,106.84,60,2024-11-15,2025-03-15,Y,9:00:00,18:00:00,N,,,N,,,N,,,127.133221,37.493159,,211781.2035,543753.1982,
1302,가락골경로당,Y,서울특별시 송파구 송이로23길 16-28 ,서울특별시 송파구 가락동 145-10,노인시설,106.84,36,2024-11-15,2025-03-15,Y,9:00:00,18:00:00,N,,,N,,,N,,,127.1257695,37.4947674,,211122.0022,543930.8032,
1303,샛팽이경로당,Y,서울특별시 송파구 오금로42길 15,서울특별시 송파구 가락동 170-6,노인시설,146,15,2024-11-15,2025-03-15,Y,9:00:00,18:00:00,N,,,N,,,N,,,127.1339413,37.4967963,,211844.3278,544156.9817,
1304,가락2동 주민센터,Y,서울특별시 송파구 중대로20길 6,서울특별시 송파구 가락동 154,주민센터,994.44,30,2024-11-15,2025-03-15,Y,9:00:00,18:00:00,N,,,N,,,N,,,127.1266084,37.4986768,,211195.6039,544364.7954,
1305,연화경로당,Y,서울특별시 송파구 송파대로14길 7,서울특별시 송파구 문정동 67-17,노인시설,150.76,65,2024-11-15,2025-03-15,Y,9:00:00,18:00:00,N,,,N,,,N,,,127.1249447,37.4836576,,211050.7003,542697.6638,
1306,문정경로당,Y,서울특별시 송파구 동남로6나길 3-6 ,서울특별시 송파구 문정동 25-2,노인시설,124.2,40,2024-11-15,2025-03-15,Y,9:00:00,18:00:00,N,,,N,,,N,,,127.1255014,37.4886336,,211099.2013,543249.9998,
1307,문정1동 주민센터,Y,서울특별시 송파구 동남로 116,서울특별시 송파구 문정동 29-21,주민센터,778.39,20,2024-11-15,2025-03-15,Y,9:00:00,18:00:00,N,,,N,,,N,,,127.1241831,37.490073,,210982.4016,543409.5997,
1308,문정2동 주민센터,Y,서울특별시 송파구 중대로 16,서울특별시 송파구 문정동 150-38,주민센터,870.48,20,2024-11-15,2025-03-15,Y,9:00:00,18:00:00,N,,,N,,,N,,,127.1108806,37.4898724,,209805.992,543385.867,
1309,장지경로당,Y,서울특별시 송파구 새말로10길 3-16 ,서울특별시 송파구 문정동 81,노인시설,109.36,27,2024-11-15,2025-03-15,Y,9:00:00,18:00:00,N,,,N,,,N,,,127.1283131,37.4824785,,211348.796,542567.1999,
1310,잔버들경로당,Y,서울특별시 송파구 새말로15길 9,서울특별시 송파구 문정동 92,노인시설,144.64,36,2024-11-15,2025-03-15,Y,9:00:00,18:00:00,N,,,N,,,N,,,127.1290239,37.4854979,,211411.2043,542902.3994,
1311,장지동 주민센터,Y,서울특별시 송파구 새말로19길 6,서울특별시 송파구 문정동 114-4,주민센터,"1,235.65",40,2024-11-15,2025-03-15,Y,9:00:00,18:00:00,N,,,N,,,N,,,127.1324191,37.486955,,211711.2572,543064.5353,
1312,위례동 주민센터,Y,서울특별시 송파구 위례광장로 210,서울특별시 송파구 장지동 882,주민센터,"2,550.00",30,2024-11-15,2025-03-15,Y,9:00:00,18:00:00,N,,,N,,,N,,,127.1439239,37.481153,,212729.7363,542422.083,
1313,신천경로당,Y,서울특별시 송파구 석촌호수로12길 1-17 ,서울특별시 송파구 잠실동 209-4,노인시설,159.98,57,2024-11-15,2025-03-15,Y,9:00:00,18:00:00,N,,,N,,,N,,,127.0865606,37.5084235,,207653.3004,545442.5435,
1314,잠전경로당,Y,서울특별시 송파구 백제고분로15길 7,서울특별시 송파구 잠실동 230,노인시설,103.36,33,2024-11-15,2025-03-15,Y,9:00:00,18:00:00,N,,,N,,,N,,,127.0841816,37.5062343,,207443.1772,545199.3795,
1315,잠실본동 주민센터,Y,서울특별시 송파구 백제고분로 145,서울특별시 송파구 잠실동 230-4,주민센터,696.3,20,2024-11-15,2025-03-15,Y,9:00:00,18:00:00,N,,,N,,,N,,,127.0831,37.5061,,207347.5573,545184.3889,
1316,신잠실경로당,Y,서울특별시 송파구 백제고분로18길 20-36 ,서울특별시 송파구 잠실동 319,노인시설,70,15,2024-11-15,2025-03-15,Y,9:00:00,18:00:00,N,,,N,,,N,,,127.082262,37.503913,,207273.6749,544941.5949,
1317,잠실2동 주민센터,Y,서울특별시 송파구 올림픽로 159,서울특별시 송파구 잠실동 22-7,주민센터,"1,748.97",20,2024-11-15,2025-03-15,Y,9:00:00,18:00:00,N,,,N,,,N,,,127.0885406,37.5118914,,207828.001,545827.5991,
1318,잠실3동 주민센터,Y,서울특별시 송파구 잠실로 51-29 ,서울특별시 송파구 잠실동 27-4,주민센터,591.34,20,2024-11-15,2025-03-15,Y,9:00:00,18:00:00,N,,,N,,,N,,,127.0943742,37.5132997,,208343.6012,545984.4038,
1319,잠실4동 주민센터,Y,서울특별시 송파구 올림픽로35길 12,서울특별시 송파구 신천동 20-5,주민센터,"1,321.34",20,2024-11-15,2025-03-15,Y,9:00:00,18:00:00,N,,,N,,,N,,,127.1122216,37.5201332,,209920.5815,546744.5686,
1320,송파구청,Y,서울특별시 송파구 올림픽로 326,서울특별시 송파구 신천동 29-5,기타,"26,318.00",30,2024-11-15,2025-03-15,Y,0:00:00,23:59:59,Y,0:00:00,23:59:59,Y,0:00:00,23:59:59,Y,0:00:00,23:59:59,127.1059388,37.5145241,,209365.8721,546121.3851,
1321,잠실6동 주민센터,Y,서울특별시 송파구 올림픽로35길 120,서울특별시 송파구 신천동 7-6,주민센터,766.59,20,2024-11-15,2025-03-15,Y,9:00:00,18:00:00,N,,,N,,,N,,,127.100627,37.518096,,208895.8406,546517.3054,
1322,잠실7동 주민센터,Y,서울특별시 송파구 올림픽로4길 17,서울특별시 송파구 잠실동 85-1,주민센터,"10,672.00",20,2024-11-15,2025-03-15,Y,9:00:00,18:00:00,N,,,N,,,N,,,127.0772764,37.5087448,,206832.4036,545477.4891,
1323,강일동주민센터,Y,서울특별시 강동구 아리수로93길 9-14 ,서울특별시 강동구 강일동 678,주민센터,554,168,2024-11-15,2025-03-15,Y,9:00:00,18:00:00,N,,,N,,,N,,,127.1739677,37.5650129,,215369.8301,551733.9781,
1324,상일1동 제2경로당,Y,서울특별시 강동구 상암로 413,서울특별시 강동구 상일동 471-3,노인시설,110.7,34,2024-11-15,2025-03-15,Y,9:00:00,18:00:00,N,,,N,,,N,,,127.1687241,37.5457707,,214910.3976,549597.4763,
1325,게내경로당,Y,서울특별시 강동구 천호대로219길 72,서울특별시 강동구 상일동 280-4,노인시설,474.15,144,2024-11-15,2025-03-15,Y,9:00:00,18:00:00,N,,,N,,,N,,,127.1710813,37.5489836,,215118.0581,549954.4462,
1326,상일동경로당,Y,서울특별시 강동구 상일로5길 26,서울특별시 강동구 상일동 278,노인시설,101.2,31,2024-11-15,2025-03-15,Y,9:00:00,18:00:00,N,,,N,,,N,,,127.1714689,37.5492728,,215152.2509,549986.6064,
1327,상일1동주민센터,Y,서울특별시 강동구 구천면로 633,서울특별시 강동구 상일동 513-2,주민센터,198,60,2024-11-15,2025-03-15,Y,9:00:00,18:00:00,N,,,N,,,N,,,127.1682581,37.5505955,,214868.2581,550132.8977,
1328,상일2동 주민센터,Y,,서울특별시 강동구 상일동 산 77-27,주민센터,456,138,2024-11-15,2025-03-15,Y,9:00:00,18:00:00,N,,,N,,,N,,,127.1797442,37.5551447,,215882.2717,550639.6837,
1329,명일1동경로당,Y,서울특별시 강동구 양재대로138길 29,서울특별시 강동구 명일동 326-10,노인시설,101.2,31,2024-11-15,2025-03-15,Y,9:00:00,18:00:00,N,,,N,,,N,,,127.1456071,37.54994,,212866.7963,550056.8038,
1330,샘물경로당,Y,서울특별시 강동구 천중로49길 104,서울특별시 강동구 명일동 351-2,노인시설,94.34,29,2024-11-15,2025-03-15,Y,9:00:00,18:00:00,N,,,N,,,N,,,127.1447154,37.5452631,,212788.7988,549537.6022,
1331,명일1동주민센터,Y,서울특별시 강동구 양재대로 1634,서울특별시 강동구 명일동 312-99,주민센터,132,40,2024-11-15,2025-03-15,Y,9:00:00,18:00:00,N,,,N,,,N,,,127.1442,37.5514,,212742.2071,550218.6547,
1332,원터골경로당,Y,서울특별시 강동구 동남로65길 46-8 ,서울특별시 강동구 명일동 236,노인시설,186.3,56,2024-11-15,2025-03-15,Y,9:00:00,18:00:00,N,,,N,,,N,,,127.1536699,37.5481638,,213579.6007,549860.8008,
1333,명일2동주민센터,Y,서울특별시 강동구 상암로 260,서울특별시 강동구 명일동 223-7,주민센터,253,77,2024-11-15,2025-03-15,Y,9:00:00,18:00:00,N,,,N,,,N,,,127.1513532,37.5463648,,213375.1984,549660.8013,
1334,고일경로당,Y,서울특별시 강동구 아리수로64길 29,서울특별시 강동구 고덕동 536,노인시설,101.2,31,2024-11-15,2025-03-15,Y,9:00:00,18:00:00,N,,,N,,,N,,,127.1537729,37.5608641,,213586.3969,551270.3987,
1335,고덕1동주민센터,Y,서울특별시 강동구 양재대로156길 123,서울특별시 강동구 고덕동 691-6,주민센터,226,68,2024-11-15,2025-03-15,Y,9:00:00,18:00:00,N,,,N,,,N,,,127.1515066,37.5572811,,213386.8019,550872.4026,
1336,고덕2동경로당,Y,서울특별시 강동구 상일로21길 14-7 ,서울특별시 강동구 고덕동 178,노인시설,102.56,31,2024-11-15,2025-03-15,Y,9:00:00,18:00:00,N,,,N,,,N,,,127.1694942,37.5600389,,214975.5972,551181.1999,
1337,고덕2동주민센터,Y,서울특별시 강동구 아리수로78길 43-12 ,서울특별시 강동구 고덕동 226-4,주민센터,260,79,2024-11-15,2025-03-15,Y,9:00:00,18:00:00,N,,,N,,,N,,,127.1643569,37.5605075,,214521.6017,551232.4029,
1338,방죽말경로당,Y,서울특별시 강동구 아리수로72길 60-16 ,서울특별시 강동구 고덕동 253,노인시설,51.73,16,2024-11-15,2025-03-15,Y,9:00:00,18:00:00,N,,,N,,,N,,,127.1627522,37.5616522,,214379.5998,551359.2045,
1339,암사1동제1경로당,Y,서울특별시 강동구 구천면로59길 19,서울특별시 강동구 암사동 425-177,노인시설,173.56,43,2024-11-15,2025-03-15,Y,9:00:00,18:00:00,N,,,N,,,N,,,127.1379406,37.5507745,,212189.1979,550148.4017,
1340,장생경로당,Y,서울특별시 강동구 상암로23길 7-10 ,서울특별시 강동구 암사동 489-52,노인시설,54.15,16,2024-11-15,2025-03-15,Y,9:00:00,18:00:00,N,,,N,,,N,,,127.1337938,37.5480222,,211823.1982,549842.3997,
1341,암사1동제3경로당,Y,서울특별시 강동구 암사13길 13-3 ,서울특별시 강동구 암사동 474-19,노인시설,147,45,2024-11-15,2025-03-15,Y,9:00:00,18:00:00,N,,,N,,,N,,,127.1367444,37.5525923,,212083.2015,550350.0014,
1342,암사1동제2경로당,Y,서울특별시 강동구 고덕로24길 23,서울특별시 강동구 암사동 453-8,노인시설,90,27,2024-11-15,2025-03-15,Y,9:00:00,18:00:00,N,,,N,,,N,,,127.1357187,37.5536386,,211992.3995,550465.9969,
1343,복지말경로당,Y,서울특별시 강동구 고덕로16길 46,서울특별시 강동구 암사동 471-29,노인시설,99.5,30,2024-11-15,2025-03-15,Y,9:00:00,18:00:00,N,,,N,,,N,,,127.1329555,37.5526038,,211748.3994,550350.7975,
1344,새장터경로당,Y,서울특별시 강동구 암사1가길 16,서울특별시 강동구 암사동 468-2,노인시설,101.2,31,2024-11-15,2025-03-15,Y,9:00:00,18:00:00,N,,,N,,,N,,,127.1305781,37.5521271,,211538.3977,550297.595,
1345,강암경로당,Y,서울특별시 강동구 상암로15길 38-15 ,서울특별시 강동구 암사동 492-20,노인시설,162.94,49,2024-11-15,2025-03-15,Y,9:00:00,18:00:00,N,,,N,,,N,,,127.1320645,37.5504568,,211670.0024,550112.3951,
1346,암사1동주민센터,Y,서울특별시 강동구 올림픽로98가길 57,서울특별시 강동구 암사동 493-13,주민센터,299,91,2024-11-15,2025-03-15,Y,9:00:00,18:00:00,N,,,N,,,N,,,127.1326412,37.5514797,,211720.8029,550225.9965,
1347,암사2동제2경로당,Y,서울특별시 강동구 상암로 12-19 ,서울특별시 강동구 암사동 515,노인시설,111.21,34,2024-11-15,2025-03-15,Y,9:00:00,18:00:00,N,,,N,,,N,,,127.1255454,37.5500207,,211094.0004,550063.2039,
1348,암사2동주민센터,Y,서울특별시 강동구 상암로3길 28,서울특별시 강동구 암사동 503-8,주민센터,204,62,2024-11-15,2025-03-15,Y,9:00:00,18:00:00,N,,,N,,,N,,,127.1272729,37.5517055,,211246.4004,550250.4019,
1349,구암경로당,Y,서울특별시 강동구 고덕로 109,서울특별시 강동구 암사동 451-18,노인시설,175.61,53,2024-11-15,2025-03-15,Y,9:00:00,18:00:00,N,,,N,,,N,,,127.1375,37.555,,212149.5781,550617.3249,
1350,서원마을경로당,Y,서울특별시 강동구 올림픽로 936,서울특별시 강동구 암사동 116-51,노인시설,113,34,2024-11-15,2025-03-15,Y,9:00:00,18:00:00,N,,,N,,,N,,,127.1333787,37.5640064,,211783.999,551616.4047,
1351,암사3동주민센터,Y,서울특별시 강동구 고덕로 137,서울특별시 강동구 암사동 414-19,주민센터,320,97,2024-11-15,2025-03-15,Y,9:00:00,18:00:00,N,,,N,,,N,,,127.1407822,37.554995,,212439.5961,550617.1993,
1352,천호1동경로당,Y,서울특별시 강동구 구천면로36길 9-4 ,서울특별시 강동구 천호동 278-19,노인시설,130.56,40,2024-11-15,2025-03-15,Y,9:00:00,18:00:00,N,,,N,,,N,,,127.1324178,37.5429385,,211702.3973,549277.998,
1353,십자성경로당,Y,서울특별시 강동구 상암로28길 24,서울특별시 강동구 천호동 75-1,노인시설,80.46,24,2024-11-15,2025-03-15,Y,9:00:00,18:00:00,N,,,N,,,N,,,127.1370663,37.5450771,,212112.8618,549515.9455,
1354,소망경로당,Y,서울특별시 강동구 구천면로68나길 18,서울특별시 강동구 천호동 26-24,노인시설,95.98,29,2024-11-15,2025-03-15,Y,9:00:00,18:00:00,N,,,N,,,N,,,127.1417025,37.5485031,,212522.0005,549896.7978,
1355,천호1동주민센터,Y,서울특별시 강동구 구천면로42길 59,서울특별시 강동구 천호동 76-2,주민센터,275,83,2024-11-15,2025-03-15,Y,9:00:00,18:00:00,N,,,N,,,N,,,127.1367984,37.5450202,,212089.196,549509.5958,
1356,해공경로당,Y,서울특별시 강동구 천중로12길 23-23 ,서울특별시 강동구 천호동 363-5,노인시설,90,27,2024-11-15,2025-03-15,Y,9:00:00,18:00:00,N,,,N,,,N,,,127.1284059,37.5438117,,211347.7139,549374.4209,
1357,천호문구거리경로당,Y,서울특별시 강동구 구천면로18길 24,서울특별시 강동구 천호동 457-45,노인시설,75.21,23,2024-11-15,2025-03-15,Y,9:00:00,18:00:00,N,,,N,,,N,,,127.1225878,37.5406534,,210834.0033,549023.2015,
1358,곡교경로당,Y,서울특별시 강동구 구천면로39길 23,서울특별시 강동구 천호동 300,노인시설,101.2,31,2024-11-15,2025-03-15,Y,9:00:00,18:00:00,N,,,N,,,N,,,127.1318383,37.5454043,,211650.8004,549551.6001,
1359,쉼터경로당,Y,서울특별시 강동구 올림픽로89길 27-23 ,서울특별시 강동구 천호동 321-22,노인시설,99.85,30,2024-11-15,2025-03-15,Y,9:00:00,18:00:00,N,,,N,,,N,,,127.124087,37.5468002,,210965.5985,549705.5959,
1360,천호2경로당,Y,서울특별시 강동구 구천면로13길 21,서울특별시 강동구 천호동 338-19,노인시설,156,47,2024-11-15,2025-03-15,Y,9:00:00,18:00:00,N,,,N,,,N,,,127.1225191,37.5429708,,210827.5966,549280.397,
1361,천호2동주민센터,Y,,서울특별시 강동구 천호동 422-12,주민센터,580.65,176,2024-11-15,2025-03-15,Y,9:00:00,18:00:00,N,,,N,,,N,,,127.1283817,37.5424981,"도로명주소: 서울특별시 강동구 올림픽로80길 60, 1층(민원실 내)",211345.7744,549228.6242,
1362,천호3동(여)경로당,Y,,서울특별시 강동구 천호동 555,노인시설,69.67,21,2024-11-15,2025-03-15,Y,9:00:00,18:00:00,N,,,N,,,N,,,127.1298122,37.5397844,"도로명주소: 서울특별시 강동구 진황도로23길 7, 4층",211472.6111,548927.61,
1363,구사거리경로당,Y,서울특별시 강동구 천호대로161길 21,서울특별시 강동구 천호동 452-22,노인시설,50,15,2024-11-15,2025-03-15,Y,9:00:00,18:00:00,N,,,N,,,N,,,127.1289,37.5382,,211392.2332,548751.6499,
1364,당말경로당,Y,서울특별시 강동구 성안로31길 11,서울특별시 강동구 천호동 121-72,노인시설,122.94,37,2024-11-15,2025-03-15,Y,9:00:00,18:00:00,N,,,N,,,N,,,127.1359797,37.540336,,212017.5974,548989.6012,
1365,천삼경로당,Y,서울특별시 강동구 진황도로 13,서울특별시 강동구 천호동 551-9,노인시설,89,27,2024-11-15,2025-03-15,Y,9:00:00,18:00:00,N,,,N,,,N,,,127.1292171,37.5399039,,211419.9988,548940.8006,
1366,천호3동주민센터,Y,,서울특별시 강동구 천호동 555,주민센터,303.35,92,2024-11-15,2025-03-15,Y,9:00:00,18:00:00,N,,,N,,,N,,,127.1297801,37.5397929,"도로명주소: 서울특별시 강동구 진황도로23길 7, 2층",211469.7729,548928.5495,
1367,강동구청,Y,서울특별시 강동구 성내로 25,서울특별시 강동구 성내동 540,주민센터,200,61,2024-11-15,2025-03-15,Y,9:00:00,18:00:00,Y,9:00:00,18:00:00,Y,9:00:00,18:00:00,Y,9:00:00,18:00:00,127.1237964,37.5302636,,210942.3343,547870.2007,
1368,성내천경로당,Y,서울특별시 강동구 성안로3길 112-9 ,서울특별시 강동구 성내동 558-8,노인시설,45.96,14,2024-11-15,2025-03-15,Y,9:00:00,18:00:00,N,,,N,,,N,,,127.1240386,37.5285136,,210963.9985,547676.0005,
1369,성내1동경로당,Y,서울특별시 강동구 성내로3가길 71,서울특별시 강동구 성내동 533,노인시설,185.19,56,2024-11-15,2025-03-15,Y,9:00:00,18:00:00,N,,,N,,,N,,,127.1265382,37.5294516,,211184.8027,547780.4012,
1370,성내1동주민센터,Y,서울특별시 강동구 성내로 13,서울특별시 강동구 성내동 539-1,주민센터,338,102,2024-11-15,2025-03-15,Y,9:00:00,18:00:00,N,,,N,,,N,,,127.122458,37.5304794,,210824.0023,547893.997,
1371,성내2동경로당,Y,서울특별시 강동구 올림픽로62길 35,서울특별시 강동구 성내동 43-17,노인시설,90,27,2024-11-15,2025-03-15,Y,9:00:00,18:00:00,N,,,N,,,N,,,127.1248032,37.5365389,,211030.4009,548566.7996,
1372,안말경로당,Y,서울특별시 강동구 풍성로45길 11,서울특별시 강동구 성내동 512,노인시설,180.72,55,2024-11-15,2025-03-15,Y,9:00:00,18:00:00,N,,,N,,,N,,,127.129927,37.5314585,,211484.0337,548003.5508,
1373,성내2동주민센터,Y,서울특별시 강동구 풍성로37가길 62,서울특별시 강동구 성내동 508,주민센터,221,67,2024-11-15,2025-03-15,Y,9:00:00,18:00:00,N,,,N,,,N,,,127.129566,37.5324028,,211451.9811,548108.3125,
1374,선린공원경로당,Y,서울특별시 강동구 양재대로91나길 14,서울특별시 강동구 성내동 423-52,노인시설,50,15,2024-11-15,2025-03-15,Y,9:00:00,18:00:00,N,,,N,,,N,,,127.1323,37.528,,211694.3192,547619.9923,
1375,성내3동제2경로당,Y,서울특별시 강동구 양재대로85길 59,서울특별시 강동구 성내동 444-6,노인시설,98.76,30,2024-11-15,2025-03-15,Y,9:00:00,18:00:00,N,,,N,,,N,,,127.1313132,37.5247179,,211607.6021,547255.5977,
1376,성내3동제1경로당,Y,서울특별시 강동구 양재대로97길 41,서울특별시 강동구 성내동 405-18,노인시설,101.2,31,2024-11-15,2025-03-15,Y,9:00:00,18:00:00,N,,,N,,,N,,,127.1347868,37.5313526,,211913.6004,547992.4017,
1377,성내3동주민센터,Y,서울특별시 강동구 강동대로53길 76,서울특별시 강동구 성내동 430-29,주민센터,281,85,2024-11-15,2025-03-15,Y,9:00:00,18:00:00,N,,,N,,,N,,,127.1328857,37.5260424,,211746.3977,547402.7959,
1378,성심경로당,Y,서울특별시 강동구 천중로40길 66,서울특별시 강동구 길동 386-1,노인시설,111.21,34,2024-11-15,2025-03-15,Y,9:00:00,18:00:00,N,,,N,,,N,,,127.1373927,37.5383161,,212142.803,548765.5984,
1379,달님 경로당,Y,서울특별시 강동구 양재대로112길 52,서울특별시 강동구 길동 405-21,노인시설,101.2,19,2024-11-15,2025-03-15,Y,9:00:00,18:00:00,N,,,N,,,N,,,127.14254,37.53619,,212598.0806,548530.3043,
1380,길동주민센터,Y,서울특별시 강동구 천호대로 1183,서울특별시 강동구 길동 228-6,주민센터,198,60,2024-11-15,2025-03-15,Y,9:00:00,18:00:00,N,,,N,,,N,,,127.1426082,37.53466,,212604.3658,548360.5021,
1381,무궁화경로당,Y,서울특별시 강동구 양재대로124길 62,서울특별시 강동구 길동 340-17,노인시설,101.2,31,2024-11-15,2025-03-15,Y,9:00:00,18:00:00,N,,,N,,,N,,,127.1454023,37.5423718,,212849.9979,549216.7964,
1382,기리울경로당,Y,서울특별시 강동구 명일로 224-1 ,서울특별시 강동구 길동 106-2,노인시설,171.34,52,2024-11-15,2025-03-15,Y,9:00:00,18:00:00,N,,,N,,,N,,,127.1466939,37.5386041,,212964.7961,548798.8046,
1383,둔촌1동 주민센터,Y,,서울특별시 강동구 둔촌동 172-5,주민센터,603.21,183,2024-11-15,2025-03-15,Y,9:00:00,18:00:00,N,,,N,,,N,,,127.1366787,37.5234466,"도로명주소: 서울특별시 강동구 양재대로84길 31, 1층",212082.0977,547115.1748,
1384,선린경로당,Y,서울특별시 강동구 명일로10나길 5,서울특별시 강동구 둔촌동 39-8,노인시설,169.78,51,2024-11-15,2025-03-15,Y,9:00:00,18:00:00,N,,,N,,,N,,,127.1446029,37.5315248,,212781.2017,548012.8025,
1385,약수경로당,Y,서울특별시 강동구 진황도로 150-8 ,서울특별시 강동구 둔촌동 426-6,노인시설,199.28,60,2024-11-15,2025-03-15,Y,9:00:00,18:00:00,N,,,N,,,N,,,127.1408627,37.5327943,,212450.4006,548153.1997,
1386,둔촌2동주민센터,Y,서울특별시 강동구 천호대로186길 7,서울특별시 강동구 둔촌동 65,주민센터,239,72,2024-11-15,2025-03-15,Y,9:00:00,18:00:00,N,,,N,,,N,,,127.1419499,37.5333444,,212546.4026,548214.3985,
1387,둔촌2동경로당,Y,서울특별시 강동구 천호대로188길 39,서울특별시 강동구 둔촌동 49-5,노인시설,33,10,2024-11-15,2025-03-15,Y,9:00:00,18:00:00,N,,,N,,,N,,,127.14322,37.53228,,212658.8418,548096.4334,
