"년도","지역코드","시설유형","쉼터명칭","도로명주소","지번상세주소","면적","이용가능인원","비고","운영시작일","운영종료일","경도","위도","X좌표","Y좌표"
"2025","1162057500","001","원당경로당","서울특별시 관악구 남부순환로247다길 60","","177.00","22","","20240520","20240930","126.964113","37.478639","196825.772280","542133.938556"
"2025","1162057500","001","행운경로당","서울특별시 관악구 행운9길 34","","113.00","14","","20240520","20240930","126.959638","37.483375","196430.181015","542659.731757"
"2025","1162057000","005","행운동주민센터","서울특별시 관악구 행운1길 43","","690.00","26","","20240520","20240930","126.957032","37.480668","196199.511863","542359.348364"
"2025","1162058000","001","백설경로당","서울특별시 관악구 관악로6길 50","","63.00","8","","20240520","20240930","126.953496","37.476247","195886.560798","541868.869391"
"2025","1162058000","001","덕진경로당","서울특별시 관악구 남부순환로234길 37","","147.00","19","","20240520","20240930","126.956821","37.477700","196180.742482","542030.003988"
"2025","1162058000","005","낙성대동주민센터","서울특별시 관악구 낙성대로4가길 5","","318.00","50","","20240520","20240930","126.958407","37.476304","196320.940802","541874.970246"
"2025","1162058500","002","관악구장애인종합복지관","서울특별시 관악구 남부순환로 1914","","64.22","7","","20240520","20240930","126.961846","37.477448","196625.174620","542001.876718"
"2025","1162055000","001","일선경로당","서울특별시 관악구 쑥고개로26길 24","","130.00","17","","20240520","20240930","126.949527","37.477823","195535.600496","542043.998353"
"2025","1162059500","001","송현경로당","서울특별시 관악구 장군봉1길 45-6 ","","199.00","25","","20240520","20240930","126.942473","37.481889","194911.920904","542495.594675"
"2025","1162055000","005","청룡동주민센터","서울특별시 관악구 쑥고개로 44","","1,441.00","41","","20240520","20240930","126.941623","37.479135","194836.578118","542189.928107"
"2025","1162051000","001","국지경로당","서울특별시 관악구 국회단지21길 14","","344.00","43","","20240520","20240930","126.941507","37.490260","194827.058505","543424.717730"
"2025","1162051000","001","은천경로당","서울특별시 관악구 봉천로27길 45","","111.00","14","","20240520","20240930","126.940835","37.485758","194767.314868","542925.092176"
"2025","1162060500","001","벽산블루밍(아)3단지 경로당","서울특별시 관악구 양녕로 117","","137.00","17","","20240520","20240930","126.942694","37.492055","194932.110198","543623.852454"
"2025","1162060500","001","두산(아)임대 3단지 경로당","서울특별시 관악구 양녕로 31","","99.00","13","","20240520","20240930","126.945793","37.485155","195205.772997","542857.903136"
"2025","1162060500","001","국사봉경로당","서울특별시 관악구 은천로15길 13-2 ","","202.00","26","","20240520","20240930","126.943705","37.487504","195021.259990","543118.719484"
"2025","1162051000","005","은천동주민센터","서울특별시 관악구 봉천로33나길 30","","48.00","35","","20240520","20240930","126.942415","37.485312","194906.996777","542875.449953"
"2025","1162061000","001","중앙경로당","서울특별시 관악구 은천로26길 14","","199.54","25","","20240520","20240930","126.950413","37.485929","195614.398179","542943.603882"
"2025","1162061500","001","장수경로당","서울특별시 관악구 양녕로6다길 11-4 ","","94.00","12","","20240520","20240930","126.949368","37.484464","195521.915324","542781.035244"
"2025","1162061000","005","중앙동주민센터","서울특별시 관악구 양녕로6다길 7","","704.47","14","","20240520","20240930","126.949755","37.484193","195556.082802","542750.961719"
"2025","1162061000","002","중앙사회복지관","서울특별시 관악구 봉천로41길 33","","66.00","17","","20240520","20240930","126.948071","37.484360","195407.197412","542769.599495"
"2025","1162062000","001","인헌경로당","서울특별시 관악구 낙성대역3길 6-6 ","","200.00","25","","20240520","20240930","126.961820","37.475853","196622.803071","541824.798525"
"2025","1162062500","001","덕양경로당","서울특별시 관악구 인헌4길 20","","400.00","50","","20240520","20240930","126.965907","37.474825","196984.299459","541710.576686"
"2025","1162062500","001","밤골경로당","서울특별시 관악구 인헌3가길 8","","98.00","13","","20240520","20240930","126.967356","37.473900","197112.435351","541607.868704"
"2025","1162062000","005","인헌동주민센터","서울특별시 관악구 남부순환로246가길 20","","500.00","28","","20240520","20240930","126.965331","37.475118","196933.361278","541743.114353"
"2025","1162063000","001","구립예촌경로당","서울특별시 관악구 남현길 41","","198.00","25","","20240520","20240930","126.976891","37.474537","197955.847324","541678.284189"
"2025","1162063000","001","관수경로당","서울특별시 관악구 승방3나길 14","","63.00","8","","20240520","20240930","126.980540","37.472880","198278.618699","541494.339822"
"2025","1162063000","005","남현동주민센터","서울특별시 관악구 남현1가길 29","","172.00","20","","20240520","20240930","126.977875","37.474688","198042.953362","541695.044438"
"2025","1162064000","001","신본경로당","서울특별시 관악구 남부순환로200다길 7","","353.00","44","","20240520","20240930","126.936493","37.482595","194383.035314","542574.313458"
"2025","1162064500","001","서원경로당","서울특별시 관악구 서원3길 10","","238.00","30","","20240520","20240930","126.933228","37.476832","194093.832147","541934.874821"
"2025","1162064500","001","신관경로당","서울특별시 관악구 신림로48길 25","","396.00","50","","20240520","20240930","126.933451","37.479402","194113.758698","542220.096533"
"2025","1162064500","005","서원동주민센터","서울특별시 관악구 신림로 282","","1,311.00","43","","20240520","20240930","126.931270","37.479783","193920.916026","542262.487705"
"2025","1162065000","001","신일경로당","서울특별시 관악구 문성로32길 18","","362.00","46","","20240520","20240930","126.928699","37.478502","193693.352176","542120.505111"
"2025","1162065500","001","신원경로당","서울특별시 관악구 남부순환로170길 6","","254.00","32","","20240520","20240930","126.924382","37.482690","193311.901018","542585.626364"
"2025","1162065000","005","신원동주민센터","서울특별시 관악구 신원로3길 13","","200.00","23","","20240520","20240930","126.927439","37.481624","193582.180028","542467.101766"
"2025","1162066000","001","서림경로당","서울특별시 관악구 서림3길 47","","52.00","7","","20240520","20240930","126.940623","37.472323","194747.598322","541433.998251"
"2025","1162066500","001","서광경로당","서울특별시 관악구 참숯5길 38","","198.00","25","","20240520","20240930","126.941748","37.476107","194847.364606","541853.920373"
"2025","1162066500","001","행복경로당","서울특별시 관악구 신림로36길 12-10 ","","202.56","26","","20240520","20240930","126.937932","37.475623","194509.843213","541800.374067"
"2025","1162066000","005","서림동주민센터","서울특별시 관악구 신림로29길 6","","780.00","23","","20240520","20240930","126.934989","37.474991","194249.482927","541730.395081"
"2025","1162068500","001","구립어울림경로당","서울특별시 관악구 남부순환로149길 34-2 ","","224.00","28","","20240520","20240930","126.915494","37.483588","192525.910056","542685.949783"
"2025","1162068000","001","신사경로당","서울특별시 관악구 조원로 151-1 ","","695.00","87","","20240520","20240930","126.919115","37.485910","192846.345891","542943.346541"
"2025","1162068000","005","신사동주민센터","서울특별시 관악구 조원로 142","","196.00","38","","20240520","20240930","126.918100","37.485500","192756.555322","542897.963940"
"2025","1162069000","001","새들경로당","서울특별시 관악구 관천로20길 43","","74.88","10","","20240520","20240930","126.925078","37.488424","193374.001170","543221.997574"
"2025","1162069500","001","색동경로당","서울특별시 관악구 신림로70길 74","","86.00","11","","20240520","20240930","126.932689","37.486505","194046.905853","543008.438842"
"2025","1162069000","005","신림동주민센터","서울특별시 관악구 신림동길 14","","1,037.72","32","","20240520","20240930","126.927100","37.487394","193552.665731","543107.474207"
"2025","1154563000","001","철쭉경로당","서울특별시 금천구 금하로1마길 15-8 ","","143.10","20","","20240520","20240930","126.889601","37.452882","190231.787070","539280.402199"
"2025","1154563000","001","참새경로당","서울특별시 금천구 한내로 55","","149.30","20","","20240520","20240930","126.887193","37.456954","190019.230447","539732.546206"
"2025","1154561000","002","금천장애인종합복지관","서울특별시 금천구 시흥대로101길 17","","617.00","30","","20240520","20240930","126.896277","37.463988","190823.825676","540512.267189"
"2025","1154562000","008","다원새마을금고","서울특별시 금천구 독산로 192","","12.00","10","","20240801","20240930","126.903296","37.464186","191444.831273","540533.681728"
"2025","1154562000","099","금천평생학습관 독산","서울특별시 금천구 범안로 1240-7 ","","20.00","25","","20240801","20240930","126.899766","37.466098","191132.783800","540746.192016"
"2025","1154562000","099","독산2동마을활력소(정감)","서울특별시 금천구 시흥대로 342","","66.00","30","","20240520","20240930","126.898130","37.464312","190987.831088","540548.103340"
"2025","1154562000","001","독산2동 어르신쉼터","서울특별시 금천구 독산로67길 32","","42.13","15","","20240520","20240930","126.900818","37.464614","191225.631795","540581.400786"
"2025","1154562000","001","정훈경로당","서울특별시 금천구 독산로64길 79","","106.00","20","","20240520","20240930","126.906432","37.466802","191722.545477","540823.697627"
"2025","1154562000","005","독산2동주민센터","서울특별시 금천구 독산로 179","","211.00","30","","20240520","20240930","126.903490","37.463149","191461.867148","540418.482456"
"2025","1154562000","007","신일교회(1층 로비 및 카페)","서울특별시 금천구 시흥대로90길 25","","110.00","30","","20240520","20240930","126.899316","37.461804","191092.411844","540269.636720"
"2025","1154563000","001","만수경로당","서울특별시 금천구 시흥대로90길 60-3 ","","110.70","20","","20240520","20240930","126.900969","37.462821","191238.798833","540382.399201"
"2025","1154563000","004","독산보건지소","서울특별시 금천구 독산로87길 27","","12.00","10","","20240801","20240930","126.902253","37.473670","191353.616477","541586.361816"
"2025","1154563000","008","새마을금고 독산동","서울특별시 금천구 독산로 323","","30.00","25","","20240612","20240930","126.903318","37.475556","191448.028721","541795.585305"
"2025","1154563000","008","신한은행 독산동금융센터","서울특별시 금천구 시흥대로 446","","18.00","20","","20240612","20240930","126.898790","37.473308","191047.274925","541546.519320"
"2025","1154563000","001","목화경로당","서울특별시 금천구 문성로7가길 14","","153.00","20","","20240520","20240930","126.906504","37.477544","191730.098555","542015.953233"
"2025","1154563000","001","동산경로당","서울특별시 금천구 독산로54길 247","","110.70","20","","20240520","20240930","126.905989","37.472925","191683.998579","541503.284880"
"2025","1154563000","001","구룡경로당","서울특별시 금천구 남부순환로122길 5","","99.84","20","","20240520","20240930","126.902201","37.479172","191349.686239","542196.948429"
"2025","1154563000","001","문성경로당","서울특별시 금천구 독산로93길 18","","117.00","20","","20240520","20240930","126.902274","37.474045","191355.526065","541627.946553"
"2025","1154563000","005","독산3동주민센터","서울특별시 금천구 독산로 317","","193.00","100","","20240520","20240930","126.903174","37.475160","191435.308008","541751.625432"
"2025","1154564000","008","기업은행 독산동","서울특별시 금천구 시흥대로 376","","7.00","8","","20240801","20240830","126.898133","37.467014","190988.394223","540847.944038"
"2025","1154510200","099","책달샘숲속작은도서관","","","12.00","15","","20240801","20240930","126.907759","37.469596","191840.268230","541133.666925"
"2025","1154564000","099","금천구립독산도서관(1층 로비)","서울특별시 금천구 독산로54길 114","","33.00","10","","20240520","20240930","126.908016","37.467428","191862.767773","540893.003802"
"2025","1154564000","002","금천호암노인종합복지관","서울특별시 금천구 독산로72길 86-5 ","","779.00","30","","20240520","20240930","126.906447","37.469538","191724.174095","541127.388604"
"2025","1154563000","001","정심경로당","서울특별시 금천구 독산로75길 12-7 ","","117.00","20","","20240520","20240930","126.901600","37.469361","191295.398847","541108.103217"
"2025","1154564000","005","독산4동주민센터","서울특별시 금천구 독산로 232","","33.00","30","","20240520","20240930","126.902195","37.467553","191347.834005","540907.418115"
"2025","1154564000","001","감로천경로당","서울특별시 금천구 독산로72길 86-5 ","","150.00","20","","20240520","20240930","126.906400","37.469500","191720.012186","541123.141952"
"2025","1154567000","008","국민은행 금천지점","서울특별시 금천구 시흥대로 202","","24.00","25","","20240612","20240930","126.902049","37.451931","191333.080160","539173.625460"
"2025","1154567000","008","농협 시흥동지점","서울특별시 금천구 시흥대로 213-2 ","","13.00","16","","20240612","20240930","126.900812","37.452921","191223.787685","539283.627338"
"2025","1154567000","008","우리은행 금천구청지점","서울특별시 금천구 시흥대로73길 70","","18.00","20","","20240612","20240930","126.894853","37.456498","190696.893040","539681.208015"
"2025","1154567000","008","신한은행 시흥점","서울특별시 금천구 시흥대로 230","","18.00","20","","20240612","20240930","126.901220","37.454429","191260.036788","539450.901148"
"2025","1154567000","099","금천구지체장애인쉼터","서울특별시 금천구 시흥대로59길 13","","253.66","30","","20240520","20240930","126.900000","37.453400","191151.962149","539336.843512"
"2025","1154567000","099","금천구시각장애인쉼터","서울특별시 금천구 시흥대로77길 23","","152.47","25","","20240520","20240930","126.898457","37.458127","191016.037737","539861.632595"
"2025","1154510300","002","금천어울림복지센터(1층 로비)","서울특별시 금천구 시흥대로73길 30","","60.19","24","","20240520","20240930","126.897564","37.457017","190936.824929","539738.479035"
"2025","1154567000","001","효정경로당","서울특별시 금천구 시흥대로 266","","151.80","20","","20240520","20240930","126.899890","37.457512","191142.687674","539793.207108"
"2025","1154567000","001","대명경로당","서울특별시 금천구 독산로11길 4","","95.88","30","","20240520","20240930","126.905595","37.452227","191646.861849","539206.146005"
"2025","1154567000","005","시흥1동주민센터","서울특별시 금천구 시흥대로58길 36","","308.00","300","","20240520","20240930","126.903237","37.453570","191438.392607","539355.434297"
"2025","1154567000","007","산돌중앙교회","서울특별시 금천구 시흥대로75길 16","","100.00","20","","20240520","20240930","126.898339","37.457454","191005.517129","539786.972280"
"2025","1154567000","099","금천구청(1층 로비 피아노홀)","서울특별시 금천구 시흥대로73길 70","","154.00","40","리모델링으로 미운영","20240520","20240930","126.895422","37.457039","190747.347166","539741.162207"
"2025","1154570000","001","새재미경로당","서울특별시 금천구 독산로39길 16","","188.00","50","","20240520","20240930","126.904261","37.458845","191529.600129","539940.805312"
"2025","1154567000","002","금천노인종합복지관","서울특별시 금천구 시흥대로51길 93-32 ","","90.00","40","","20240520","20240930","126.897781","37.450152","190955.224207","538976.571123"
"2025","1154568000","099","공동체경제통합지원센터(2관)","서울특별시 금천구 탑골로8길 23","","56.92","20","","20240520","20240930","126.914800","37.450900","192461.221127","539058.091076"
"2025","1154568000","099","시흥2동마을활력소(늘솔나루)","서울특별시 금천구 금하로 764","","128.84","15","","20240520","20240930","126.914189","37.449697","192407.000861","538924.668245"
"2025","1154568000","099","서울시립금천청소년센터(1층 로비)","서울특별시 금천구 금하로30길 54","","87.40","26","","20240520","20240930","126.915354","37.448440","192509.995620","538785.009939"
"2025","1154568000","002","청담종합사회복지관","서울특별시 금천구 금하로29길 36","","243.00","40","","20240520","20240930","126.913644","37.451679","192358.995922","539144.631325"
"2025","1154568000","005","시흥2동주민센터","서울특별시 금천구 금하로 764","","48.00","50","","20240520","20240930","126.914819","37.449553","192462.758273","538908.546850"
"2025","1154570000","001","산장경로당","서울특별시 금천구 탑골로2길 59-9 ","","199.00","30","","20240520","20240930","126.913896","37.450816","192381.197085","539048.796582"
"2025","1154569000","099","박미사랑마을회관","서울특별시 금천구 시흥대로12길 82","","15.00","10","","20240819","20240930","126.907494","37.440577","191813.619427","537912.958383"
"2025","1154569000","008","새마을금고 금천남부시흥3동지점","서울특별시 금천구 시흥대로 78","","20.00","15","","20240801","20240930","126.903806","37.440932","191487.279462","537952.762831"
"2025","1154569000","099","동네방네 마을이음센터(1층 다목적실)","서울특별시 금천구 시흥대로10길 5","","50.00","15","","20240520","20240930","126.904577","37.438696","191555.302138","537704.506656"
"2025","1154569000","099","금천문화회관(1층 로비)","서울특별시 금천구 시흥대로38길 61","","33.00","10","","20240520","20240930","126.904234","37.446542","191525.814603","538575.333595"
"2025","1154569000","005","시흥3동주민센터","서울특별시 금천구 시흥대로18길 40","","1,344.00","120","","20240520","20240930","126.905818","37.440256","191665.309592","537877.456549"
"2025","1154570000","001","금산경로당","서울특별시 금천구 시흥대로24길 50","","148.40","50","","20240520","20240930","126.907167","37.441274","191784.801899","537990.399502"
"2025","1154570000","001","박산경로당","서울특별시 금천구 시흥대로2길 60","","158.40","30","","20240520","20240930","126.906529","37.435042","191727.603267","537298.802260"
"2025","1154570000","008","새마을금고 시흥제1지점","서울특별시 금천구 독산로 140-1 ","","21.00","15","","20240801","20240930","126.905211","37.459948","191613.782347","540063.049423"
"2025","1154570000","001","시흥4동 어르신쉼터","서울특별시 금천구 독산로50마길 39-8 ","","78.94","25","","20240520","20240930","126.913054","37.461112","192307.775200","540191.634805"
"2025","1154570000","001","장수경로당","서울특별시 금천구 독산로50길 57-1 ","","333.00","40","","20240520","20240930","126.907540","37.462841","191820.115077","540384.016966"
"2025","1154570000","001","신흥경로당","서울특별시 금천구 금하로23길 155","","148.00","40","","20240520","20240930","126.907353","37.457032","191802.919554","539739.302605"
"2025","1154570000","005","시흥4동주민센터","서울특별시 금천구 독산로36길 14","","30.00","50","","20240520","20240930","126.906129","37.458957","191694.864189","539953.036181"
"2025","1154570000","099","새재미마을활력소","서울특별시 금천구 독산로50길 105","","150.00","40","","20240520","20240930","126.910176","37.462325","192053.238878","540326.466893"
"2025","1154571000","001","시흥5동 임시어르신쉼터","서울특별시 금천구 금하로 700","","20.00","15","","20240801","20240930","126.907652","37.451424","191828.799249","539116.877014"
"2025","1154571000","008","새마을금고 금천남부","서울특별시 금천구 금하로 724-1 ","","7.00","10","","20240612","20240930","126.910136","37.450424","192048.457853","539005.589581"
"2025","1154571000","099","공동체경제통합지원센터(1관)","서울특별시 금천구 은행나무로 45","","119.00","29","","20240520","20240930","126.907467","37.451033","191812.343086","539073.497530"
"2025","1154571000","099","금천마을활력소 어울샘(2층 어울샘 홀)","서울특별시 금천구 탑골로 22","","150.00","30","","20240520","20240930","126.911631","37.451820","192180.948595","539160.467670"
"2025","1154570000","001","읍내경로당","서울특별시 금천구 은행나무로10길 12-1 ","","95.00","30","","20240520","20240930","126.906318","37.450424","191710.626334","539005.940820"
"2025","1154570000","001","탑동경로당","서울특별시 금천구 금하로23가길 14-1 ","","118.80","20","","20240520","20240930","126.909532","37.451524","191995.175132","539127.825334"
"2025","1154571000","005","시흥5동주민센터","서울특별시 금천구 금하로24길 6","","711.00","30","","20240520","20240930","126.908400","37.450800","191894.916966","539047.523753"
"2025","1156062000","001","구립영등포본동경로당","서울특별시 영등포구 영신로9나길 7","","290.00","50","","20240520","20240930","126.906627","37.512917","191744.907920","545941.873942"
"2025","1156051500","001","영등포어르신복지센터","서울특별시 영등포구 도영로22길 36","","638.13","10","","20240520","20240930","126.903283","37.510183","191448.890286","545638.733380"
"2025","1156051500","099","청소년문화의집 작은도서관","서울특별시 영등포구 영등포로64길 15","","50.00","8","","20240520","20240930","126.917200","37.513500","192679.690902","546005.671176"
"2025","1156051500","099","영등포본동 작은도서관","서울특별시 영등포구 신길로61길 17","","65.00","20","","20240520","20240930","126.909313","37.514692","191982.567680","546138.621993"
"2025","1156051500","005","영등포본동 주민센터","서울특별시 영등포구 신길로61길 17","","40.00","13","","20240520","20240930","126.909320","37.514638","191983.145387","546132.617015"
"2025","1156051500","001","구립신광경로당","서울특별시 영등포구 신길로60길 31-2 ","","195.00","50","","20240520","20240930","126.913784","37.513492","192377.647680","546005.021266"
"2025","1156051500","001","구립방학경로당","서울특별시 영등포구 영등포로62라길 2-12 ","","257.00","25","","20240520","20240930","126.915366","37.516604","192517.857687","546350.320184"
"2025","1156053500","002","시립영등포장애인복지관","서울특별시 영등포구 버드나루로 22","","69.70","15","","20240520","20240930","126.912877","37.520861","192298.252998","546823.016695"
"2025","1156053500","099","영등포동 작은도서관","서울특별시 영등포구 국회대로44길 4","","50.00","20","","20240520","20240930","126.903622","37.525338","191480.647424","547320.716797"
"2025","1156053500","005","영등포동 주민센터","서울특별시 영등포구 양산로 232","","985.50","30","","20240520","20240930","126.909027","37.522293","191958.036810","546982.239656"
"2025","1156053500","001","구립영중경로당","서울특별시 영등포구 영중로27길 3","","102.00","45","","20240520","20240930","126.904722","37.524121","191577.728012","547185.479325"
"2025","1156054000","099","여의동 작은도서관","서울특별시 영등포구 국제금융로 124","","62.00","10","","20240520","20240930","126.934562","37.517658","194215.013703","546465.958480"
"2025","1156054000","005","여의동 주민센터","서울특별시 영등포구 국제금융로 124","","62.00","10","","20240520","20240930","126.934570","37.517634","194215.683718","546463.283217"
"2025","1156054000","001","구립시범아파트경로당","서울특별시 영등포구 63로 45","","165.00","50","","20240520","20240930","126.938615","37.521072","194573.564902","546844.616928"
"2025","1156054000","001","구립광장아파트경로당","서울특별시 영등포구 여의나루로 7","","132.00","50","","20240520","20240930","126.920680","37.520331","192988.004190","546763.605318"
"2025","1156055000","099","당산1동 작은도서관","서울특별시 영등포구 양산로23길 11","","60.00","22","","20240520","20240930","126.897426","37.525016","190932.829781","547285.524800"
"2025","1156055000","005","당산1동주민센터","서울특별시 영등포구 양산로23길 11","","77.00","23","","20240520","20240930","126.897299","37.525133","190921.635325","547298.500377"
"2025","1156055000","001","구립당산3가경로당","서울특별시 영등포구 당산로29길 9","","132.00","30","","20240520","20240930","126.893900","37.526000","190621.312959","547395.082238"
"2025","1156055000","001","구립당산1가경로당","서울특별시 영등포구 영등포로29길 13","","287.00","35","","20240520","20240930","126.900200","37.522100","191177.741045","546961.621355"
"2025","1156055000","001","구립당산1동경로당","서울특별시 영등포구 영등포로25길 24","","135.00","30","","20240520","20240930","126.898500","37.523100","191027.581798","547072.769651"
"2025","1156055000","001","SH아파트경로당","서울특별시 영등포구 영신로 183","","71.00","35","","20240520","20240930","126.901422","37.524494","191285.999357","547227.200521"
"2025","1156056000","099","당산2동 작은도서관","서울특별시 영등포구 당산로41가길 7","","33.00","4","","20240520","20240930","126.897379","37.531098","190929.438167","547960.555957"
"2025","1156056000","005","당산2동 주민센터","서울특별시 영등포구 당산로41가길 7","","81.75","24","","20240520","20240930","126.897338","37.531015","190925.821849","547951.347916"
"2025","1156056000","001","구립당산2동경로당","서울특별시 영등포구 당산로48길 16","","119.00","25","","20240520","20240930","126.903960","37.534930","191511.603282","548385.202046"
"2025","1156056000","001","구립남부경로당","서울특별시 영등포구 당산로35길 4-9 ","","161.00","50","","20240520","20240930","126.897398","37.529292","190930.881215","547760.110445"
"2025","1156058500","099","늘샘드리 작은도서관","서울특별시 영등포구 도영로7길 10","","205.00","31","","20240520","20240930","126.895900","37.509400","190796.063985","545552.493567"
"2025","1156058500","005","도림동 주민센터","서울특별시 영등포구 도영로7길 10","","2,246.40","30","","20240520","20240930","126.895970","37.509459","190802.260232","545559.034971"
"2025","1156058500","001","구립모랫말어르신복지센터","서울특별시 영등포구 도영로 41","","176.00","10","","20240520","20240930","126.897459","37.509680","190933.935893","545583.418653"
"2025","1156058500","001","구립미루나무길경로당","서울특별시 영등포구 도신로29가길 12","","175.00","40","","20240520","20240930","126.906434","37.509358","191727.416562","545546.853883"
"2025","1156060500","099","목화마을 작은도서관","서울특별시 영등포구 선유로13길 25","","110.00","24","","20240520","20240930","126.886641","37.518751","189978.685492","546591.304470"
"2025","1156060500","005","문래동 주민센터","서울특별시 영등포구 문래로28길 15","","250.44","30","","20240520","20240930","126.899488","37.517087","191114.206224","546405.308278"
"2025","1156060500","001","구립문래제1경로당","서울특별시 영등포구 문래로20길 7","","201.00","50","","20240520","20240930","126.894186","37.518434","190645.649319","546555.322301"
"2025","1156060500","001","구립목화경로당","서울특별시 영등포구 도림로143길 20-7 ","","195.00","50","","20240520","20240930","126.890176","37.514225","190290.605011","546088.582617"
"2025","1156060500","002","영등포노인종합복지관","서울특별시 영등포구 도림로 482","","72.00","21","","20240520","20240930","126.890100","37.516900","190284.232745","546385.481713"
"2025","1156061000","099","양평1동 작은도서관","서울특별시 영등포구 선유서로34길 10","","92.00","24","","20240520","20240930","126.887522","37.526893","190057.605149","547494.860351"
"2025","1156061000","005","양평1동 주민센터","서울특별시 영등포구 영등포로11길 12","","796.30","30","","20240520","20240930","126.888261","37.523614","190122.540016","547130.843109"
"2025","1156061000","001","구립양평3가경로당","서울특별시 영등포구 선유서로34길 10","","67.00","20","","20240520","20240930","126.887436","37.526871","190050.000336","547492.405520"
"2025","1156061000","001","구립양평1경로당","서울특별시 영등포구 선유로23길 18","","76.00","20","","20240520","20240930","126.888255","37.523217","190121.957288","547086.781689"
"2025","1156062000","099","양평2동 작은도서관","서울특별시 영등포구 선유로47길 30","","150.00","13","","20240520","20240930","126.893904","37.536497","190622.963070","548560.097286"
"2025","1156062000","005","양평2동 주민센터","서울특별시 영등포구 선유로47길 30","","551.13","30","","20240520","20240930","126.894000","37.536445","190631.423564","548554.283077"
"2025","1156062000","001","구립양화경로당","서울특별시 영등포구 양평로28마길 18-1 ","","317.00","80","","20240520","20240930","126.889942","37.542879","190273.603217","549268.801928"
"2025","1156062000","001","구립양평동4가경로당","서울특별시 영등포구 양평로20길 14-1 ","","383.00","100","","20240520","20240930","126.896300","37.538200","190834.953496","548748.895452"
"2025","1156063000","001","신기목련아파트경로당","서울특별시 영등포구 신길로42가길 34","","85.00","35","","20240520","20240930","126.915015","37.508337","192485.971919","545432.760648"
"2025","1156063000","099","신길1동 작은도서관","서울특별시 영등포구 영등포로84길 24-5 ","","97.00","25","","20240520","20240930","126.921443","37.510997","193054.580685","545727.570522"
"2025","1156063000","005","신길1동 주민센터","서울특별시 영등포구 영등포로84길 24-5 ","","915.59","30","","20240520","20240930","126.921426","37.511156","193053.118914","545745.196533"
"2025","1156063000","001","구립대신경로당","서울특별시 영등포구 도신로54길 9-17 ","","111.00","20","","20240520","20240930","126.915720","37.510894","192548.585702","545716.554453"
"2025","1156063000","001","구립창신경로당","서울특별시 영등포구 여의대방로53나길 43","","390.00","40","","20240520","20240930","126.920673","37.509963","192986.397418","545612.800222"
"2025","1156063000","001","구립율산경로당","서울특별시 영등포구 여의대방로61길 36-5 ","","198.00","50","","20240520","20240930","126.922663","37.515752","193162.913008","546255.148132"
"2025","1156063000","001","구립영길경로당","서울특별시 영등포구 영등포로 343-4 ","","185.00","56","","20240520","20240930","126.917798","37.515597","192732.772030","546238.409659"
"2025","1156065000","099","생각나무 마을도서관","서울특별시 영등포구 신길로41라길 13-8 ","","56.00","6","","20240520","20240930","126.907706","37.507271","191839.652577","545315.145762"
"2025","1156065000","005","신길3동 주민센터","서울특별시 영등포구 신길로41라길 13-8 ","","1,046.30","30","","20240520","20240930","126.907832","37.507347","191850.827882","545323.558746"
"2025","1156065000","001","구립신길3동경로당","서울특별시 영등포구 도신로 134-1 ","","85.00","30","","20240520","20240930","126.906500","37.508500","191733.157295","545451.621028"
"2025","1156065000","001","구립수정경로당","서울특별시 영등포구 가마산로63길 3","","50.00","30","","20240520","20240930","126.905911","37.505858","191680.805105","545158.455805"
"2025","1156066000","099","드나드리 마을도서관","서울특별시 영등포구 신길로42길 1","","127.00","20","","20240520","20240930","126.911339","37.508404","192160.989592","545440.529944"
"2025","1156066000","005","신길4동 주민센터","서울특별시 영등포구 신길로42길 1","","111.10","20","","20240520","20240930","126.911266","37.508420","192154.536952","545442.334021"
"2025","1156066000","001","삼성아파트112동경로당","서울특별시 영등포구 신길로42길 25","","66.00","25","","20240520","20240930","126.913700","37.507300","192369.626379","545317.828190"
"2025","1156066000","001","구립신길4동경로당","서울특별시 영등포구 신길로42길 13-1 ","","198.00","60","","20240520","20240930","126.912352","37.507797","192250.491827","545373.098992"
"2025","1156067000","099","꿈터 마을도서관","서울특별시 영등포구 도림로 264","","105.00","6","","20240520","20240930","126.905122","37.501646","191610.571600","544691.081279"
"2025","1156067000","005","신길5동 주민센터","서울특별시 영등포구 도림로 264","","1,261.30","30","","20240520","20240930","126.905201","37.501607","191617.534970","544686.701366"
"2025","1156067000","001","구립신길5동제1경로당","서울특별시 영등포구 신길로13길 24","","122.00","50","","20240520","20240930","126.905654","37.497691","191657.155179","544252.035751"
"2025","1156067000","001","구립신풍경로당","서울특별시 영등포구 도림로80길 6","","100.90","30","","20240520","20240930","126.905426","37.501758","191637.429409","544703.418223"
"2025","1156067000","001","6.25참전자경로당","서울특별시 영등포구 도림로80길 4","","119.00","40","","20240520","20240930","126.905281","37.501790","191624.629308","544707.015983"
"2025","1156068000","001","구립늘푸른경로당","서울특별시 영등포구 신풍로25길 15-22 ","","177.21","40","","20240520","20240930","126.918899","37.501374","192828.694604","544659.687330"
"2025","1156068000","099","신길6동 작은도서관","서울특별시 영등포구 대방천로 167","","193.00","40","","20240520","20240930","126.909876","37.499337","192030.700490","544434.365647"
"2025","1156068000","005","신길6동 주민센터","서울특별시 영등포구 대방천로 167","","84.00","21","","20240520","20240930","126.909833","37.499376","192026.849263","544438.708933"
"2025","1156068000","001","구립신길6동경로당","서울특별시 영등포구 대방천로 193","","95.00","30","","20240520","20240930","126.912418","37.499168","192255.436035","544415.385560"
"2025","1156069000","099","마을서랍 마을도서관","서울특별시 영등포구 여의대방로43길 10","","39.00","18","","20240520","20240930","126.921426","37.506445","193052.620384","545222.280252"
"2025","1156069000","005","신길7동 주민센터","서울특별시 영등포구 여의대방로43길 10","","2,644.50","30","","20240520","20240930","126.921419","37.506324","193052.025659","545208.906783"
"2025","1156069000","001","래미안에스티움2경로당","서울특별시 영등포구 신풍로 77","","96.85","29","","20240520","20240930","126.913003","37.500800","192307.288682","544596.424129"
"2025","1156069000","001","구립신길7동경로당","서울특별시 영등포구 여의대방로43길 10","","314.00","54","","20240520","20240930","126.921408","37.506425","193051.062450","545220.150597"
"2025","1156071000","099","대림1동 작은도서관","서울특별시 영등포구 디지털로 441","","182.00","30","","20240520","20240930","126.905908","37.495456","191679.332547","544003.901839"
"2025","1156070000","005","대림1동 주민센터","서울특별시 영등포구 디지털로 441","","1,853.80","30","","20240520","20240930","126.905935","37.495477","191681.757936","544006.285637"
"2025","1156070000","001","구립대림1동경로당","서울특별시 영등포구 디지털로 441","","251.00","30","","20240520","20240930","126.905935","37.495477","191681.757936","544006.285637"
"2025","1156070000","001","구립영인경로당","서울특별시 영등포구 도림로58길 11","","132.00","65","","20240520","20240930","126.902725","37.496064","191397.988871","544071.701294"
"2025","1156071000","099","서울디지털동행플라자 서남센터","서울특별시 영등포구 디지털로37나길 21","","825.00","80","","20240603","20240930","126.899624","37.491532","191123.221904","543569.029585"
"2025","1156071000","099","대림2동 작은도서관","서울특별시 영등포구 대림로23길 25","","68.00","16","","20240520","20240930","126.898100","37.492600","190988.556867","543687.697350"
"2025","1156071000","005","대림2동 주민센터","서울특별시 영등포구 대림로23길 25","","80.00","24","","20240520","20240930","126.898229","37.492712","190999.978319","543700.115546"
"2025","1156071000","001","구립다사랑경로당","서울특별시 영등포구 대림로23가길 5","","192.00","30","","20240520","20240930","126.899211","37.492811","191086.832344","543711.009819"
"2025","1156071000","001","구립큰숲경로당","서울특별시 영등포구 대림로7길 11-13 ","","253.70","80","","20240520","20240930","126.904388","37.488763","191544.225151","543261.257205"
"2025","1156071000","001","구립행복경로당","서울특별시 영등포구 디지털로53길 6-10 ","","201.00","61","","20240520","20240930","126.901501","37.491232","191289.118536","543535.569333"
"2025","1156071000","001","구립대동경로당","서울특별시 영등포구 대림로21길 5","","63.00","36","","20240520","20240930","126.900801","37.492719","191227.458151","543700.694024"
"2025","1156072000","005","대림3동 주민센터","서울특별시 영등포구 대림로 197","","300.00","20","","20240520","20240930","126.898040","37.498280","190983.933672","544318.109237"
"2025","1156072000","001","구립원지경로당","서울특별시 영등포구 도림로47길 28","","92.40","50","","20240520","20240930","126.899600","37.497700","191121.811920","544253.588461"
"2025","1156072000","001","구립대림3동경로당","서울특별시 영등포구 대림로41길 12","","280.00","50","","20240520","20240930","126.895832","37.501054","190789.035310","544626.190081"
"2025","1156072000","001","구립동심경로당","서울특별시 영등포구 대림로35길 7","","132.00","60","","20240520","20240930","126.897339","37.498751","190922.002945","544370.396027"
"2025","1156072000","001","구립신우경로당","서울특별시 영등포구 가마산로47길 13","","82.00","35","","20240520","20240930","126.899100","37.503600","191078.299840","544908.459595"
"2025","1156072000","001","구립두암경로당","서울특별시 영등포구 도림로31길 14-1 ","","114.00","68","","20240520","20240930","126.895541","37.493661","190762.340213","543805.724804"
"2025","1159051000","099","동작자원봉사센터","서울특별시 동작구 만양로3길 14","","230.00","20","","20240807","20240930","126.946912","37.508068","195306.130788","545400.935960"
"2025","1159051000","001","한신휴플러스아파트 101동 경로당","서울특별시 동작구 매봉로 99","","33.26","33","","20240520","20240930","126.949975","37.509008","195577.074984","545505.082224"
"2025","1159051000","005","노량진1동주민센터","서울특별시 동작구 노량진로 190","","547.93","50","","20240520","20240930","126.946721","37.512951","195289.603249","545942.885104"
"2025","1159051000","001","대한경로당","서울특별시 동작구 노량진로14길 44","","67.60","50","","20240520","20240930","126.942666","37.511709","194930.998292","545805.249636"
"2025","1159051000","001","노량진1동경로당","서울특별시 동작구 만양로 77","","249.00","50","","20240520","20240930","126.944615","37.510390","195103.252945","545658.754215"
"2025","1159051000","001","충신경로당","서울특별시 동작구 노량진로28길 31","","132.00","60","","20240520","20240930","126.955877","37.511756","196098.998077","545809.747545"
"2025","1159057000","001","한마음경로당","서울특별시 동작구 만양로4길 38","","115.50","29","주소지 : 노량진1동(본동) 관리 : 상도1동","20240520","20240930","126.950237","37.508243","195600.168238","545420.153641"
"2025","1159057000","001","본동에스에이치빌아파트 경로당","서울특별시 동작구 노량진로22길 60","","71.97","40","","20240520","20240930","126.949792","37.510776","195560.999735","545701.249679"
"2025","1159052000","005","노량진2동주민센터","서울특별시 동작구 장승배기로19길 48","","943.00","50","","20240520","20240930","126.937353","37.508519","194460.996129","545451.499833"
"2025","1159052000","001","백송경로당","서울특별시 동작구 노량진로6길 50-14 ","","163.63","40","","20240520","20240930","126.935431","37.510505","194291.248302","545672.002029"
"2025","1159052000","099","동작구청 민원여권과","서울특별시 동작구 장승배기로 161","","231.00","50","","20240520","20240930","126.939470","37.512404","194648.501930","545882.496165"
"2025","1159053000","002","상도은빛복지관","서울특별시 동작구 매봉로 36","","148.00","45","","20240520","20240930","126.951311","37.506508","195695.035949","545227.552293"
"2025","1159053000","099","김영삼도서관","서울특별시 동작구 매봉로 1","","6,045.90","245","","20240520","20240930","126.950020","37.505555","195580.779377","545121.852497"
"2025","1159053000","005","상도1동주민센터","서울특별시 동작구 상도로53길 9","","624.00","50","","20240520","20240930","126.953069","37.498122","195850.001440","544296.746688"
"2025","1159053000","001","상도1동경로당","서울특별시 동작구 상도로38길 86","","155.22","39","","20240520","20240930","126.948221","37.500362","195421.467414","544545.593525"
"2025","1159053000","001","터널경로당","서울특별시 동작구 매봉로 36","","39.00","31","","20240520","20240930","126.951311","37.506519","195695.001202","545228.750973"
"2025","1159053000","001","상도에스에이치빌아파트 경로당","서울특별시 동작구 상도로53길 70","","230.73","58","","20240520","20240930","126.953631","37.501055","195899.858151","544622.224844"
"2025","1159053000","001","청송경로당","서울특별시 동작구 상도로52길 23","","192.72","48","","20240520","20240930","126.951011","37.497211","195668.000061","544195.752437"
"2025","1159053000","001","고경경로당","서울특별시 동작구 상도로53길 27","","206.16","52","","20240520","20240930","126.953415","37.499780","195880.644240","544480.670310"
"2025","1159053000","002","상도종합사회복지관","서울특별시 동작구 상도로39가길 7","","405.60","30","","20240520","20240930","126.949693","37.502493","195551.746614","544782.003100"
"2025","1159054000","005","상도2동주민센터","서울특별시 동작구 상도로 211","","636.00","50","","20240520","20240930","126.942331","37.505495","194901.001880","545115.504375"
"2025","1159054000","001","상도2동경로당","서울특별시 동작구 양녕로36길 13","","346.33","80","","20240520","20240930","126.946193","37.502219","195242.250423","544751.752719"
"2025","1159054000","001","낙원경로당","서울특별시 동작구 상도로30길 73","","177.82","60","","20240520","20240930","126.944846","37.503957","195123.249083","544944.750562"
"2025","1159054000","001","장수경로당","서울특별시 동작구 상도로15길 76","","235.71","80","","20240520","20240930","126.935392","37.503709","194287.282322","544917.713262"
"2025","1159054000","001","래미안1차108동아파트경로당","서울특별시 동작구  등용로  37   (상도동, 상도동래미안1차아파트)","","113.00","60","","20240520","20240930","126.933046","37.505262","194079.995633","545090.254562"
"2025","1159055000","005","상도3동주민센터","서울특별시 동작구 성대로2길 11","","408.63","50","","20240520","20240930","126.931341","37.499206","193928.750475","544418.247506"
"2025","1159055000","001","상도3동경로당","서울특별시 동작구 국사봉1길 221-7 ","","124.25","40","","20240520","20240930","126.936331","37.493452","194369.504267","543779.251657"
"2025","1159055000","001","성대경로당","서울특별시 동작구 상도로13길 16","","180.15","59","","20240520","20240930","126.930276","37.501274","193834.746329","544647.749193"
"2025","1159056000","001","국사봉 경로당","서울특별시 동작구 양녕로20길 56","","71.07","22","","20240628","20240930","126.944138","37.494865","195060.048222","543935.648928"
"2025","1159056000","001","도화경로당","서울특별시 동작구 성대로17길 55","","44.55","27","","20240520","20240930","126.934921","37.499869","194245.332474","544491.595935"
"2025","1159056000","099","약수도서관","서울특별시 동작구 양녕로22바길 64","","598.88","47","","20240520","20240930","126.947385","37.497911","195347.400860","544273.594201"
"2025","1159056000","005","상도4동주민센터","서울특별시 동작구 양녕로27길 44","","574.86","50","","20240520","20240930","126.941336","37.499509","194812.540185","544451.267712"
"2025","1159056000","001","약수경로당","서울특별시 동작구 양녕로 210-10 ","","124.25","20","","20240520","20240930","126.944852","37.499563","195123.493801","544456.995316"
"2025","1159056000","001","성대골경로당","서울특별시 동작구 성대로10나길 1-4 ","","180.15","30","","20240520","20240930","126.934976","37.497312","194249.999792","544207.754346"
"2025","1159056000","001","송학경로당(상도동)","서울특별시 동작구 성대로29길 53","","104.22","30","","20240520","20240930","126.937733","37.500633","194494.050201","544576.166330"
"2025","1159056000","001","상도4동 경로당","서울특별시 동작구 양녕로22바길 95","","89.10","20","","20240520","20240930","126.947006","37.499169","195313.947618","544413.256883"
"2025","1159010500","099","까망돌도서관","서울특별시 동작구 서달로 129","","3,317.10","161","","20240520","20240930","126.960547","37.505092","196511.578961","545070.023150"
"2025","1159057000","002","흑석종합사회복지관","","","52.80","60","","20240520","20240930","126.959377","37.509757","196408.360538","545587.766878"
"2025","1159058000","005","흑석동주민센터","서울특별시 동작구 흑석한강로 11","","736.71","50","","20240520","20240930","126.966591","37.505783","197045.995618","545146.497293"
"2025","1159058000","001","흑석경로당","서울특별시 동작구 서달로13길 17","","389.48","80","","20240520","20240930","126.961876","37.508451","196629.248265","545442.747322"
"2025","1159058000","001","달마경로당","서울특별시 동작구 서달로 54-15 ","","99.08","40","","20240520","20240930","126.961663","37.499085","196610.001155","544403.249658"
"2025","1159059000","001","비개경로당","서울특별시 동작구 현충로12길 106-8 ","","284.75","80","","20240520","20240930","126.968684","37.503998","197230.998700","544948.255024"
"2025","1159060000","001","송림경로당","서울특별시 동작구 서달로2길 29","","82.51","40","","20240520","20240930","126.963214","37.501185","196747.250630","544636.245519"
"2025","1159060500","001","해피경로당","서울특별시 동작구 흑석로13마길 61","","92.27","40","","20240520","20240930","126.958880","37.507416","196364.305286","545327.998211"
"2025","1159062000","005","사당1동주민센터","서울특별시 동작구 동작대로17길 28","","472.27","50","","20240520","20240930","126.978693","37.483153","198115.495828","542634.496385"
"2025","1159062000","001","송학경로당(사당동)","서울특별시 동작구 동작대로9가길 24-4 ","","224.40","56","","20240520","20240930","126.978917","37.479785","198135.250429","542260.755341"
"2025","1159062000","002","사당어르신종합복지관","서울특별시 동작구 남부순환로 2081","","255.84","50","","20240520","20240930","126.979859","37.477053","198218.495945","541957.499428"
"2025","1159062000","001","사당1동경로당","서울특별시 동작구 사당로20길 132","","137.27","30","","20240520","20240930","126.973231","37.478887","197632.272967","542161.228223"
"2025","1159063000","001","사당신동아504동A 경로당","서울특별시 동작구 동작대로29길 118","","41.00","49","","20240520","20240930","126.976817","37.490498","197949.764325","543449.744667"
"2025","1159063000","005","사당2동주민센터","서울특별시 동작구 동작대로29길 52","","866.85","50","","20240520","20240930","126.979246","37.488753","198164.498871","543256.000306"
"2025","1159063000","002","동작이수사회복지관","서울특별시 동작구 동작대로35차길 7","","169.79","60","","20240520","20240930","126.976864","37.493142","197954.001826","543743.248460"
"2025","1159063000","001","배나무골경로당","서울특별시 동작구 동작대로29바길 3","","247.55","80","","20240520","20240930","126.980467","37.489670","198272.503649","543357.752129"
"2025","1159063000","001","남성경로당","서울특별시 동작구 동작대로25길 48","","121.62","80","","20240520","20240930","126.979899","37.485306","198222.247280","542873.505068"
"2025","1159064000","005","사당3동주민센터","서울특별시 동작구 사당로17길 86","","859.00","30","","20240520","20240930","126.972060","37.486665","197528.944926","543024.457496"
"2025","1159064000","001","삼화경로당","서울특별시 동작구 사당로13길 42","","100.20","60","","20240520","20240930","126.971903","37.485938","197515.000199","542943.752051"
"2025","1159064000","001","삼익경로당","서울특별시 동작구 사당로27길 190","","102.00","60","","20240520","20240930","126.972317","37.490181","197551.753699","543414.747051"
"2025","1159064000","001","삼일공원경로당","","","125.50","60","","20240520","20240930","126.974423","37.485756","197737.904007","542923.533312"
"2025","1159064000","001","학수경로당","서울특별시 동작구 사당로27길 217","","62.21","40","","20240520","20240930","126.970689","37.491481","197407.893883","543559.029146"
"2025","1159065000","005","사당4동주민센터","서울특별시 동작구 사당로16아길 6","","271.00","50","","20240520","20240930","126.971627","37.480966","197490.503529","542391.999925"
"2025","1159065000","002","사당종합사회복지관","서울특별시 동작구 사당로14길 20","","41.60","20","","20240520","20240930","126.971502","37.483275","197479.498565","542648.249373"
"2025","1159065000","001","신남성경로당","서울특별시 동작구 사당로16길 56","","258.99","70","","20240520","20240930","126.972023","37.481354","197525.497447","542434.996798"
"2025","1159065000","001","사당4동 경로당","서울특별시 동작구 사당로16라길 9","","144.62","60","","20240520","20240930","126.970324","37.482651","197375.252946","542579.003660"
"2025","1159065100","099","사당솔밭도서관","서울특별시 동작구 솔밭로 86","","1,724.80","280","","20240520","20240930","126.967331","37.484043","197110.579114","542733.562633"
"2025","1159065100","005","사당5동주민센터","서울특별시 동작구 사당로2가길 219","","1,269.50","50","","20240520","20240930","126.967007","37.485632","197082.002686","542909.997167"
"2025","1159065100","001","사당5동구립경로당","서울특별시 동작구 사당로6길 3-8 ","","299.49","80","","20240520","20240930","126.967583","37.486376","197133.000447","542992.498131"
"2025","1159066000","005","대방동주민센터","서울특별시 동작구  여의대방로44길  20   (대방동)","","956.55","50","","20240520","20240930","126.926340","37.508168","193487.246687","545413.248554"
"2025","1159066000","002","동작종합사회복지관","서울특별시 동작구 등용로 47","","115.00","60","","20240520","20240930","126.933343","37.505767","194106.251618","545146.251171"
"2025","1159066000","002","대방종합사회복지관","서울특별시 동작구 여의대방로44길 47","","22.30","15","","20240520","20240930","126.930093","37.510171","193819.254090","545635.247342"
"2025","1159066000","001","대방중앙경로당","서울특별시 동작구 여의대방로24라길 4","","204.36","80","","20240520","20240930","126.922618","37.498115","193157.254380","544297.748015"
"2025","1159066000","001","북대방경로당","서울특별시 동작구 여의대방로54길 24","","122.80","60","","20240520","20240930","126.927798","37.512129","193616.503121","545852.746941"
"2025","1159066000","001","대방주공1단지아파트경로당","서울특별시 동작구 여의대방로44길 47","","154.80","60","","20240520","20240930","126.930273","37.510910","193835.246975","545717.255104"
"2025","1159066000","001","신대방2동경로당","서울특별시 동작구 여의대방로24가길 2","","290.00","72","","20240520","20240930","126.921258","37.498209","193037.001425","544308.247241"
"2025","1159066000","002","동작노인종합복지관","서울특별시 동작구 상도로11길 7","","26.30","25","","20240520","20240930","126.929135","37.500419","193733.747821","544552.997218"
"2025","1159067000","005","신대방1동주민센터","서울특별시 동작구 신대방길 72","","749.49","60","","20240520","20240930","126.910039","37.488945","192044.002870","543280.997552"
"2025","1159067000","001","신대방1동경로당","서울특별시 동작구 신대방1길 18","","162.00","162","","20240520","20240930","126.910660","37.486879","192098.714377","543051.590930"
"2025","1159068000","001","행복경로당","서울특별시 동작구 보라매로9길 54","","65.00","20","","20240520","20240930","126.925952","37.494932","193451.847430","543944.239205"
"2025","1159068000","005","신대방2동주민센터","서울특별시 동작구 여의대방로24길 76","","1,030.00","50","","20240520","20240930","126.924538","37.498407","193327.070339","544329.985072"
"2025","1162052000","001","보라매경로당","서울특별시 관악구 봉천로21길 35","","366.05","46","","20240520","20240930","126.934067","37.488469","194168.966135","543226.386184"
"2025","1162052000","001","당곡경로당","서울특별시 관악구 당곡6길 37","","106.00","14","","20240520","20240930","126.929432","37.492222","193759.354487","543643.194915"
"2025","1162052000","005","보라매동주민센터","서울특별시 관악구 봉천로 279-8 ","","338.00","26","","20240520","20240930","126.932805","37.488167","194057.279067","543192.958210"
"2025","1162052000","002","관악노인종합복지관","서울특별시 관악구 보라매로 35","","424.00","106","","20240520","20240930","126.926328","37.493030","193484.914715","543733.071560"
"2025","1162054500","001","구립청림경로당","서울특별시 관악구 청림2길 37","","309.56","39","","20240520","20240930","126.958287","37.486667","196310.818230","543025.107879"
"2025","1162054500","001","관악푸르지오 삼오경로당","서울특별시 관악구 청림5길 28","","215.00","27","","20240520","20240930","126.960243","37.489525","196483.978508","543342.277740"
"2025","1162054000","005","청림동주민센터","서울특별시 관악구 관악로40길 39","","789.96","22","","20240520","20240930","126.958597","37.491845","196338.531963","543599.796724"
"2025","1162057000","002","봉천종합사회복지관","서울특별시 관악구 관악로 254","","140.00","20","","20240520","20240930","126.957576","37.486685","196247.999396","543027.200304"
"2025","1162056000","001","구암경로당","서울특별시 관악구 은천로23길 19","","122.32","16","","20240520","20240930","126.948078","37.487687","195408.037810","543138.785587"
"2025","1162056500","001","관악드림타운 2단지(아) 경로당","서울특별시 관악구 구암길 106","","301.00","38","","20240520","20240930","126.948056","37.491697","195406.320024","543583.866154"
"2025","1162056500","001","성현동아(아) 2단지 경로당","서울특별시 관악구 관악로37길 20","","76.00","10","","20240520","20240930","126.956243","37.487961","196130.137774","543168.840148"
"2025","1162056500","001","성현경로당","서울특별시 관악구 은천로35길 40-3 ","","479.00","60","","20240520","20240930","126.954203","37.488021","195949.732985","543175.596261"
"2025","1162056000","005","성현동주민센터","서울특별시 관악구 구암길 38","","358.08","32","","20240520","20240930","126.948177","37.489513","195416.896119","543341.509318"
"2025","1162056000","002","강감찬관악종합사회복지관","서울특별시 관악구 양녕로 70","","24.00","6","","20240520","20240930","126.946584","37.488169","195275.956544","543192.377341"
"2025","1162057000","001","신창경로당","서울특별시 관악구 행운1길 12","","121.00","15","","20240520","20240930","126.958589","37.479951","196337.235023","542279.753589"
"2025","1162057500","001","봉천우성(아) 109,110동 경로당","서울특별시 관악구 관악로30길 40","","93.00","12","","20240520","20240930","126.961191","37.484758","196567.599448","542813.168674"
"2025","1174051500","001","강일리버파크11단지경로당","서울특별시 강동구 고덕로97길 100","","228.81","69","2024.8.14. 휴지","20240601","20240930","127.180025","37.562733","215905.470295","551481.899224"
"2025","1174052000","001","상일1동 제2경로당","서울특별시 강동구 상암로 413","","110.70","34","","20240601","20240930","127.168724","37.545771","214910.397599","549597.476263"
"2025","1174052000","002","한국시각장애인복지관","서울특별시 강동구 구천면로 645","","1,000.00","434","","20240601","20240930","127.169246","37.551042","214955.465554","550182.577298"
"2025","1174052000","099","강동아트센터","서울특별시 강동구 동남로 870","","92.74","28","","20240601","20240930","127.157119","37.551317","213883.781815","550211.283271"
"2025","1174052000","001","상일동경로당","서울특별시 강동구 상일로5길 26","","101.20","31","","20240601","20240930","127.171469","37.549273","215152.250910","549986.606382"
"2025","1174052000","005","상일1동주민센터","서울특별시 강동구 구천면로 633","","198.00","60","","20240601","20240930","127.168258","37.550596","214868.258091","550132.897698"
"2025","1174052000","008","하나은행 고덕역(출)지점","서울특별시 강동구 동남로 892","","200.00","61","","20240601","20240930","127.157406","37.553559","213908.770147","550460.127868"
"2025","1174052000","008","서울강동새마을금고상일동 본점","서울특별시 강동구 천호대로 1461","","200.00","61","","20240601","20240930","127.170443","37.546017","215062.249887","549625.086598"
"2025","1174052000","001","게내경로당","서울특별시 강동구 천호대로219길 72","","474.15","144","","20240601","20240930","127.171081","37.548984","215118.058112","549954.446226"
"2025","1174052600","001","강동리엔파크13단지 경로당","서울특별시 강동구 고덕로98길 161","","232.05","70","","20240601","20240930","127.181565","37.551918","216043.814784","550281.889439"
"2025","1174052600","001","강동리엔파크14단지 경로당","서울특별시 강동구 고덕로98길 160","","233.32","71","","20240601","20240930","127.180505","37.551427","215950.297489","550227.191765"
"2025","1174052600","001","강동리엔파크11단지 경로당","서울특별시 강동구 고덕로98길 101","","100.00","30","","20240601","20240930","127.180907","37.553758","215985.348890","550485.929131"
"2025","1174052600","001","강동리엔파크9단지 경로당","서울특별시 강동구 고덕로98길 29","","100.00","30","","20240601","20240930","127.180985","37.557251","215991.476900","550873.690831"
"2025","1174052000","005","상일2동 주민센터","","","456.00","138","","20240601","20240930","127.179744","37.555145","215882.271688","550639.683702"
"2025","1174051500","001","고덕리엔파크3단지경로당","서울특별시 강동구 상일로 74","","482.34","146","","20240601","20240930","127.174493","37.551883","215418.971698","550276.743834"
"2025","1174051500","008","우리은행 삼성엔지니어링 사옥","서울특별시 강동구 상일로6길 26","","217.40","66","","20240601","20240930","127.174846","37.548778","215450.778654","549932.228027"
"2025","1174051500","008","국민은행 상일동지점","서울특별시 강동구 상일로10길 36","","301.67","91","","20240601","20240930","127.174167","37.551010","215390.317783","550179.875411"
"2025","1174051500","007","강일동성당","서울특별시 강동구 고덕로 476","","50.00","15","","20240601","20240930","127.178579","37.557881","215778.763668","550943.140249"
"2025","1174053000","008","우리은행 명일동지점","서울특별시 강동구 양재대로 1618","","35.00","11","","20240601","20240930","127.144200","37.549900","212742.462481","550052.172583"
"2025","1174053000","001","명일1동경로당","서울특별시 강동구 양재대로138길 29","","101.20","31","","20240601","20240930","127.145607","37.549940","212866.796305","550056.803757"
"2025","1174053000","001","샘물경로당","서울특별시 강동구 천중로49길 104","","94.34","29","","20240601","20240930","127.144715","37.545263","212788.798809","549537.602192"
"2025","1174053000","005","명일1동주민센터","서울특별시 강동구 양재대로 1634","","132.00","40","","20240601","20240930","127.144200","37.551400","212742.207118","550218.654707"
"2025","1174053000","008","국민은행 명일동지점","서울특별시 강동구 양재대로 1661","","293.72","89","","20240601","20240930","127.143944","37.553856","212719.203682","550491.195815"
"2025","1174053000","008","신한은행 굽은다리역지점","서울특별시 강동구 양재대로 1568","","50.00","15","","20240601","20240930","127.143300","37.545400","212663.693761","549552.604866"
"2025","1174053000","008","신한은행 명일역지점","서울특별시 강동구 구천면로 427","","50.00","15","","20240601","20240930","127.146147","37.550505","212914.399091","550119.597135"
"2025","1174053000","008","하나은행 굽은다리역지점","서울특별시 강동구 양재대로 1566","","50.00","15","","20240601","20240930","127.143181","37.545225","212653.198189","549533.199231"
"2025","1174053000","008","강동농협 명일역지점","서울특별시 강동구 양재대로 1655","","200.00","61","","20240601","20240930","127.143875","37.553562","212713.121286","550458.567012"
"2025","1174054000","008","국민은행 고덕역지점","서울특별시 강동구 고덕로 254","","357.31","108","","20240601","20240930","127.153665","37.554644","213577.992120","550580.014152"
"2025","1174054000","001","원터골경로당","서울특별시 강동구 동남로65길 46-8 ","","186.30","56","","20240601","20240930","127.153670","37.548164","213579.600744","549860.800816"
"2025","1174054000","005","명일2동주민센터","서울특별시 강동구 상암로 260","","253.00","77","","20240601","20240930","127.151353","37.546365","213375.198414","549660.801251"
"2025","1174054000","008","우리은행 고덕지점","서울특별시 강동구 동남로71길 19","","33.00","10","","20240601","20240930","127.154677","37.551482","213667.999805","550229.205224"
"2025","1174067000","099","이마트 명일점","서울특별시 강동구 고덕로 276","","999.00","303","","20240601","20240930","127.155612","37.554706","213750.001984","550587.200602"
"2025","1174054000","002","시립강동노인종합복지관","서울특별시 강동구 동남로71길 32-5 ","","1,000.00","1243","","20240601","20240930","127.154337","37.552301","213637.797672","550320.077297"
"2025","1174051500","008","농협 명일동지점","서울특별시 강동구 고덕로 262","","200.00","61","","20240601","20240930","127.154600","37.554600","213660.617714","550575.277238"
"2025","1174055000","002","서울장애인종합복지관","서울특별시 강동구 고덕로 201","","100.00","30","","20240601","20240930","127.148272","37.555808","213101.230782","550708.394630"
"2025","1174055000","001","고일경로당","서울특별시 강동구 아리수로64길 29","","101.20","31","","20240601","20240930","127.153773","37.560864","213586.396854","551270.398723"
"2025","1174055000","005","고덕1동주민센터","서울특별시 강동구 양재대로156길 123","","226.00","68","","20240601","20240930","127.151507","37.557281","213386.801866","550872.402632"
"2025","1174055000","002","성가정노인종합복지관","서울특별시 강동구 양재대로156길 28","","776.40","235","","20240601","20240930","127.146507","37.556065","212945.257931","550736.729595"
"2025","1174055000","099","고덕대우아파트 관리사무소","서울특별시 강동구 양재대로 1716","","19.80","6","","20240601","20240930","127.144756","37.558899","212790.056285","551051.030484"
"2025","1174056000","099","온조대왕문화체육관","서울특별시 강동구 고덕로 285","","1,000.00","333","","20240601","20240930","127.157438","37.556737","213910.998184","550812.830841"
"2025","1174056000","001","고덕2동경로당","서울특별시 강동구 상일로21길 14-7 ","","102.56","31","","20240601","20240930","127.169494","37.560039","214975.597244","551181.199928"
"2025","1174056000","005","고덕2동주민센터","서울특별시 강동구 아리수로78길 43-12 ","","260.00","79","","20240601","20240930","127.164357","37.560508","214521.601731","551232.402910"
"2025","1174056000","001","방죽말경로당","서울특별시 강동구 아리수로72길 60-16 ","","51.73","16","","20240601","20240930","127.162752","37.561652","214379.599848","551359.204500"
"2025","1174057000","001","새장터경로당","서울특별시 강동구 암사1가길 16","","101.20","31","","20240601","20240930","127.130578","37.552127","211538.397707","550297.594998"
"2025","1174057000","001","복지말경로당","서울특별시 강동구 고덕로16길 46","","99.50","30","","20240601","20240930","127.132956","37.552604","211748.399448","550350.797484"
"2025","1174057000","001","강암경로당","서울특별시 강동구 상암로15길 38-15 ","","162.94","49","","20240601","20240930","127.132065","37.550457","211670.002382","550112.395087"
"2025","1174057000","001","암사1동제1경로당","서울특별시 강동구 구천면로59길 19","","173.56","43","","20240601","20240930","127.137941","37.550775","212189.197941","550148.401656"
"2025","1174057000","001","암사1동제2경로당","서울특별시 강동구 고덕로24길 23","","90.00","27","","20240601","20240930","127.135719","37.553639","211992.399486","550465.996908"
"2025","1174057000","001","암사1동제3경로당","서울특별시 강동구 암사13길 13-3 ","","147.00","45","","20240601","20240930","127.136744","37.552592","212083.201537","550350.001385"
"2025","1174057000","001","장생경로당","서울특별시 강동구 상암로23길 7-10 ","","54.15","16","","20240601","20240930","127.133794","37.548022","211823.198205","549842.399670"
"2025","1174057000","005","암사1동주민센터","서울특별시 강동구 올림픽로98가길 57","","299.00","91","","20240601","20240930","127.132641","37.551480","211720.802855","550225.996533"
"2025","1174057000","008","강동농협 선사지점","서울특별시 강동구 올림픽로 802","","60.00","18","","20240601","20240930","127.128669","37.552540","211369.603916","550343.200423"
"2025","1174057000","008","강동농협 본점지점","서울특별시 강동구 구천면로 331","","258.00","78","","20240601","20240930","127.136100","37.549100","212026.821270","549962.315094"
"2025","1174057000","008","강동신용협동조합암사본점","서울특별시 강동구 올림픽로 796","","50.00","15","","20240601","20240930","127.128537","37.552075","211358.001633","550291.597188"
"2025","1174057000","099","암사도서관","서울특별시 강동구 고덕로20길 42","","100.00","30","","20240601","20240930","127.133316","37.552789","211780.216433","550371.430880"
"2025","1174058000","008","국민은행 암사역지점","서울특별시 강동구 올림픽로 767","","345.22","105","","20240601","20240930","127.127002","37.549594","211222.779032","550016.018209"
"2025","1174058000","001","암사2동제2경로당","서울특별시 강동구 상암로 12-19 ","","111.21","34","","20240601","20240930","127.125545","37.550021","211094.000439","550063.203923"
"2025","1174058000","005","암사2동주민센터","서울특별시 강동구 상암로3길 28","","204.00","62","","20240601","20240930","127.127273","37.551706","211246.400378","550250.401876"
"2025","1174058000","008","우리은행 암사역지점","서울특별시 강동구 올림픽로 769","","65.40","20","","20240601","20240930","127.127179","37.549965","211238.399646","550057.204867"
"2025","1174059000","001","구암경로당","서울특별시 강동구 고덕로 109","","175.61","53","","20240601","20240930","127.137500","37.555000","212149.578089","550617.324905"
"2025","1174059000","001","서원마을경로당","서울특별시 강동구 올림픽로 936","","113.00","34","","20240601","20240930","127.133379","37.564006","211783.999014","551616.404658"
"2025","1174059000","005","암사3동주민센터","서울특별시 강동구 고덕로 137","","320.00","97","","20240601","20240930","127.140782","37.554995","212439.596125","550617.199250"
"2025","1174060000","001","천호1경로당","서울특별시 강동구 구천면로36길 9-4 ","","130.56","40","","20240601","20240930","127.132418","37.542939","211702.397324","549277.997971"
"2025","1174060000","001","십자성경로당","서울특별시 강동구 상암로28길 24","","80.46","24","","20240601","20240930","127.137066","37.545077","212112.861792","549515.945497"
"2025","1174060000","001","소망경로당","서울특별시 강동구 구천면로68나길 18","","95.98","29","","20240601","20240930","127.141703","37.548503","212522.000485","549896.797791"
"2025","1174060000","005","천호1동주민센터","서울특별시 강동구 구천면로42길 59","","275.00","83","","20240601","20240930","127.136798","37.545020","212089.196035","549509.595802"
"2025","1174060000","008","국민은행 굽은다리역 지점","서울특별시 강동구 양재대로 1553","","425.99","129","","20240601","20240930","127.142088","37.544362","212556.796456","549437.203555"
"2025","1174067000","099","홈플러스 강동점","서울특별시 강동구 양재대로 1571","","999.00","303","","20240601","20240930","127.142254","37.545713","212571.204140","549587.203734"
"2025","1174060000","008","새마을금고 천호지점","서울특별시 강동구 구천면로 290","","200.00","61","","20240601","20240930","127.133644","37.545592","211810.361676","549572.624540"
"2025","1162071000","001","난향경로당","서울특별시 관악구 난곡로9길 29-2 ","","97.00","12","","20240520","20240930","126.918133","37.464043","192757.439078","540516.544277"
"2025","1162071500","001","국회단지경로당","서울특별시 관악구 난향9길 59-1 ","","206.00","26","","20240520","20240930","126.914970","37.460303","192477.205170","540101.681035"
"2025","1162071500","001","신림SH빌(아)경로당","서울특별시 관악구 난곡로 80","","64.00","8","","20240520","20240930","126.919834","37.462420","192907.734188","540336.261798"
"2025","1162071000","005","난향동주민센터","서울특별시 관악구 난곡로 67","","697.90","56","","20240520","20240930","126.918834","37.461520","192819.187214","540236.460934"
"2025","1162071000","002","신림종합사회복지관","서울특별시 관악구 난곡로 110","","400.00","50","","20240520","20240930","126.919862","37.464836","192910.404078","540604.402816"
"2025","1162072000","001","구립강남경로당","서울특별시 관악구 조원로4길 24","","191.73","24","","20240520","20240930","126.904702","37.482337","191571.228766","542548.005688"
"2025","1162072500","001","조원경로당","서울특별시 관악구 조원로 48","","93.00","12","","20240520","20240930","126.907749","37.483492","191840.867950","542675.949164"
"2025","1162072000","005","조원동주민센터","서울특별시 관악구 조원로12길 25","","2,668.93","29","","20240520","20240930","126.907808","37.482588","191845.970315","542575.656439"
"2025","1162073000","001","구립대학경로당","서울특별시 관악구 대학12길 16","","96.00","12","","20240520","20240930","126.936988","37.466638","194425.639899","540803.249042"
"2025","1162073000","005","대학동주민센터","서울특별시 관악구 신림로 111","","1,184.00","35","","20240520","20240930","126.936964","37.470602","194423.828883","541243.200791"
"2025","1162074500","001","돌샘경로당","서울특별시 관악구 호암로18나길 5","","143.60","18","","20240520","20240930","126.932874","37.465291","194061.598053","540653.968460"
"2025","1162074500","001","주공2단지(아)경로당","서울특별시 관악구 광신길 86","","142.00","18","","20240520","20240930","126.926697","37.463915","193515.031279","540501.691819"
"2025","1162074500","001","원신경로당","서울특별시 관악구 양지10길 15-1 ","","214.00","27","","20240520","20240930","126.927994","37.470450","193630.328750","541226.899713"
"2025","1162074500","001","주공1단지(아)경로당","서울특별시 관악구 광신길 160","","106.00","13","","20240520","20240930","126.927911","37.465935","193622.603008","540725.801459"
"2025","1162070000","005","삼성동주민센터","서울특별시 관악구 호암로 589","","210.25","29","","20240520","20240930","126.932972","37.470099","194070.691761","541187.618394"
"2025","1162074500","002","성민종합복지관","서울특별시 관악구 호암로 549","","156.00","36","","20240520","20240930","126.931272","37.466796","193919.970318","540821.182933"
"2025","1162075000","001","미성경로당","서울특별시 관악구 난곡로58길 11","","97.20","12","","20240520","20240930","126.915744","37.480057","192547.599790","542294.002605"
"2025","1162076500","001","삼성경로당","서울특별시 관악구 난곡로63가길 47","","112.00","14","","20240520","20240930","126.914510","37.478851","192438.376489","542160.295401"
"2025","1162076500","001","약수경로당","서울특별시 관악구 미성길 123","","120.00","20","","20240520","20240930","126.912226","37.471838","192235.630293","541382.132191"
"2025","1162076500","001","하난곡경로당","서울특별시 관악구 난우10가길 20-7 ","","198.00","25","","20240520","20240930","126.919933","37.476792","192917.848712","541931.352224"
"2025","1162075000","005","미성동주민센터","서울특별시 관악구 난곡로 249","","300.00","20","","20240520","20240930","126.915558","37.476190","192530.790005","541864.898510"
"2025","1162067000","001","난곡경로당","서울특별시 관악구 난곡로31길 38","","305.00","38","","20240520","20240930","126.918345","37.470439","192776.774282","541226.397359"
"2025","1162077500","001","무궁화경로당","서울특별시 관악구 난곡로26다길 17","","246.00","31","","20240520","20240930","126.924517","37.470009","193322.704257","541178.239900"
"2025","1162077500","001","법원경로당","서울특별시 관악구 법원단지25길 15","","188.00","24","","20240520","20240930","126.922893","37.475802","193179.579099","541821.245876"
"2025","1162077500","001","우림경로당","서울특별시 관악구 난곡로24가길 19-4 ","","268.00","34","","20240520","20240930","126.921772","37.469943","193079.882035","541171.068540"
"2025","1162067000","005","난곡동주민센터","서울특별시 관악구 난곡로30길 40","","836.94","23","","20240520","20240930","126.921642","37.471012","193068.516167","541289.667154"
"2025","1165051000","002","중앙노인종합복지관","서울특별시 서초구 서초대로54길 45","","155.00","10","9.16.(월)~9.18.(수) 미운영","20240520","20240930","127.016803","37.492289","201485.965520","543648.435627"
"2025","1165051000","005","서초1동주민센터","서울특별시 서초구 사임당로 89","","197.00","20","9.16.(월)~9.18.(수) 미운영","20240520","20240930","127.019443","37.490140","201719.481960","543409.969784"
"2025","1165051000","001","서초1동 경로당","서울특별시 서초구 효령로68길 49-3 ","","198.00","25","","20240520","20240930","127.022490","37.485434","201989.074489","542887.725876"
"2025","1165052000","099","서초청소년도서관","서울특별시 서초구 서운로 62","","20.00","6","매주 금요일, 법정 공휴일 휴관","20240520","20240930","127.028518","37.491477","202521.976913","543558.541460"
"2025","1165052000","001","서초2동 경로당","서울특별시 서초구 강남대로45길 17-2 ","","179.00","30","","20240520","20240930","127.030892","37.487959","202732.042074","543168.122681"
"2025","1165052000","099","서초구청 1층","서울특별시 서초구 남부순환로 2584","","24.60","7","","20240520","20240930","127.032667","37.483634","202889.233198","542688.213382"
"2025","1165052000","005","서초2동 주민센터","서울특별시 서초구 서초대로70길 51","","2,383.00","50","9.16.(월)~9.18.(수) 미운영","20240520","20240930","127.024932","37.492049","202204.821550","543621.991419"
"2025","1165053000","099","롯데마트 서초점","서울특별시 서초구 서초대로38길 12","","50.00","15","매월 둘째/넷째주 수요일 휴무","20240614","20240930","127.006121","37.490379","200541.348115","543436.291282"
"2025","1165053000","001","서초구립 하명달 경로당","서울특별시 서초구 반포대로23길 51-6 ","","82.00","15","","20240520","20240930","127.005776","37.488583","200510.849649","543237.034683"
"2025","1165053000","001","서초느티나무쉼터","서울특별시 서초구 반포대로1길 53-3 ","","697.22","10","","20240520","20240930","127.010880","37.482815","200962.253891","542596.902930"
"2025","1165053000","005","서초3동 주민센터","서울특별시 서초구 반포대로 34","","690.00","30","9.16.(월)~9.18.(수) 미운영","20240520","20240930","127.012041","37.483660","201064.953905","542690.621521"
"2025","1165053000","001","예술의마을 경로당","서울특별시 서초구 남부순환로323길 44-15 ","","79.00","15","","20240520","20240930","127.014476","37.483255","201280.367898","542645.768822"
"2025","1165053000","001","서초3동 경로당(서초느티나무쉼터)","서울특별시 서초구 반포대로1길 53-3 ","","150.38","15","","20240520","20240930","127.010874","37.482812","200961.776322","542596.581013"
"2025","1165053100","005","서초4동 주민센터","서울특별시 서초구 서운로26길 3","","86.31","26","9.16.(월)~9.18.(수) 미운영","20240520","20240930","127.022180","37.502692","201961.179438","544803.076260"
"2025","1165053100","001","명달 경로당","서울특별시 서초구 서운로23길 17","","132.00","33","","20240520","20240930","127.020982","37.498531","201855.396719","544341.257061"
"2025","1165053100","001","장안 경로당","서울특별시 서초구 서초대로55길 13","","172.00","43","","20240520","20240930","127.015340","37.495916","201356.475977","544050.952015"
"2025","1165054000","001","서초구립 주흥경로당","서울특별시 서초구 신반포로41길 30","","91.00","15","","20240520","20240930","127.016606","37.511160","201468.209738","545742.825153"
"2025","1165054000","005","잠원동 주민센터","서울특별시 서초구 나루터로 38","","1,943.00","20","9.16.(월)~9.18.(수) 미운영","20240520","20240930","127.013964","37.514958","201234.535401","546164.316907"
"2025","1165054000","001","잠원동 경로당","서울특별시 서초구 강남대로107길 24","","214.00","20","","20240520","20240930","127.017314","37.517879","201530.641882","546488.560177"
"2025","1165056000","099","서초구립반포도서관","서울특별시 서초구 고무래로 34","","20.00","6","매주 월요일, 법정 공휴일 휴관","20240520","20240930","127.012508","37.502483","201105.953465","544779.766747"
"2025","1165056000","005","반포1동 주민센터","서울특별시 서초구 사평대로 273","","650.00","50","9.16.(월)~9.18.(수) 미운영","20240520","20240930","127.013398","37.505095","201184.670124","545069.709212"
"2025","1165056000","001","반포복지관 경로당","서울특별시 서초구 사평대로55길 90","","117.00","30","","20240520","20240930","127.021265","37.507866","201880.169809","545377.382736"
"2025","1165056000","001","반포1동경로당","서울특별시 서초구 사평대로55길 90","","115.00","20","","20240520","20240930","127.021278","37.507896","201881.309632","545380.679313"
"2025","1165010700","001","반포느티나무쉼터","서울특별시 서초구 신반포로 127","","119.00","15","","20240601","20240930","126.998252","37.504368","199845.414802","544988.938675"
"2025","1165057000","005","반포2동 주민센터","","","60.00","10","9.16.(월)~9.18.(수) 미운영","20240520","20240930","126.998222","37.504383","199842.806435","544990.592432"
"2025","1165057000","001","반포2동 경로당","서울특별시 서초구 신반포로15길 28","","231.00","30","","20240520","20240930","126.994826","37.505077","199542.517729","545067.606391"
"2025","1165058000","099","킴스클럽 강남점","서울특별시 서초구 잠원로 51","","60.00","18","매월 둘째/넷째주 월요일 휴무","20240614","20240930","127.007221","37.509705","200638.437487","545581.233666"
"2025","1165058000","002","반포종합사회복지관","서울특별시 서초구 신반포로33길 22","","20.00","6","","20240520","20240930","127.010976","37.509979","200970.437343","545611.720662"
"2025","1165058000","005","반포3동 주민센터","서울특별시 서초구 신반포로23길 78","","270.00","30","9.16.(월)~9.18.(수) 미운영","20240520","20240930","127.005554","37.512079","200491.044637","545844.740670"
"2025","1165058100","005","반포4동 주민센터","서울특별시 서초구 사평대로28길 70","","612.00","15","9.16.(월)~9.18.(수) 미운영","20240520","20240930","127.000306","37.497455","200027.076790","544221.617187"
"2025","1165058100","001","반포4동 경로당","서울특별시 서초구 사평대로26길 9-14 ","","49.00","10","","20240520","20240930","126.999471","37.499629","199953.213866","544462.980724"
"2025","1165059000","001","서초구립 기녕당 경로당","서울특별시 서초구 방배중앙로 159-6 ","","110.00","15","","20240520","20240930","126.985930","37.493331","198755.778729","543764.044340"
"2025","1165059000","005","방배본동 주민센터","서울특별시 서초구 동광로19길 38","","60.00","10","9.16.(월)~9.18.(수) 미운영","20240520","20240930","126.988826","37.494118","199011.891956","543851.334509"
"2025","1165060000","099","서초방배숲환경도서관","서울특별시 서초구 서초대로 160-7 ","","20.00","6","매주 금요일, 법정 공휴일 휴관","20240520","20240930","127.000121","37.489004","200010.718735","543283.688978"
"2025","1165060000","005","방배1동 주민센터","서울특별시 서초구 효령로29길 43","","30.00","10","9.16.(월)~9.18.(수) 미운영","20240520","20240930","126.994505","37.483370","199513.959068","542658.436952"
"2025","1165060000","001","방배1동제1경로당","서울특별시 서초구 서초대로 114-8 ","","30.00","10","","20240520","20240930","126.994713","37.487558","199532.443646","543123.181867"
"2025","1165061000","002","까리따스방배종합사회복지관","서울특별시 서초구 남부순환로 2124","","20.00","6","","20240520","20240930","126.984229","37.474688","198604.980553","541694.920258"
"2025","1165061000","005","방배2동 주민센터","서울특별시 서초구 청두곶길 36","","499.00","30","9.16.(월)~9.18.(수) 미운영","20240520","20240930","126.985551","37.479765","198722.031429","542258.347208"
"2025","1165061000","002","방배노인종합 복지관","서울특별시 서초구 방배천로 48","","139.50","35","9.16.(월)~9.18.(수) 미운영","20240520","20240930","126.982805","37.480744","198479.116421","542367.055073"
"2025","1165061000","001","방배2동 제2경로당","서울특별시 서초구 방배천로16길 5","","185.00","25","","20240520","20240930","126.983083","37.482245","198503.717248","542533.641643"
"2025","1165062000","001","방배3동 제2경로당","서울특별시 서초구 남부순환로287길 17-4 ","","113.00","20","","20240520","20240930","126.987399","37.476539","198885.420147","541900.358568"
"2025","1165062000","001","방배느티나무쉼터","서울특별시 서초구 남부순환로287길 17-6 ","","535.00","8","","20240520","20240930","126.987275","37.476529","198874.451806","541899.205783"
"2025","1165062000","005","방배3동 주민센터","서울특별시 서초구 방배로 40","","354.00","20","9.16.(월)~9.18.(수) 미운영","20240520","20240930","126.999991","37.478448","199999.168562","542112.113046"
"2025","1165062100","005","방배4동 주민센터","서울특별시 서초구 방배로 173","","552.59","20","9.16.(월)~9.18.(수) 미운영","20240520","20240930","126.992238","37.488989","199313.558616","543282.063565"
"2025","1165062100","001","방배4동 경로당","서울특별시 서초구 방배중앙로19길 4","","146.00","30","","20240520","20240930","126.986911","37.489957","198842.470899","543389.584291"
"2025","1165065100","002","우면종합사회복지관","서울특별시 서초구 바우뫼로7길 11","","20.00","6","","20240520","20240930","127.024205","37.470183","202141.162123","541195.150915"
"2025","1165065100","002","양재종합사회복지관","서울특별시 서초구 남부순환로 2610","","20.00","6","","20240520","20240930","127.036202","37.484545","203201.864180","542789.436657"
"2025","1165065100","099","서초구립양재도서관","서울특별시 서초구 양재천로 33","","20.00","6","매주 금요일, 법정 공휴일 휴관","20240520","20240930","127.033576","37.473692","202970.049472","541584.768105"
"2025","1165065100","001","서초구립 암산 경로당","서울특별시 서초구 바우뫼로7길 84","","97.00","20","","20240520","20240930","127.024482","37.473555","202165.577274","541569.381563"
"2025","1165065100","001","서초구립 우면주공아파트 경로당","서울특별시 서초구 바우뫼로7길 11","","141.00","20","","20240520","20240930","127.024236","37.470269","202143.893125","541204.596567"
"2025","1165065100","001","서초구립 송동마을 경로당","서울특별시 서초구 송동길 27","","151.00","20","","20240520","20240930","127.017126","37.460170","201515.142796","540083.629176"
"2025","1165065100","001","서초구립 우면동 경로당","서울특별시 서초구 바우뫼로4길 6","","195.00","20","","20240520","20240930","127.025483","37.469417","202254.264331","541110.065219"
"2025","1165065100","001","양재느티나무쉼터","서울특별시 서초구 바우뫼로41길 72-9 ","","487.29","5","","20240520","20240930","127.040532","37.483856","203584.831686","542713.067342"
"2025","1165065100","005","양재1동 주민센터","서울특별시 서초구 바우뫼로 41","","70.00","21","9.16.(월)~9.18.(수) 미운영","20240520","20240930","127.026688","37.471638","202360.817118","541356.617929"
"2025","1165065100","002","양재노인종합복지관","서울특별시 서초구 강남대로30길 73-7 ","","100.00","22","9.16.(월)~9.18.(수) 미운영","20240520","20240930","127.040791","37.483029","203607.778529","542621.391096"
"2025","1165065100","001","말죽거리 경로당","서울특별시 서초구 바우뫼로41길 72-9 ","","141.00","20","","20240520","20240930","127.040493","37.483832","203581.339250","542710.457651"
"2025","1165065200","099","이마트 양재점","서울특별시 서초구 매헌로 16","","30.30","9","매월 둘째/넷째주 수요일 휴무","20240614","20240930","127.036929","37.463448","203267.063236","540447.933917"
"2025","1165065200","099","서초종합체육관","서울특별시 서초구 양재대로12길 73-48 ","","17.00","5","","20240520","20240930","127.041659","37.458983","203685.738557","539952.554583"
"2025","1165065200","001","서초구립 새원마을 경로당","서울특별시 서초구 새원3길 8","","134.00","20","","20240520","20240930","127.049973","37.453897","204421.582571","539388.458548"
"2025","1165065200","005","양재2동 주민센터","서울특별시 서초구 강남대로12길 44","","104.00","31","9.16.(월)~9.18.(수) 미운영","20240520","20240930","127.041212","37.470657","203645.623871","541248.236604"
"2025","1165065200","001","잔디마을 경로당","서울특별시 서초구 매헌로6길 58","","82.00","30","","20240520","20240930","127.035506","37.466251","203141.019851","540759.002522"
"2025","1165065200","001","동산마을경로당","서울특별시 서초구 동산로12길 8","","200.00","30","","20240520","20240930","127.045065","37.471354","203986.423389","541325.761408"
"2025","1165066000","099","서초구립내곡도서관","서울특별시 서초구 청계산로7길 9-20 ","","20.00","6","매주 월요일, 법정 공휴일 휴관","20240520","20240930","127.054415","37.452010","204814.704206","539179.256466"
"2025","1165066000","001","서초구립 샘마을 경로당","서울특별시 서초구 샘마을길 8","","134.00","10","","20240520","20240930","127.071484","37.458219","206324.534002","539869.390035"
"2025","1165066000","001","서초구립 염곡경로당","서울특별시 서초구 염곡말길 9","","165.00","20","","20240520","20240930","127.050506","37.461772","204468.282577","540262.511549"
"2025","1165066000","001","서초구립 홍씨마을 경로당","서울특별시 서초구 홍씨마을길 25","","165.00","20","","20240520","20240930","127.065520","37.453189","205797.214866","539310.723429"
"2025","1165066000","001","청룡마을 경로당","서울특별시 서초구 청룡마을4길 15","","106.14","10","","20240520","20240930","127.058001","37.447423","205132.322910","538670.385787"
"2025","1165066000","001","내곡느티나무쉼터","서울특별시 서초구 염곡말길 9","","164.84","20","9.16.(월)~9.18.(수) 미운영","20240520","20240930","127.050688","37.461730","204484.351342","540257.836555"
"2025","1165066000","005","내곡동 주민센터","서울특별시 서초구 청계산로15길 77","","119.00","30","9.16.(월)~9.18.(수) 미운영","20240520","20240930","127.058312","37.449301","205159.722356","538878.845732"
"2025","1165066000","001","본마을 경로당","서울특별시 서초구 본마을2길 2","","160.00","30","","20240520","20240930","127.053452","37.454446","204729.422277","539449.570044"
"2025","1165066000","001","능안마을 경로당","서울특별시 서초구 능안말2길 13","","144.28","10","","20240520","20240930","127.066278","37.454580","205864.209937","539465.207643"
"2025","1168051000","005","신사동주민센터","서울특별시 강남구 압구정로 128","","157.00","40","","20240520","20240930","127.022797","37.523974","202015.199033","547165.198506"
"2025","1168052100","099","안전숙소1(베스트웨스턴 강남호텔)","서울특별시 강남구 봉은사로 139","","33.00","10","","20240717","20240930","127.029801","37.506369","202634.978209","545211.461925"
"2025","1168052100","005","논현1동주민센터","서울특별시 강남구 학동로20길 25","","65.00","20","","20240520","20240930","127.028507","37.511452","202520.359140","545775.530053"
"2025","1168052100","002","논현노인종합복지관","서울특별시 강남구 강남대로128길 59","","1,631.00","20","","20240520","20240930","127.026056","37.512036","202303.625856","545840.239385"
"2025","1168053100","005","논현2동주민센터","서울특별시 강남구 학동로43길 17","","832.00","50","","20240520","20240930","127.037188","37.517278","203287.598798","546422.398968"
"2025","1168054500","001","로데오현대경로당","서울특별시 강남구 압구정로50길 28","","331.00","100","","20240717","20240930","127.037019","37.526570","203272.287875","547453.666332"
"2025","1168054500","002","압구정노인복지관","서울특별시 강남구 도산대로53길 5","","68.32","21","","20240520","20240930","127.038193","37.523524","203376.155624","547115.639833"
"2025","1168054000","005","압구정동 주민센터","서울특별시 강남구 압구정로 201","","203.00","20","","20240520","20240930","127.030651","37.530618","202709.203579","547902.797053"
"2025","1168054500","001","압구정1동 경로당","서울특별시 강남구 언주로157길 8","","98.00","30","","20240520","20240930","127.032241","37.523961","202849.978203","547163.944384"
"2025","1168056500","099","정다운도서관","서울특별시 강남구 학동로67길 11","","33.00","10","","20240717","20240930","127.046450","37.519074","204106.308140","546622.129571"
"2025","1168056000","005","청담동주민센터","서울특별시 강남구 압구정로79길 26","","50.00","15","","20240520","20240930","127.049317","37.525082","204359.383344","547289.015744"
"2025","1168058000","005","삼성1동주민센터","서울특별시 강남구 봉은사로 616","","33.00","10","","20240520","20240930","127.062524","37.514325","205527.629880","546095.851341"
"2025","1168054000","001","봉전경로당","서울특별시 강남구 봉은사로68길 39-3 ","","110.00","33","","20240520","20240930","127.051901","37.509863","204588.800823","545599.999575"
"2025","1168059000","005","삼성2동주민센터","서울특별시 강남구 봉은사로 419","","786.00","40","","20240520","20240930","127.045991","37.511167","204066.186671","545744.555021"
"2025","1168060000","005","대치1동주민센터","서울특별시 강남구 남부순환로391길 19","","388.00","118","","20240520","20240930","127.056775","37.493246","205020.798132","543755.998281"
"2025","1168060000","001","대치경로당","서울특별시 강남구 역삼로90길 18","","92.00","28","","20240520","20240930","127.062011","37.502833","205483.107929","544820.400637"
"2025","1168061000","005","대치2동주민센터","서울특별시 강남구 영동대로65길 24","","72.00","22","","20240520","20240930","127.064187","37.502306","205675.598588","544761.995069"
"2025","1168063000","099","안전숙소1(베스트웨스턴 강남호텔)","서울특별시 강남구 삼성로 431","","33.00","10","","20240717","20240930","127.057063","37.505083","205045.514643","545069.811641"
"2025","1168063000","005","대치4동주민센터","서울특별시 강남구 도곡로77길 23","","301.00","30","","20240520","20240930","127.057847","37.499729","205115.200765","544475.595751"
"2025","1168064000","002","강남시니어플라자","서울특별시 강남구 봉은사로 332","","33.00","10","","20240717","20240930","127.043219","37.509759","203821.179636","545588.102213"
"2025","1168061000","001","상방교경로당","서울특별시 강남구 봉은사로24길 70","","179.00","54","","20240520","20240930","127.031879","37.502388","202818.798483","544769.604687"
"2025","1168061000","001","하방교경로당","서울특별시 강남구 역삼로11길 9-7 ","","321.00","50","","20240520","20240930","127.034572","37.495291","203057.201114","543982.002768"
"2025","1168064000","005","역삼1동주민센터","서울특별시 강남구 역삼로7길 16","","531.00","40","","20240520","20240930","127.033283","37.495374","202943.201445","543991.195795"
"2025","1168065000","001","테헤란아이파크실버클럽","서울특별시 강남구 테헤란로52길 16","","141.00","43","","20240717","20240930","127.046061","37.502390","204072.834667","544770.401418"
"2025","1168065000","001","역삼시니어하우스","서울특별시 강남구 언주로79길 30-3 ","","212.22","64","","20240520","20240930","127.041400","37.499200","203660.852526","544416.138998"
"2025","1168065000","001","역삼2동경로당","서울특별시 강남구 도곡로27길 27","","90.00","27","","20240520","20240930","127.041831","37.494539","203699.203067","543898.801119"
"2025","1168065000","005","역삼2동주민센터","서울특별시 강남구 도곡로43길 25","","123.00","37","","20240520","20240930","127.046817","37.495975","204140.000985","544058.397087"
"2025","1168065500","005","도곡1동주민센터","서울특별시 강남구 도곡로18길 57","","648.00","50","","20240520","20240930","127.038879","37.488312","203438.402178","543207.596071"
"2025","1168065600","001","삼성래미안경로당","서울특별시 강남구 언주로 202","","115.00","35","","20240717","20240930","127.050626","37.489764","204477.255369","543369.298333"
"2025","1168065600","001","개포4차우성경로당","서울특별시 강남구 언주로 117","","34.00","100","","20240717","20240930","127.049243","37.485350","204355.140645","542879.271039"
"2025","1168065600","005","도곡2동주민센터","서울특별시 강남구 남부순환로378길 34-9 ","","463.00","40","","20240520","20240930","127.046416","37.483700","204105.203345","542696.004779"
"2025","1168066000","005","개포1동주민센터","서울특별시 강남구 개포로 303","","102.00","15","","20240807","20240930","127.055583","37.482703","204916.085202","542585.779094"
"2025","1168066000","001","경남아경로당","서울특별시 강남구 언주로 110","","42.00","13","","20240717","20240930","127.054247","37.484618","204797.816749","542798.305291"
"2025","1168067000","005","개포2동주민센터","서울특별시 강남구 개포로 511","","117.42","36","","20240520","20240930","127.069100","37.489900","206111.021476","543385.398155"
"2025","1168067500","099","개포하늘꿈도서관","서울특별시 강남구 개포로110길 54","","33.00","10","","20240717","20240930","127.080358","37.490726","207106.606585","543477.808192"
"2025","1168073000","005","일원1동주민센터","서울특별시 강남구 개포로 615","","59.00","18","","20240520","20240930","127.075600","37.492700","206685.614821","543696.603257"
"2025","1168074000","005","개포3동주민센터","서울특별시 강남구 개포로 615","","847.74","60","","20240520","20240930","127.075600","37.492700","206685.614821","543696.603257"
"2025","1168074000","002","강남종합사회복지관","서울특별시 강남구 개포로109길 5","","69.31","21","","20240520","20240930","127.074591","37.492331","206596.399590","543655.600083"
"2025","1168067000","001","밀미리경로당","서울특별시 강남구 개포로31길 31","","113.00","34","","20240520","20240930","127.048666","37.480996","204304.403191","542395.997206"
"2025","1168067000","001","포이경로당","서울특별시 강남구 개포로20길 48","","64.00","19","","20240520","20240930","127.049269","37.476029","204357.999127","541844.798668"
"2025","1168069000","005","개포4동주민센터","서울특별시 강남구 개포로24길 33","","85.00","26","","20240520","20240930","127.049900","37.477200","204413.771087","541974.793388"
"2025","1168074000","002","능인종합사회복지관","서울특별시 강남구 양재대로 340","","223.00","40","","20240520","20240930","127.052594","37.471678","204652.403977","541361.999748"
"2025","1168070000","099","못골도서관","서울특별시 강남구 자곡로 116","","33.00","10","","20240717","20240930","127.096347","37.471729","208522.738296","541370.764857"
"2025","1168070000","001","윗반고개 경로당","서울특별시 강남구 헌릉로645길 11","","160.00","48","","20240520","20240930","127.109470","37.465619","209684.380278","540693.894697"
"2025","1168070000","001","반고개 경로당","서울특별시 강남구 헌릉로622길 9","","85.00","26","","20240520","20240930","127.107029","37.464047","209468.632947","540519.209159"
"2025","1168075000","001","방죽1시니어센터","서울특별시 강남구 밤고개로24길 60","","182.00","55","","20240520","20240930","127.105322","37.470865","209316.736791","541275.722474"
"2025","1168070000","005","세곡동주민센터","서울특별시 강남구 밤고개로 286","","160.00","48","","20240520","20240930","127.106912","37.469050","209457.598943","541074.395999"
"2025","1168075000","001","방죽2경로당","서울특별시 강남구 밤고개로23길 14-31 ","","180.00","55","","20240520","20240930","127.109696","37.471786","209703.602926","541378.405034"
"2025","1168072000","099","열린도서관","서울특별시 강남구 일원로 115","","33.00","10","","20240717","20240930","127.084411","37.483914","207465.708325","542722.112879"
"2025","1168072000","001","수서10단지경로당","서울특별시 강남구 광평로19길 10","","116.00","35","","20240717","20240930","127.087673","37.484593","207754.108555","542797.703223"
"2025","1168067000","001","일원경로당","서울특별시 강남구 광평로3길 21","","116.00","35","","20240520","20240930","127.077966","37.484087","206895.597316","542740.799797"
"2025","1168072000","005","일원본동주민센터","서울특별시 강남구 광평로 126","","65.00","20","","20240520","20240930","127.086481","37.483378","207648.798716","542662.801183"
"2025","1168072000","001","대청경로당","서울특별시 강남구 일원로3길 35","","126.00","38","","20240520","20240930","127.083000","37.493198","207339.995941","543752.403855"
"2025","1168073000","001","제1경로당","서울특별시 강남구 양재대로55길 10","","184.00","56","","20240520","20240930","127.092092","37.492171","208144.127051","543639.190226"
"2025","1168073000","002","대청종합사회복지관","서울특별시 강남구 양재대로55길 10","","221.00","67","","20240520","20240930","127.091393","37.493193","208082.201067","543752.558630"
"2025","1168075000","001","수서7경로당","서울특별시 강남구 광평로47길 17","","131.00","30","","20240717","20240930","127.098729","37.487044","208731.664922","543070.799758"
"2025","1168075000","001","수서3단지경로당","서울특별시 강남구 광평로51길 49","","145.00","44","","20240520","20240930","127.099753","37.492136","208821.602935","543635.996017"
"2025","1168075000","005","수서동주민센터","서울특별시 강남구 광평로56길 11","","11.90","4","","20240520","20240930","127.105200","37.487500","209303.908552","543121.985191"
"2025","1168075000","002","수서명화종합사회복지관","서울특별시 강남구 광평로51길 49","","180.00","55","","20240520","20240930","127.100564","37.491433","208893.406929","543557.993023"
"2025","1168075000","002","태화기독교사회복지관","서울특별시 강남구 광평로 185","","180.00","55","","20240520","20240930","127.093398","37.484829","208260.395849","542824.405168"
"2025","1168075000","002","수서종합사회복지관","서울특별시 강남구 광평로56길 11","","92.60","28","","20240520","20240930","127.104953","37.487175","209282.086316","543085.912262"
"2025","1171051000","001","풍성경로당","서울특별시 송파구 풍성로25길 21-9 ","","108.58","33","","20240601","20240930","127.120529","37.535671","210652.795706","548470.002842"
"2025","1171051000","001","풍납제1경로당","서울특별시 송파구 풍성로 67","","92.40","28","","20240601","20240930","127.120016","37.533647","210607.741679","548245.316741"
"2025","1171051000","005","풍납1동 주민센터","서울특별시 송파구 천호대로152길 7","","680.58","20","","20240601","20240930","127.122035","37.538106","210785.497374","548740.440819"
"2025","1171052000","001","토성경로당","서울특별시 송파구 토성로19길 37","","251.42","19","담당자 변경(2024.7.1. 字)","20240601","20240930","127.119582","37.531574","210569.604058","548015.201356"
"2025","1171052000","005","풍납2동 주민센터","서울특별시 송파구 토성로 52","","1,010.88","20","담당자 변경(2024.7.1. 字)","20240601","20240930","127.115645","37.529296","210221.983439","547761.936347"
"2025","1171053100","001","영풍경로당","서울특별시 송파구 오금로51길 20","","125.58","55","","20240601","20240930","127.141018","37.497048","212470.046891","544185.853338"
"2025","1171053100","001","거여경로당","서울특별시 송파구 오금로 476-12 ","","93.72","48","","20240601","20240930","127.141800","37.493700","212539.784703","543814.350465"
"2025","1171053100","005","거여1동 주민센터","서울특별시 송파구 오금로53길 32","","959.78","20","","20240601","20240930","127.143354","37.496969","212676.639189","544177.419617"
"2025","1171053200","001","송파시그니처 롯데캐슬경로당","서울특별시 송파구 거마로 56","","503.23","125","","20240601","20240930","127.146943","37.495933","212994.173069","544062.893107"
"2025","1171011300","001","e편한세상 송파파크센트럴경로당","서울특별시 송파구 오금로 551","","250.00","40","","20240601","20240930","127.150510","37.493839","213310.011013","543830.973600"
"2025","1171053100","001","거여새마을경로당","서울특별시 송파구 오금로62길 13-3 ","","224.67","45","","20240601","20240930","127.146760","37.492166","212978.695187","543644.802035"
"2025","1171053200","001","거여3단지아파트경로당","서울특별시 송파구 양산로2길 44","","171.00","30","","20240601","20240930","127.147769","37.490517","213068.168979","543461.890748"
"2025","1171053200","001","거여6단지아파트경로당","서울특별시 송파구 양산로2길 38","","114.00","28","","20240601","20240930","127.146581","37.488140","212963.499310","543197.877237"
"2025","1171053200","005","거여2동 주민센터","서울특별시 송파구 거마로2길 19","","3,092.65","20","","20240601","20240930","127.146822","37.493558","212983.910679","543799.282247"
"2025","1171054000","001","송파보훈경로당","서울특별시 송파구 성내천로 306","","35.00","37","","20240601","20240930","127.155443","37.493687","213746.313131","543814.856972"
"2025","1171054000","001","산성경로당","서울특별시 송파구 성내천로55길 16","","164.48","36","","20240601","20240930","127.158251","37.492352","213994.829121","543667.003092"
"2025","1171054000","001","송파파크데일2단지경로당","서울특별시 송파구 성내천로47길 38","","154.44","23","","20240601","20240930","127.159034","37.496027","214063.401915","544075.019383"
"2025","1171054000","001","송파파크데일1단지경로당","서울특별시 송파구 성내천로37길 37","","149.66","25","","20240601","20240930","127.158101","37.498787","213980.399670","544381.204815"
"2025","1171055000","001","마천제일경로당","서울특별시 송파구 마천로65길 12","","157.22","42","","20240601","20240930","127.155514","37.492451","213752.800962","543677.598576"
"2025","1171055000","001","신마천경로당","서울특별시 송파구 성내천로43마길 11-1 ","","108.58","66","","20240601","20240930","127.156222","37.496512","213814.646750","544128.464986"
"2025","1171055000","001","웃마을경로당","서울특별시 송파구 마천로61마길 12-20 ","","88.17","36","","20240601","20240930","127.154049","37.492402","213623.200270","543672.002595"
"2025","1171054000","005","마천1동 주민센터","서울특별시 송파구 마천로 303","","939.97","20","","20240601","20240930","127.149949","37.496004","213259.999718","544071.203536"
"2025","1171055000","001","용마경로당","서울특별시 송파구 거마로22길 11-8 ","","59.74","20","","20240601","20240930","127.148759","37.499001","213154.268578","544403.653806"
"2025","1171055000","001","마천경로당","서울특별시 송파구 성내천로38길 4","","105.54","24","","20240601","20240930","127.153653","37.497794","213587.203320","544270.398626"
"2025","1171055000","001","하마천경로당","서울특별시 송파구 성내천로23길 12","","161.04","37","","20240601","20240930","127.145392","37.501734","212856.085026","544706.494235"
"2025","1171055000","001","남천경로당","서울특별시 송파구 성내천로33길 26","","172.70","59","","20240601","20240930","127.154599","37.500028","213670.502084","544518.503121"
"2025","1171055000","005","마천2동 주민센터","서울특별시 송파구 마천로41길 12","","1,575.18","20","","20240601","20240930","127.148535","37.496842","213134.803772","544164.001329"
"2025","1171056200","001","왕천경로당","서울특별시 송파구 양재대로71길 20-10 ","","106.84","30","","20240601","20240930","127.125060","37.511210","211056.799622","545755.603766"
"2025","1171056100","005","방이1동 주민센터","서울특별시 송파구 위례성대로16길 22","","1,313.79","100","","20240601","20240930","127.123894","37.511009","210953.810994","545733.170133"
"2025","1171056200","001","방이경로당","서울특별시 송파구 가락로39길 11","","132.57","50","","20240601","20240930","127.117742","37.511909","210409.692670","545832.349129"
"2025","1171056200","001","몽촌경로당","서울특별시 송파구 위례성대로2길 28-1 ","","103.36","50","","20240601","20240930","127.112288","37.514642","209927.152254","546135.154737"
"2025","1171056200","005","방이2동 주민센터","서울특별시 송파구 올림픽로34길 5-13 ","","957.05","20","","20240601","20240930","127.111418","37.516397","209850.059535","546329.801825"
"2025","1171056600","005","오륜동 주민센터","서울특별시 송파구 양재대로 1232","","1,024.17","20","","20240601","20240930","127.134256","37.515451","211869.184945","546227.477039"
"2025","1171057000","001","누에머리경로당","서울특별시 송파구 문정로 271","","143.00","53","","20240601","20240930","127.142836","37.503439","212629.752077","544895.370136"
"2025","1171057000","001","벌말경로당","서울특별시 송파구 동남로28길 23","","106.84","40","","20240601","20240930","127.140327","37.501683","212408.228633","544700.120765"
"2025","1171057000","001","목련경로당","서울특별시 송파구 동남로24길 25","","176.00","40","","20240601","20240930","127.138830","37.499135","212276.266879","544417.151430"
"2025","1171057000","001","현대백조경로당(102동)","서울특별시 송파구 양재대로72길 18","","50.40","50","","20240601","20240930","127.128679","37.508998","211377.099409","545510.520172"
"2025","1171057000","001","백토경로당","서울특별시 송파구 양재대로72길 47-8 ","","90.40","30","","20240601","20240930","127.132120","37.508087","211681.530049","545409.843536"
"2025","1171057000","001","오금경로당","서울특별시 송파구 성내천로10길 4","","148.00","70","","20240601","20240930","127.136244","37.502092","212047.129657","544744.984034"
"2025","1171057000","001","송파레미니스1단지경로당","서울특별시 송파구 성내천로 6","","227.02","32","","20240601","20240930","127.135683","37.507691","211996.601776","545366.385216"
"2025","1171057000","001","송파레미니스2단지경로당","서울특별시 송파구 동남로 341","","228.70","28","","20240601","20240930","127.138118","37.506398","212212.115277","545223.191922"
"2025","1171057000","005","오금동 주민센터","서울특별시 송파구 중대로25길 5","","1,168.77","20","","20240601","20240930","127.128081","37.502989","211325.196795","544843.603596"
"2025","1171058000","001","송파제1경로당","서울특별시 송파구 송파대로42길 29","","113.94","42","","20240601","20240930","127.110494","37.506343","209769.664939","545213.828006"
"2025","1171058000","001","호수경로당","서울특별시 송파구 송파대로48길 28","","108.58","40","","20240601","20240930","127.107140","37.509914","209472.659670","545609.842723"
"2025","1171058000","005","송파1동 주민센터","서울특별시 송파구 백제고분로 392","","1,482.88","20","","20240601","20240930","127.109346","37.506310","209668.174114","545210.091271"
"2025","1171059000","001","송파제2경로당","서울특별시 송파구 송파대로38길 1","","90.50","40","","20240601","20240930","127.111900","37.500700","209894.716475","544587.696553"
"2025","1171059000","001","래미안송파파인탑경로당","서울특별시 송파구 오금로32길 31","","161.95","30","","20240601","20240930","127.120189","37.503056","210627.361157","544850.063798"
"2025","1171059000","005","송파2동 주민센터","서울특별시 송파구 송이로 32","","940.90","20","","20240601","20240930","127.116739","37.502301","210322.347654","544765.906631"
"2025","1171060000","001","오봉산경로당","서울특별시 송파구 석촌호수로20길 13","","106.84","34","","20240601","20240930","127.102292","37.506130","209044.512670","545189.390058"
"2025","1171060000","001","돌마리경로당","서울특별시 송파구 가락로7길 4","","155.79","76","","20240601","20240930","127.103265","37.500621","209131.196907","544578.000310"
"2025","1171060000","001","석촌경로당","서울특별시 송파구 백제고분로40길 13-16 ","","157.83","41","","20240601","20240930","127.107449","37.503554","209500.803196","544903.995210"
"2025","1171060000","005","석촌동 주민센터","서울특별시 송파구 백제고분로37길 16","","1,051.61","20","","20240601","20240930","127.103686","37.503565","209168.001840","544904.798361"
"2025","1171061000","001","삼전제1경로당","서울특별시 송파구 백제고분로32길 6-30 ","","187.30","38","","20240601","20240930","127.093320","37.501819","208251.654382","544710.099922"
"2025","1171061000","001","삼전제2경로당","서울특별시 송파구 백제고분로27길 40-24 ","","54.20","31","","20240601","20240930","127.095305","37.506292","208426.680740","545206.765752"
"2025","1171061000","005","삼전동 주민센터","서울특별시 송파구 백제고분로 236","","1,099.24","20","","20240601","20240930","127.092421","37.502701","208172.030310","544807.912083"
"2025","1171062000","001","가락본경로당","서울특별시 송파구 양재대로62길 32-13 ","","106.84","40","","20240601","20240930","127.119041","37.496633","210526.745578","544137.097947"
"2025","1171062000","001","훙이경로당","서울특별시 송파구 송이로17길 48","","106.84","60","","20240601","20240930","127.124753","37.501198","211031.200839","544644.397055"
"2025","1171062000","001","건너말경로당","서울특별시 송파구 중대로10길 29","","123.02","44","","20240601","20240930","127.123493","37.491639","210921.160723","543583.336110"
"2025","1171062000","005","가락본동 주민센터","서울특별시 송파구 송파대로28길 39","","999.03","100","","20240601","20240930","127.121759","37.495576","210767.266389","544020.025532"
"2025","1171062000","005","가락1동 주민센터","서울특별시 송파구 양재대로 925","","165.00","20","","20240601","20240930","127.109870","37.496508","209715.748635","544122.260585"
"2025","1171063200","001","샛팽이경로당","서울특별시 송파구 오금로42길 15","","146.00","15","","20240601","20240930","127.133941","37.496796","211844.327760","544156.981708"
"2025","1171062000","001","개롱경로당","서울특별시 송파구 동남로14길 17-46 ","","106.84","60","","20240601","20240930","127.133221","37.493159","211781.203493","543753.198222"
"2025","1171062000","001","가락골경로당","서울특별시 송파구 송이로23길 16-28 ","","106.84","36","","20240601","20240930","127.125770","37.494767","211122.002238","543930.803192"
"2025","1171063200","005","가락2동 주민센터","서울특별시 송파구 중대로20길 6","","994.44","30","","20240601","20240930","127.126608","37.498677","211195.603936","544364.795401"
"2025","1171064100","001","연화경로당","서울특별시 송파구 송파대로14길 7","","150.76","65","","20240601","20240930","127.124945","37.483658","211050.700291","542697.663765"
"2025","1171064100","001","문정경로당","서울특별시 송파구 동남로6나길 3-6 ","","124.20","40","","20240601","20240930","127.125501","37.488634","211099.201305","543249.999794"
"2025","1171064100","005","문정1동 주민센터","서울특별시 송파구 동남로 116","","778.39","20","","20240601","20240930","127.124183","37.490073","210982.401567","543409.599736"
"2025","1171064200","005","문정2동 주민센터","서울특별시 송파구 중대로 16","","870.48","20","","20240601","20240930","127.110881","37.489872","209805.991967","543385.867003"
"2025","1171064100","001","장지경로당","서울특별시 송파구 새말로10길 3-16 ","","109.36","27","","20240601","20240930","127.128313","37.482479","211348.795990","542567.199915"
"2025","1171064100","001","잔버들경로당","서울특별시 송파구 새말로15길 9","","144.64","36","","20240601","20240930","127.129024","37.485498","211411.204292","542902.399398"
"2025","1171064600","001","파인타운1단지경로당","서울특별시 송파구 충민로 188","","85.03","21","","20240601","20240930","127.134778","37.486797","211919.905473","543047.295389"
"2025","1171064600","001","파인타운2단지경로당","서울특별시 송파구 충민로 151","","74.06","18","","20240601","20240930","127.131309","37.483517","211613.602289","542682.802807"
"2025","1171064600","001","파인타운4단지경로당","서울특별시 송파구 새말로12길 16","","91.31","22","","20240601","20240930","127.129654","37.481826","211467.493167","542494.943510"
"2025","1171064600","001","파인타운5단지경로당","서울특별시 송파구 충민로4길 5","","65.58","16","","20240601","20240930","127.129719","37.479615","211473.597910","542249.604147"
"2025","1171064600","001","파인타운6단지경로당","서울특별시 송파구 충민로6길 14","","82.84","20","","20240601","20240930","127.131931","37.480514","211669.064277","542349.641894"
"2025","1171064600","001","파인타운7단지경로당","서울특별시 송파구 충민로4길 19","","53.00","13","","20240601","20240930","127.131030","37.479200","211589.566399","542203.616345"
"2025","1171064600","001","파인타운8단지경로당","서울특별시 송파구 충민로4길 6","","71.06","17","","20240601","20240930","127.128477","37.479438","211363.761546","542229.808873"
"2025","1171064600","001","파인타운9단지경로당","서울특별시 송파구 송파대로8길 17","","145.00","36","","20240601","20240930","127.129160","37.478001","211424.400327","542070.403628"
"2025","1171064600","001","파인타운10단지경로당","서울특별시 송파구 송파대로8길 20","","89.48","22","","20240601","20240930","127.131186","37.478133","211603.600362","542085.201736"
"2025","1171064600","001","파인타운11단지경로당","서울특별시 송파구 송파대로8길 58","","57.60","14","","20240601","20240930","127.133727","37.480144","211828.002602","542308.800925"
"2025","1171064600","005","장지동 주민센터","서울특별시 송파구 새말로19길 6","","1,235.65","40","","20240601","20240930","127.132419","37.486955","211711.257159","543064.535267"
"2025","1171011300","001","위례포레샤인18단지경로당","서울특별시 송파구 위례북로4길 12","","232.20","33","","20240601","20240930","127.151935","37.487789","213437.120399","543159.649423"
"2025","1171011300","001","위례포레샤인13단지경로당","서울특별시 송파구 위례서이로 25","","60.00","30","","20240601","20240930","127.137714","37.482383","212180.320498","542557.719853"
"2025","1171064700","001","위례포레샤인경로당","서울특별시 송파구 위례순환로 477","","430.39","52","","20240601","20240930","127.135280","37.476192","211965.958520","541870.377622"
"2025","1171064700","005","위례동 주민센터","서울특별시 송파구 위례광장로 210","","2,550.00","30","","20240601","20240930","127.143924","37.481153","212729.736287","542422.082990"
"2025","1171065000","001","신천경로당","서울특별시 송파구 석촌호수로12길 1-17 ","","159.98","57","","20240601","20240930","127.086561","37.508424","207653.300354","545442.543492"
"2025","1171065000","001","잠전경로당","서울특별시 송파구 백제고분로15길 7","","103.36","33","","20240601","20240930","127.084182","37.506234","207443.177151","545199.379473"
"2025","1171065000","005","잠실본동 주민센터","서울특별시 송파구 백제고분로 145","","696.30","20","","20240601","20240930","127.083100","37.506100","207347.557279","545184.388895"
"2025","1171067000","005","잠실2동 주민센터","서울특별시 송파구 올림픽로 159","","1,748.97","20","","20240601","20240930","127.088541","37.511891","207828.000951","545827.599098"
"2025","1171068000","005","잠실3동 주민센터","서울특별시 송파구 잠실로 51-29 ","","591.34","20","","20240601","20240930","127.094374","37.513300","208343.601207","545984.403841"
"2025","1171069000","005","잠실4동 주민센터","서울특별시 송파구 올림픽로35길 12","","1,321.34","20","","20240601","20240930","127.112222","37.520133","209920.581545","546744.568588"
"2025","1171071000","099","송파구청","서울특별시 송파구 올림픽로 326","","26,318.00","30","","20240601","20240930","127.105939","37.514524","209365.872100","546121.385095"
"2025","1171071000","005","잠실6동 주민센터","서울특별시 송파구 올림픽로35길 120","","766.59","20","","20240601","20240930","127.100627","37.518096","208895.840610","546517.305445"
"2025","1171072000","005","잠실7동 주민센터","서울특별시 송파구 올림픽로4길 17","","10,672.00","20","","20240601","20240930","127.077276","37.508745","206832.403572","545477.489087"
"2025","1174051500","001","강동리버스트8단지 경로당","","","244.76","74","","20240601","20240930","127.177340","37.571687","215666.379728","552475.327522"
"2025","1174051500","001","강일리버파크6단지 경로당","서울특별시 강동구 아리수로94길 19","","163.06","49","","20240601","20240930","127.176500","37.563800","215593.808682","551599.777490"
"2025","1174051500","001","강동리버스트6단지 경로당","서울특별시 강동구 아리수로93가길 77","","397.57","120","","20240601","20240930","127.169600","37.570700","214982.809786","552364.475163"
"2025","1174051500","001","강동리버스트4단지 경로당","서울특별시 강동구 아리수로93가길 110","","390.71","118","","20240601","20240930","127.172100","37.573000","215203.197511","552620.150315"
"2025","1174011000","001","강동리버스트7단지 경로당","서울특별시 강동구 아리수로93가길 70","","377.08","114","","20240601","20240930","127.173969","37.570722","215368.736559","552367.644639"
"2025","1174051500","002","홀트강동복지관","서울특별시 강동구 아리수로93길 41","","71.00","22","","20240601","20240930","127.173224","37.566285","215303.864856","551875.045128"
"2025","1174051500","001","강일리버파크1단지경로당","서울특별시 강동구 아리수로93가길 25","","103.97","32","","20240601","20240930","127.171696","37.568226","215168.476568","552090.214844"
"2025","1174051500","001","강일리버파크2단지경로당","서울특별시 강동구 아리수로97길 68","","107.43","33","","20240601","20240930","127.176563","37.570207","215598.029959","552310.846441"
"2025","1174051500","001","강일리버파크3단지경로당","서울특별시 강동구 아리수로93길 40","","114.52","35","","20240601","20240930","127.173904","37.566269","215363.917901","551873.335822"
"2025","1174051500","001","강일리버파크4단지경로당","서울특별시 강동구 아리수로97길 19","","132.00","40","","20240601","20240930","127.175727","37.567095","215524.847817","551965.334143"
"2025","1174051500","001","강일리버파크5단지경로당","서울특별시 강동구 아리수로97길 20","","110.81","34","","20240601","20240930","127.178656","37.568194","215783.329423","552087.809358"
"2025","1174051500","001","강일리버파크7단지경로당","서울특별시 강동구 아리수로98길 25","","151.61","46","","20240601","20240930","127.178306","37.565888","215752.956144","551831.789209"
"2025","1174051500","001","강일리버파크9단지경로당","서울특별시 강동구 고덕로97길 29","","127.10","39","","20240601","20240930","127.178453","37.559947","215767.186320","551172.498579"
"2025","1174051500","001","강일리버파크10단지경로당","서울특별시 강동구 고덕로97길 20","","139.10","42","","20240601","20240930","127.180410","37.558884","215940.305587","551054.792583"
"2025","1174051500","001","고덕리엔파크1단지경로당","서울특별시 강동구 상일로 152","","117.29","36","","20240601","20240930","127.171474","37.560561","215150.416136","551239.475307"
"2025","1174051500","001","고덕리엔파크2단지경로당","서울특별시 강동구 고덕로 427","","157.39","48","","20240601","20240930","127.172782","37.558583","215266.351460","551020.174247"
"2025","1174051500","005","강일동주민센터","서울특별시 강동구 아리수로93길 9-14 ","","554.00","168","","20240601","20240930","127.173968","37.565013","215369.830123","551733.978146"
"2025","1174051500","008","강동농협 강일지점","서울특별시 강동구 아리수로 427","","50.00","15","","20240601","20240930","127.174655","37.564969","215430.570183","551729.207299"
"2025","1174051500","008","서울강동새마을금고 강일지점","서울특별시 강동구 아리수로97길 20","","200.00","61","","20240601","20240930","127.177731","37.566799","215701.964894","551932.825634"
"2025","1174061000","099","강동구민회관","서울특별시 강동구 상암로 168","","100.00","30","","20240601","20240930","127.141093","37.545735","212468.609958","549589.457586"
"2025","1174061000","099","해공체육문화센터","서울특별시 강동구 천중로18길 61","","968.96","294","","20240601","20240930","127.129704","37.542088","211462.695896","549183.257359"
"2025","1174061000","001","천호2경로당","서울특별시 강동구 구천면로13길 21","","156.00","47","","20240601","20240930","127.122519","37.542971","210827.596605","549280.396952"
"2025","1174061000","001","쉼터경로당","서울특별시 강동구 올림픽로89길 27-23 ","","99.85","30","","20240601","20240930","127.124087","37.546800","210965.598534","549705.595914"
"2025","1174061000","005","천호2동주민센터","","","580.65","176","","20240601","20240930","127.128382","37.542498","211345.774352","549228.624223"
"2025","1174061000","008","강동농협 로데오지점","서울특별시 강동구 천호대로157길 53","","40.00","12","","20240601","20240930","127.127529","37.540183","211270.800490","548971.595862"
"2025","1174061000","001","곡교경로당","서울특별시 강동구 구천면로39길 23","","101.20","31","","20240601","20240930","127.131838","37.545404","211650.800361","549551.600081"
"2025","1174061000","001","해공경로당","서울특별시 강동구 천중로12길 23-23 ","","90.00","27","","20240601","20240930","127.128406","37.543812","211347.713934","549374.420878"
"2025","1174061000","008","농협 천호동지점","서울특별시 강동구 올림픽로 659","","50.00","15","","20240601","20240930","127.123565","37.540306","210920.398736","548984.801753"
"2025","1174067000","099","현대백화점 천호점","서울특별시 강동구 천호대로 1005","","999.00","303","","20240601","20240930","127.124434","37.538980","210997.367508","548837.655411"
"2025","1174067000","099","이마트 천호점","서울특별시 강동구 천호대로 1017","","999.00","303","","20240601","20240930","127.125146","37.538730","211060.401337","548810.003151"
"2025","1174061000","002","구립해공노인복지관","서울특별시 강동구 천중로17길 42-16 ","","597.79","181","","20240601","20240930","127.131727","37.546181","211640.843789","549637.790655"
"2025","1174061000","001","천호문구거리경로당","서울특별시 강동구 구천면로18길 24","","75.21","23","","20240601","20240930","127.122588","37.540653","210834.003275","549023.201528"
"2025","1174061000","007","구강사","서울특별시 강동구 천중로 64","","50.00","15","","20240601","20240930","127.128820","37.544818","211384.147611","549486.202487"
"2025","1174061000","099","해공도서관","서울특별시 강동구 올림픽로 702","","100.00","30","","20240601","20240930","127.125549","37.543837","211095.235045","549376.887913"
"2025","1174061000","008","신한은행 천호동금융센터점","서울특별시 강동구 올림픽로 674","","50.00","15","","20240601","20240930","127.124822","37.541441","211031.313888","549110.819815"
"2025","1174062000","001","천호태영A제2경로당","서울특별시 강동구 천호대로 1055","","25.50","8","","20240601","20240930","127.130123","37.538737","211500.195794","548811.432494"
"2025","1174062000","001","천호태영A제1경로당","서울특별시 강동구 천호대로 1055","","54.60","17","","20240601","20240930","127.129753","37.538005","211467.633943","548730.099856"
"2025","1174062000","008","동서울신용협동조합 천호지점","서울특별시 강동구 구천면로 236","","50.00","15","","20240601","20240930","127.130563","37.541376","211538.720507","549104.316843"
"2025","1174062000","001","천호3동(여)경로당","","","69.67","21","","20240601","20240930","127.129812","37.539784","211472.611109","548927.609969"
"2025","1174062000","001","당말경로당","서울특별시 강동구 성안로31길 11","","122.94","37","","20240601","20240930","127.135980","37.540336","212017.597408","548989.601226"
"2025","1174062000","001","천삼경로당","서울특별시 강동구 진황도로 13","","89.00","27","","20240601","20240930","127.129217","37.539904","211419.998798","548940.800579"
"2025","1174062000","005","천호3동주민센터","","","303.35","92","","20240601","20240930","127.129780","37.539793","211469.772855","548928.549450"
"2025","1174051500","008","기업은행 천호동지점","서울특별시 강동구 천호대로 1033","","200.00","61","","20240601","20240930","127.126960","37.537895","211220.803165","548717.598656"
"2025","1174062000","008","KEB하나은행 강동역점","서울특별시 강동구 천호대로 1089","","50.00","15","","20240601","20240930","127.133200","37.536100","211772.599247","548519.105134"
"2025","1174062000","001","구사거리경로당","서울특별시 강동구 천호대로161길 21","","50.00","15","","20240601","20240930","127.128900","37.538200","211392.233228","548751.649926"
"2025","1174064000","001","성내1동경로당","서울특별시 강동구 성내로3가길 71","","185.19","56","","20240601","20240930","127.126538","37.529452","211184.802742","547780.401239"
"2025","1174064000","001","성내천경로당","서울특별시 강동구 성안로3길 112-9 ","","45.96","14","","20240601","20240930","127.124039","37.528514","210963.998496","547676.000514"
"2025","1174064000","005","성내1동주민센터","서울특별시 강동구 성내로 13","","338.00","102","","20240601","20240930","127.122458","37.530479","210824.002254","547893.996981"
"2025","1174064000","008","우리은행강동구청지점","서울특별시 강동구 성내로 25","","35.00","11","","20240601","20240930","127.123792","37.530161","210941.995786","547858.801810"
"2025","1174064000","008","국민은행 강동구청역지점","서울특별시 강동구 성내로 12","","358.91","109","","20240601","20240930","127.121860","37.530149","210771.201730","547857.202519"
"2025","1174064000","008","기업은행 강동구청역 지점","서울특별시 강동구 성내로6길 11","","50.00","15","","20240601","20240930","127.123424","37.529055","210909.602876","547735.995575"
"2025","1174051500","008","농협 서울영업본부점","서울특별시 강동구 올림픽로 528","","200.00","61","","20240601","20240930","127.120433","37.528982","210645.199689","547727.595103"
"2025","1174064000","099","인애가한방병원","서울특별시 강동구 성내로6길 15","","50.00","15","","20240601","20240930","127.122974","37.528828","210869.886210","547710.804807"
"2025","1174064000","005","강동구청","서울특별시 강동구 성내로 25","","200.00","61","","20240601","20240930","127.123796","37.530264","210942.334343","547870.200710"
"2025","1174065000","099","더숲 작은도서관","서울특별시 강동구 풍성로35길 19","","100.00","30","","20240601","20240930","127.124865","37.533014","211036.417806","548175.552893"
"2025","1174065000","001","성내2동경로당","서울특별시 강동구 올림픽로62길 35","","90.00","27","","20240601","20240930","127.124803","37.536539","211030.400940","548566.799649"
"2025","1174065000","001","안말경로당","서울특별시 강동구 풍성로45길 11","","180.72","55","","20240601","20240930","127.129927","37.531459","211484.033650","548003.550806"
"2025","1174065000","005","성내2동주민센터","서울특별시 강동구 풍성로37가길 62","","221.00","67","","20240601","20240930","127.129566","37.532403","211451.981057","548108.312485"
"2025","1174065000","008","강동농협 성내지점","서울특별시 강동구 풍성로37길 44","","1,500.00","478","","20240601","20240930","127.126731","37.533758","211201.200415","548258.403825"
"2025","1174066000","008","SC제일은행강동역지점","서울특별시 강동구 천호대로 1102","","50.00","15","","20240601","20240930","127.133631","37.535162","211810.822540","548415.052608"
"2025","1174065000","008","서울강동새마을금고 성내지점","서울특별시 강동구 풍성로 161","","200.00","61","","20240601","20240930","127.129984","37.530781","211489.202181","547928.396936"
"2025","1174065000","002","성내종합사회복지관","서울특별시 강동구 성안로13길 56","","450.00","136","","20240601","20240930","127.129321","37.532179","211430.360328","548083.443629"
"2025","1174066000","001","성내3동제1경로당","서울특별시 강동구 양재대로97길 41","","101.20","31","","20240601","20240930","127.134787","37.531353","211913.600419","547992.401708"
"2025","1174066000","001","성내3동제2경로당","서울특별시 강동구 양재대로85길 59","","98.76","30","","20240601","20240930","127.131313","37.524718","211607.602083","547255.597672"
"2025","1174066000","005","성내3동주민센터","서울특별시 강동구 강동대로53길 76","","281.00","85","","20240601","20240930","127.132886","37.526042","211746.397669","547402.795945"
"2025","1174066000","008","우리은행 둔촌역금융센터","서울특별시 강동구 양재대로 1377","","185.00","56","","20240601","20240930","127.136263","37.529221","212044.395811","547755.997229"
"2025","1174066000","008","국민은행 둔촌역지점","서울특별시 강동구 양재대로 1313","","221.09","67","","20240601","20240930","127.134248","37.523706","211867.196892","547143.600065"
"2025","1174066000","008","신한은행 둔촌동지점","서울특별시 강동구 양재대로 1315","","50.00","15","","20240601","20240930","127.134294","37.523839","211871.197859","547158.400448"
"2025","1174066000","008","강동농협 둔촌역지점","서울특별시 강동구 양재대로 1349","","50.00","15","","20240601","20240930","127.135362","37.526721","211965.199009","547478.402086"
"2025","1174051500","008","기업은행 둔촌동지점","서울특별시 강동구 양재대로 1317","","200.00","61","","20240601","20240930","127.134362","37.523994","211877.202004","547175.601031"
"2025","1174051500","008","KEB 하나은행 둔촌역지점","서울특별시 강동구 양재대로 1349","","200.00","61","","20240601","20240930","127.135336","37.526663","211962.892316","547471.983669"
"2025","1174066000","001","선린공원경로당","서울특별시 강동구 양재대로91나길 14","","50.00","15","","20240601","20240930","127.132300","37.528000","211694.319245","547619.992336"
"2025","1174066000","007","오륜교회","서울특별시 강동구 강동대로 235","","50.00","15","","20240601","20240930","127.132372","37.522682","211701.514108","547029.769279"
"2025","1174062000","002","강동종합사회복지관","서울특별시 강동구 양재대로 1458","","400.00","121","","20240601","20240930","127.139600","37.536000","212338.266422","548508.826790"
"2025","1174067000","005","길동주민센터","서울특별시 강동구 천호대로 1183","","198.00","60","","20240601","20240930","127.142608","37.534660","212604.365822","548360.502078"
"2025","1174067000","008","우리은행 길동지점","서울특별시 강동구 양재대로 1554","","50.00","15","","20240601","20240930","127.142776","37.544152","212617.597228","549413.999233"
"2025","1174067000","008","국민은행 길동지점","서울특별시 강동구 양재대로 1443","","322.28","98","","20240601","20240930","127.138536","37.534931","212244.401710","548389.997382"
"2025","1174067000","008","신한은행 길동지점","서울특별시 강동구 양재대로 1464","","50.00","15","","20240601","20240930","127.139784","37.536501","212354.402141","548564.400277"
"2025","1174067000","008","강동농협 길일지점","서울특별시 강동구 천중로 200","","15.00","5","","20240601","20240930","127.142500","37.540700","212593.786768","549030.854111"
"2025","1174067000","008","강동신용협동조합 길동지점","서울특별시 강동구 양재대로 1477","","50.00","15","","20240601","20240930","127.139700","37.537800","212346.807946","548708.617986"
"2025","1174067000","001","무궁화경로당","서울특별시 강동구 양재대로124길 62","","101.20","31","","20240601","20240930","127.145402","37.542372","212849.997862","549216.796371"
"2025","1174067000","001","기리울경로당","서울특별시 강동구 명일로 224-1 ","","171.34","52","","20240601","20240930","127.146694","37.538604","212964.796057","548798.804579"
"2025","1174068500","008","SH수협길동사거리지점","서울특별시 강동구 천호대로 1133","","50.00","15","","20240601","20240930","127.137474","37.534626","212150.586999","548356.052765"
"2025","1174068500","008","서울시산림조합길동지점","서울특별시 강동구 명일로 243","","50.00","15","","20240601","20240930","127.146675","37.540397","212962.815289","548997.792135"
"2025","1174051500","008","기업은행 길동지점","서울특별시 강동구 천호대로 1139","","200.00","61","","20240601","20240930","127.138097","37.534532","212205.665963","548345.700588"
"2025","1174051500","008","농협 길동지점","서울특별시 강동구 양재대로 1458","","200.00","61","","20240601","20240930","127.139564","37.535831","212335.112469","548490.065129"
"2025","1174068500","099","강동성심병원","서울특별시 강동구 성안로 150","","100.00","30","","20240601","20240930","127.135351","37.536100","211962.666716","548519.376519"
"2025","1174067000","001","성심경로당","서울특별시 강동구 천중로40길 66","","111.21","34","","20240601","20240930","127.137393","37.538316","212142.802966","548765.598370"
"2025","1174070000","001","약수경로당","서울특별시 강동구 진황도로 150-8 ","","199.28","60","","20240601","20240930","127.140863","37.532794","212450.400607","548153.199705"
"2025","1174070000","001","선린경로당","서울특별시 강동구 명일로10나길 5","","169.78","51","","20240601","20240930","127.144603","37.531525","212781.201660","548012.802488"
"2025","1174070000","005","둔촌2동주민센터","서울특별시 강동구 천호대로186길 7","","239.00","72","","20240601","20240930","127.141950","37.533344","212546.402614","548214.398547"
"2025","1174070000","008","우리은행 둔촌동지점","서울특별시 강동구 천호대로 1190","","45.40","14","","20240601","20240930","127.143500","37.534200","212683.265136","548309.567599"
"2025","1174070000","001","둔촌2동경로당","서울특별시 강동구 천호대로188길 39","","33.00","10","","20240601","20240930","127.143220","37.532280","212658.841802","548096.433388"
"2025","1174070000","099","중앙보훈병원","서울특별시 강동구 진황도로61길 53","","50.00","15","","20240601","20240930","127.147607","37.528778","213047.172132","547708.353904"
"2025","1150053000","005","등촌2동 주민센터","서울특별시 강서구 등촌로 143","","248.00","50","","20240520","20240930","126.862505","37.542658","187848.878060","549247.520945"
"2025","1150053500","001","등촌11단지(아)어르신사랑방","서울특별시 강서구 공항대로43길 39","","109.00","33","","20240520","20240930","126.849078","37.559206","186665.195216","551085.960787"
"2025","1150053500","002","시립강서어르신종합복지관","서울특별시 강서구 화곡로61길 85","","2,765.00","553","","20240520","20240930","126.847500","37.558100","186525.570823","550963.432833"
"2025","1150053500","001","등촌4단지(아)경로당","서울특별시 강서구 공항대로39길 59","","184.00","37","","20240520","20240930","126.843140","37.561544","186140.989976","551346.277073"
"2025","1150053500","001","등촌7복지관 어르신사랑방","서울특별시 강서구 공항대로43길 104","","74.00","15","","20240520","20240930","126.850700","37.560200","186808.683336","551196.054237"
"2025","1150053500","001","등촌9종합사회복지관푸른경로당","서울특별시 강서구 화곡로63가길 92","","138.00","28","","20240520","20240930","126.850089","37.562047","186754.990303","551401.091192"
"2025","1150053500","001","등촌주공1단지어르신사랑방","서울특별시 강서구 강서로68길 36","","209.00","42","","20240520","20240930","126.842369","37.565061","186073.515879","551736.814735"
"2025","1150053500","005","등촌3동주민센터","서울특별시 강서구 화곡로63길 96","","158.00","32","","20240520","20240930","126.847922","37.558869","186562.960249","551048.744633"
"2025","1150053500","002","등촌1종합사회복지관","서울특별시 강서구 강서로68길 36","","152.00","75","","20240520","20240930","126.842400","37.564000","186076.048306","551619.007109"
"2025","1150053500","002","등촌7종합사회복지관","서울특별시 강서구 공항대로43길 104","","2,007.00","94","","20240520","20240930","126.850700","37.560200","186808.683336","551196.054237"
"2025","1150053500","002","등촌4종합사회복지관","서울특별시 강서구 공항대로39길 59","","210.00","94","","20240520","20240930","126.843800","37.560800","186199.148044","551263.637990"
"2025","1150053500","001","등촌6단지(아)어르신사랑방","서울특별시 강서구 화곡로63가길 18","","63.47","19","","20240520","20240930","126.848181","37.559983","186586.044089","551172.293063"
"2025","1150053500","002","등촌9종합사회복지관","서울특별시 강서구 화곡로63가길 92","","210.00","94","","20240520","20240930","126.849803","37.561834","186729.692689","551377.546507"
"2025","1150054000","001","곰달래어르신사랑방","서울특별시 강서구 월정로20길 38","","91.00","18","","20240520","20240930","126.840723","37.529633","185921.396954","547804.931299"
"2025","1150054000","001","공원어르신사랑방","서울특별시 강서구 가로공원로77길 30","","243.00","49","","20240520","20240930","126.838521","37.538024","185728.377715","548736.606084"
"2025","1150054000","001","구립예촌 어르신사랑방","서울특별시 강서구 곰달래로 83-1 ","","376.00","75","","20240520","20240930","126.842165","37.530403","186049.026078","547890.165826"
"2025","1150054000","005","화곡1동 주민센터","서울특별시 강서구 곰달래로 79","","249.00","50","","20240520","20240930","126.841570","37.530429","185996.403731","547893.139989"
"2025","1150055000","001","골안말 어르신사랑방","서울특별시 강서구 곰달래로45길 17","","138.00","28","","20240520","20240930","126.856048","37.533312","187276.633893","548211.060420"
"2025","1150055000","001","하마터 어르신사랑방","서울특별시 강서구 곰달래로36길 22","","152.00","30","","20240520","20240930","126.853763","37.530088","187074.141558","547853.569726"
"2025","1150055000","005","화곡2동주민센터","서울특별시 강서구 곰달래로37길 13","","1,333.00","267","","20240520","20240930","126.854548","37.531852","187143.803903","548049.189006"
"2025","1150056000","001","수명 어르신사랑방","서울특별시 강서구 화곡로15길 18","","96.00","19","","20240520","20240930","126.834343","37.540869","185359.688206","549052.931236"
"2025","1150056000","001","푸른 어르신사랑방","서울특별시 강서구 강서로45다길 74","","90.00","18","","20240520","20240930","126.834748","37.544658","185396.237900","549473.468207"
"2025","1117053000","001","남영 경로당","서울특별시 용산구 한강대로72길 21-15 ","","136.00","40","","20240520","20240930","126.974352","37.541312","197733.296565","549089.500767"
"2025","1117052000","001","동자 경로당","서울특별시 용산구 한강대로104길 30-4 ","","198.00","40","","20240520","20240930","126.973892","37.550091","197692.966874","550063.908017"
"2025","1117053000","002","갈월종합사회복지관","서울특별시 용산구 두텁바위로 25","","115.00","17","","20240520","20240930","126.974786","37.545780","197771.793873","549585.384149"
"2025","1117055500","005","청파동주민센터","서울특별시 용산구 청파로49길 6","","2,136.00","50","","20240520","20240930","126.969981","37.545326","197347.161900","549535.175858"
"2025","1117055500","002","구립청파노인복지관","서울특별시 용산구 청파로83길 26","","290.00","50","","20240520","20240930","126.967693","37.551975","197145.220411","550273.168511"
"2025","1117055500","001","청파2동 경로당","서울특별시 용산구 청파로49길 34","","203.00","30","","20240520","20240930","126.968465","37.545461","197213.195007","549550.169782"
"2025","1117055500","001","서계제1경로당","서울특별시 용산구 효창원로104길 7","","55.00","20","","20240520","20240930","126.964219","37.550803","196838.193931","550143.168435"
"2025","1117055500","001","서계경로당","서울특별시 용산구 만리재로28길 5-22 ","","299.00","50","","20240520","20240930","126.965310","37.553157","196934.661771","550404.420314"
"2025","1117055500","001","청파1동 경로당","서울특별시 용산구 청파로71길 100","","38.00","15","","20240520","20240930","126.964571","37.549343","196869.255216","549981.169683"
"2025","1117056000","099","용산꿈나무종합타운","서울특별시 용산구 백범로 329","","30.00","10","","20240520","20240930","126.965297","37.538778","196932.968200","548808.547789"
"2025","1117056000","001","원효1동 경로당","서울특별시 용산구 백범로 329","","100.00","25","","20240520","20240930","126.965481","37.538649","196949.215955","548794.179990"
"2025","1117056000","001","효원 경로당","서울특별시 용산구 원효로97길 3-30 ","","75.00","20","","20240520","20240930","126.969678","37.541172","197320.236524","549074.174195"
"2025","1117056000","001","원일 경로당","서울특별시 용산구 원효로67길 13","","114.00","30","","20240520","20240930","126.963864","37.537558","196806.259215","548673.179328"
"2025","1117056000","005","원효로1동주민센터","서울특별시 용산구 백범로 350","","400.00","80","","20240520","20240930","126.967686","37.537251","197144.057919","548639.038639"
"2025","1117057000","001","리버힐삼성임대아파트경로당","서울특별시 용산구 효창원로13길 7","","129.00","20","","20240520","20240930","126.952090","37.535693","195765.510034","548466.718828"
"2025","1117057000","001","청심 경로당","서울특별시 용산구 효창원로 6","","132.00","20","","20240520","20240930","126.950617","37.533823","195635.256535","548259.161455"
"2025","1117057000","001","원효로 경로당","서울특별시 용산구 원효로41가길 14-19 ","","75.00","20","","20240520","20240930","126.956884","37.534798","196189.218428","548367.168647"
"2025","1117057000","005","원효2동주민센터","서울특별시 용산구 효창원로8길 3","","998.00","20","","20240520","20240930","126.951495","37.534384","195712.908846","548321.396253"
"2025","1117011900","099","(사)대한노인회 용산구지회","서울특별시 용산구 임정로 58","","26.00","20","","20240520","20240930","126.960450","37.545050","196504.875754","549504.843710"
"2025","1117058000","001","효창동제1경로당","서울특별시 용산구 임정로11길 9","","130.00","32","","20240520","20240930","126.958538","37.542809","196335.789378","549256.137193"
"2025","1117058000","005","효창동주민센터","서울특별시 용산구 효창원로 161","","144.00","36","","20240520","20240930","126.961851","37.542468","196628.533718","549218.210794"
"2025","1117058000","001","효창제2경로당","서울특별시 용산구 효창원로 146-12 ","","165.00","41","","20240520","20240930","126.962956","37.541234","196726.169851","549081.168354"
"2025","1129063000","002","정릉실버복지센터","서울특별시 성북구 솔샘로 8","","813.98","203","","20240520","20240930","127.004542","37.608211","200401.065726","556514.261736"
"2025","1129052500","099","성북동 주민센터 1층 쉼터","서울특별시 성북구 성북로 37","","39.00","20","","20240520","20240930","127.003125","37.591060","200276.020094","554610.719054"
"2025","1129052500","099","성북글로벌빌리지센터","서울특별시 성북구 성북로 134","","198.00","20","","20240520","20240930","126.994896","37.594811","199549.265463","555027.056752"
"2025","1129052500","099","성북역사문화센터","서울특별시 성북구 성북로 122-13 ","","124.00","30","","20240520","20240930","126.997442","37.592581","199774.043119","554779.509256"
"2025","1129052500","001","성북동해아래경로당","서울특별시 성북구 성북로23길 25","","49.18","31","","20240520","20240930","126.995153","37.592718","199571.932382","554794.678292"
"2025","1129052500","005","성북동 주민센터","서울특별시 성북구 성북로 37","","440.30","20","","20240520","20240930","127.003228","37.591027","200285.090475","554607.023435"
"2025","1129052500","001","성북동 경로당","서울특별시 성북구 성북로 41-12 ","","141.00","23","","20240520","20240930","127.002682","37.591427","200236.867584","554651.417421"
"2025","1129052500","001","성암 경로당","서울특별시 성북구 성북로16가길 4","","85.30","23","","20240520","20240930","127.000604","37.593941","200053.297830","554930.406714"
"2025","1129052500","001","동소문동 경로당","서울특별시 성북구 동소문로13길 39-20 ","","120.00","22","","20240520","20240930","127.011002","37.592918","200971.632289","554816.955209"
"2025","1129052500","008","하나은행 성북동지점","서울특별시 성북구 성북로 122","","50.00","5","","20240520","20240930","126.996115","37.593994","199656.933553","554936.329341"
"2025","1129052500","008","새마을금고 성북(본점)","서울특별시 성북구 성북로 21-1 ","","50.00","5","","20240520","20240930","127.004212","37.589957","200371.956543","554488.291119"
"2025","1129055500","099","장수마을 주민공동이용시설","서울특별시 성북구 삼선교로4길 152","","47.41","15","","20240520","20240930","127.008951","37.581723","200790.632737","553574.428768"
"2025","1129055500","099","곰세마리도서관","서울특별시 성북구 삼선교로 54","","66.00","12","","20240520","20240930","127.011813","37.588552","201043.326139","554332.431434"
"2025","1129055500","002","삼선실버복지센터","서울특별시 성북구 삼선교로18길 41","","200.00","542","","20240520","20240930","127.014055","37.589148","201241.340572","554398.563579"
"2025","1129055500","005","삼선동 주민센터","서울특별시 성북구 보문로 190","","637.00","50","","20240520","20240930","127.014500","37.590897","201280.613099","554592.688849"
"2025","1129055500","001","삼선동제1경로당","서울특별시 성북구 동소문로8길 10","","46.29","27","","20240520","20240930","127.009585","37.589381","200846.546589","554424.352072"
"2025","1129055500","001","삼선동제2경로당","서울특별시 성북구 보문로29길 86","","145.88","25","","20240520","20240930","127.013624","37.586435","201203.353572","554097.390160"
"2025","1129055500","001","한성경로당","서울특별시 성북구 삼선교로4길 50","","98.96","23","","20240520","20240930","127.007106","37.585560","200627.598220","554000.233751"
"2025","1129055500","008","새마을금고 동소문(본점)","서울특별시 성북구 동소문로 28-1 ","","50.00","5","","20240520","20240930","127.009192","37.589575","200811.870076","554445.869319"
"2025","1129055500","008","새마을금고 삼선(제1지점)","서울특별시 성북구 삼선교로 40-1 ","","50.00","5","","20240520","20240930","127.010199","37.588154","200900.816312","554288.185738"
"2025","1129055500","008","새마을금고 삼선(삼선지점)","서울특별시 성북구 보문로29길 101","","50.00","5","","20240520","20240930","127.013348","37.585746","201178.978340","554020.937670"
"2025","1129055500","008","새마을금고 삼선(제2지점)","서울특별시 성북구 보문로38길 11","","50.00","5","","20240520","20240930","127.014164","37.591542","201250.900908","554664.294262"
"2025","1129057500","099","청년공간동선이음","서울특별시 성북구 아리랑로 50","","117.96","20","","20240520","20240930","127.015099","37.597258","201333.366850","555298.641508"
"2025","1129057500","001","성북시각장애인경로당","서울특별시 성북구 동소문로25길 6-10 ","","36.30","29","","20240520","20240930","127.019106","37.594989","201687.287602","555046.883350"
"2025","1129057500","001","동선동 희망경로당","서울특별시 성북구 아리랑로4길 49-1 ","","100.60","42","","20240520","20240930","127.018283","37.595875","201614.630758","555145.216099"
"2025","1135065000","001","상계불암대림아파트207동경로","서울특별시 노원구 덕릉로94가길 41","","85.00","22","","20240601","20240930","127.077967","37.663949","206879.156423","562703.483670"
"2025","1135065000","001","불암현대아파트106동경로당","서울특별시 노원구 덕릉로118길 27","","152.00","24","","20240601","20240930","127.080354","37.668090","207089.389505","563163.183084"
"2025","1135065000","001","도암경로당","서울특별시 노원구 덕릉로126길 24","","101.00","31","","20240601","20240930","127.083200","37.670790","207340.199545","563463.142368"
"2025","1135065000","001","덕산경로당","서울특별시 노원구 덕릉로129길 7","","72.00","36","","20240601","20240930","127.082393","37.672268","207268.832447","563627.078737"
"2025","1135010500","001","양지마을경로당","서울특별시 노원구 덕릉로137길 45","","44.00","34","","20240601","20240930","127.082741","37.674979","207299.329856","563928.011738"
"2025","1135066500","001","희망경로당","서울특별시 노원구 덕릉로130길 48","","36.00","34","","20240601","20240930","127.085711","37.672017","207561.569391","563599.538089"
"2025","1135066500","002","북부종합사회복지관","서울특별시 노원구 동일로245길 56","","120.00","10","","20240601","20240930","127.052185","37.679688","204603.401601","564448.747806"
"2025","1135063000","005","상계5동주민센터","서울특별시 노원구 한글비석로 434","","227.70","20","","20240601","20240930","127.069376","37.662960","206121.229745","562593.063386"
"2025","1135065000","001","복지경로당","서울특별시 노원구 한글비석로 426-12 ","","252.00","46","","20240601","20240930","127.070527","37.662567","206222.792174","562549.542203"
"2025","1135065000","001","상계5동경로당","서울특별시 노원구 한글비석로37길 22","","55.00","22","","20240601","20240930","127.068960","37.661457","206084.674015","562426.184891"
"2025","1135065000","001","숲속경로당","서울특별시 노원구 수락산로 32","","21.00","20","","20240601","20240930","127.073077","37.665627","206447.593286","562889.300010"
"2025","1135067000","001","송암경로당","서울특별시 노원구 한글비석로44길 64-20 ","","134.00","60","","20240601","20240930","127.071940","37.664537","206347.342306","562768.331920"
"2025","1135069500","099","노원구청 1층","서울특별시 노원구 노해로 437","","378.54","50","","20240601","20240930","127.056732","37.654110","205006.215595","561610.018085"
"2025","1135066000","001","상계마들아파트경로당","서울특별시 노원구 덕릉로70가길 101","","83.00","13","","20240601","20240930","127.056890","37.641648","205021.014561","560226.871179"
"2025","1135066000","005","상계6,7동주민센터","서울특별시 노원구 노원로 429","","178.40","20","","20240601","20240930","127.066975","37.654893","205910.057185","561697.574840"
"2025","1135069500","002","상계종합사회복지관","서울특별시 노원구 덕릉로115나길 25","","120.00","15","","20240601","20240930","127.078385","37.667884","206915.698663","563140.260841"
"2025","1135070000","005","상계8동주민센터","서울특별시 노원구 동일로227길 97","","216.00","20","","20240601","20240930","127.051571","37.666750","204550.055152","563012.702969"
"2025","1135071000","005","상계9동주민센터","서울특별시 노원구 한글비석로 487","","238.00","20","","20240601","20240930","127.063885","37.664499","205636.670412","562763.577381"
"2025","1135072000","005","상계10동주민센터","서울특별시 노원구 노원로 530","","237.59","20","","20240601","20240930","127.060267","37.661280","205317.653400","562406.099927"
"2025","1138051000","001","어울누리 녹번 경로당","서울특별시 은평구 녹번로7길 36","","218.00","20","","20240520","20240930","126.928000","37.606000","193642.378362","556271.292859"
"2025","1138051000","002","우리장애인복지관","서울특별시 은평구 녹번로1길 13","","60.00","10","","20240520","20240930","126.926600","37.604800","193518.653807","556138.201721"
"2025","1138051000","005","녹번동주민센터","서울특별시 은평구 은평로 195","","277.00","84","","20240520","20240930","126.929914","37.602207","193811.106245","555850.172503"
"2025","1138051000","001","일심경로당","서울특별시 은평구 은평로21길 36-2 ","","86.00","15","","20240520","20240930","126.930686","37.602895","193879.298600","555926.493451"
"2025","1150056000","005","화곡3동주민센터","서울특별시 강서구 강서로33가길 17","","315.00","63","","20240520","20240930","126.838442","37.542559","185722.277981","549239.881628"
"2025","1150057000","001","무지개 어르신사랑방","서울특별시 강서구 곰달래로57가길 19","","197.00","39","","20240520","20240930","126.860881","37.534049","187703.916593","548292.182247"
"2025","1150057000","001","신곡 어르신사랑방","서울특별시 강서구 곰달래로49길 130","","517.00","103","","20240520","20240930","126.854483","37.536687","187138.853781","548585.901534"
"2025","1150057000","001","화친 어르신사랑방","서울특별시 강서구 강서로8길 203","","96.00","19","","20240520","20240930","126.859413","37.531105","187573.704989","547965.627256"
"2025","1150057000","005","화곡4동주민센터","서울특별시 강서구 곰달래로57가길 26","","1,327.00","265","","20240520","20240930","126.860733","37.534608","187690.892182","548354.310415"
"2025","1150059000","001","거성경로당","서울특별시 강서구 초록마을로 65","","59.00","22","","20240520","20240930","126.849975","37.542767","186741.503226","549261.311748"
"2025","1150059000","001","봉제 어르신사랑방","","","90.00","18","","20240520","20240930","126.851701","37.545743","186894.603672","549591.325494"
"2025","1150059000","001","초록동 어르신사랑방","서울특별시 강서구 초록마을로14길 36","","431.00","86","","20240520","20240930","126.848460","37.541121","186607.391295","549078.851308"
"2025","1150059000","001","화촌어르신사랑방","서울특별시 강서구 까치산로4길 30-21 ","","194.00","39","","20240520","20240930","126.844500","37.540700","186257.305666","549032.674644"
"2025","1150059000","005","화곡본동 주민센터","서울특별시 강서구 초록마을로5길 29","","372.00","74","","20240520","20240930","126.847630","37.544029","186534.490620","549401.678499"
"2025","1150059100","001","우장산 어르신사랑방","서울특별시 강서구 화곡로53길 56-10 ","","91.00","18","","20240520","20240930","126.846445","37.552023","186431.208250","550289.109512"
"2025","1150059100","001","중앙어르신사랑방","서울특별시 강서구 화곡로44가길 52-4 ","","90.00","18","","20240520","20240930","126.848957","37.549776","186652.840176","550039.381747"
"2025","1150059100","001","연지어르신사랑방","서울특별시 강서구 화곡로58길 30-7 ","","197.00","39","","20240520","20240930","126.852599","37.552430","186975.116144","550333.388952"
"2025","1150059100","005","화곡6동주민센터","서울특별시 강서구 공항대로46길 105","","316.00","63","","20240520","20240930","126.850900","37.550775","186824.694994","550149.962592"
"2025","1150059300","001","화곡일심어르신사랑방","서울특별시 강서구 곰달래로30길 14","","92.52","28","","20240520","20240930","126.851434","37.530227","186868.243697","547869.330837"
"2025","1150059300","001","안골어르신사랑방","서울특별시 강서구 강서로18아길 15-9 ","","122.00","24","","20240520","20240930","126.850745","37.536029","186808.409271","548513.400362"
"2025","1150059300","001","약수어르신사랑방","서울특별시 강서구 초록마을로32길 32","","93.00","19","","20240520","20240930","126.847501","37.538003","186522.058773","548732.883740"
"2025","1150059300","001","화곡 어르신사랑방","서울특별시 강서구 강서로12길 15-10 ","","223.00","45","","20240520","20240930","126.847753","37.532109","186543.236366","548078.707818"
"2025","1150059300","005","화곡8동 주민센터","서울특별시 강서구 곰달래로25길 45","","309.00","62","","20240520","20240930","126.848306","37.532718","186592.223701","548146.187080"
"2025","1150060300","001","가양어르신사랑방","서울특별시 강서구 양천로47나길 48-6 ","","134.00","27","","20240520","20240930","126.840021","37.572327","185867.410459","552543.540764"
"2025","1150060300","005","가양1동 주민센터","서울특별시 강서구 허준로 30","","2,388.00","478","","20240520","20240930","126.844654","37.569518","186276.219282","552231.120616"
"2025","1150060300","001","마곡 어르신사랑방","서울특별시 강서구 양천로30길 20","","190.00","38","","20240520","20240930","126.822600","37.572300","184328.457014","552543.329085"
"2025","1117059000","001","도원삼성아파트제2경로당","서울특별시 용산구 새창로8길 7","","103.00","30","","20240520","20240930","126.956399","37.539735","196146.597170","548915.046132"
"2025","1117059000","001","중앙 경로당","서울특별시 용산구 새창로 102","","50.00","20","","20240520","20240930","126.959631","37.538312","196432.133584","548757.027398"
"2025","1117059000","001","송학당 경로당","서울특별시 용산구 효창원로37라길 11","","163.00","50","","20240520","20240930","126.958175","37.537888","196303.466364","548710.035908"
"2025","1117059000","005","용문동주민센터","서울특별시 용산구 새창로12길 13","","3,989.00","20","","20240520","20240930","126.957532","37.538942","196246.734550","548827.020269"
"2025","1117062500","001","한강우람 경로당","서울특별시 용산구 한강대로53길 1-8 ","","66.00","33","","20240520","20240930","126.971025","37.533031","197438.966395","548170.507793"
"2025","1117062500","001","삼오 경로당","서울특별시 용산구 한강대로 60","","97.00","24","","20240520","20240930","126.965234","37.526007","196926.840971","547391.148749"
"2025","1117062500","001","한강로3가 경로당","서울특별시 용산구 한강대로7길 17-16 ","","106.00","26","","20240520","20240930","126.960400","37.526100","196499.571504","547401.628393"
"2025","1117062500","001","한강로2가 경로당","서울특별시 용산구 서빙고로20길 19","","105.00","46","","20240520","20240930","126.967739","37.523585","197148.204174","547122.191509"
"2025","1117062500","005","한강로동주민센터","","","282.00","70","","20240520","20240930","126.969230","37.528119","197280.187359","547625.453588"
"2025","1117062500","001","삼각지 경로당","서울특별시 용산구 이태원로2길 5","","66.00","46","","20240520","20240930","126.975315","37.534696","197818.228258","548355.194093"
"2025","1117062500","001","한마음 경로당","서울특별시 용산구 한강대로38길 37","","69.00","21","","20240520","20240930","126.970646","37.529000","197405.399007","547723.160340"
"2025","1117063000","001","이촌1동2경로당","서울특별시 용산구 이촌로75길 12-12 ","","178.00","30","","20240520","20240930","126.974661","37.520250","197760.019402","546751.960900"
"2025","1117063000","005","이촌1동주민센터","서울특별시 용산구 이촌로71길 24","","581.00","30","","20240520","20240930","126.973057","37.521198","197618.226905","546857.194195"
"2025","1117064000","001","이촌2동할머니 경로당","서울특별시 용산구 이촌로2가길 122","","69.00","20","","20240520","20240930","126.954753","37.525422","196000.406000","547326.603959"
"2025","1117064000","005","이촌2동주민센터","서울특별시 용산구 이촌로18길 20","","3,183.00","100","","20240520","20240930","126.954672","37.526220","195993.253284","547415.164376"
"2025","1117065000","001","이태원1동 경로당","서울특별시 용산구 이태원로23길 19","","145.00","80","","20240520","20240930","126.992449","37.535291","199332.640355","548420.994422"
"2025","1117065000","001","이화경로당","서울특별시 용산구 이태원로16길 15-10 ","","44.00","50","","20240520","20240930","126.991718","37.533699","199267.972033","548244.274171"
"2025","1117065000","005","이태원1동주민센터","서울특별시 용산구 보광로 104-6 ","","804.00","80","","20240520","20240930","126.995008","37.532476","199558.780267","548108.526838"
"2025","1117066000","001","조양 경로당","서울특별시 용산구 녹사평대로40나길 38-3 ","","158.00","60","","20240520","20240930","126.988892","37.536302","199018.245873","548533.211991"
"2025","1117066000","005","이태원2동주민센터","서울특별시 용산구 회나무로13길 58","","558.00","50","","20240520","20240930","126.990147","37.541922","199129.231422","549157.006414"
"2025","1117066000","001","이태원 북부경로당","서울특별시 용산구 회나무로13길 32","","230.00","80","","20240520","20240930","126.989750","37.540739","199094.131846","549025.733776"
"2025","1117068500","001","한남동제1 경로당","서울특별시 용산구 한남대로 48-7 ","","132.00","40","","20240520","20240930","127.008409","37.533338","200743.238853","548204.230815"
"2025","1129057500","001","성신경로당","서울특별시 성북구 보문로32길 80-5 ","","56.00","42","","20240520","20240930","127.020741","37.590285","201831.821650","554524.844944"
"2025","1129057500","005","동선동 주민센터","서울특별시 성북구 동소문로26길 27","","159.70","80","","20240520","20240930","127.020394","37.593941","201801.086889","554930.635390"
"2025","1129057500","001","동선동제1경로당","서울특별시 성북구 동소문로28길 40","","108.00","51","","20240520","20240930","127.020716","37.595696","201829.481208","555125.427002"
"2025","1129057500","001","동선동제2경로당","서울특별시 성북구 아리랑로 27-3 ","","76.13","31","","20240520","20240930","127.015586","37.595275","201376.445968","555078.613141"
"2025","1129057500","002","성북시각장애인복지관","서울특별시 성북구 동소문로25가길 20","","554.60","191","","20240520","20240930","127.019208","37.595364","201696.295870","555088.550397"
"2025","1129057500","008","국민은행 돈암동지점","서울특별시 성북구 동소문로 114","","50.00","5","","20240520","20240930","127.017649","37.593025","201558.647238","554828.887247"
"2025","1129057500","008","새마을금고 삼선(본점)","서울특별시 성북구 아리랑로 16","","50.00","5","","20240520","20240930","127.016441","37.594253","201452.008734","554965.239840"
"2025","1129058000","005","돈암1동 주민센터","서울특별시 성북구 정릉로48길 35","","740.00","50","","20240520","20240930","127.027764","37.602541","202451.682937","555885.251235"
"2025","1129058000","001","고운경로당","서울특별시 성북구 동소문로35가길 29","","56.79","35","","20240520","20240930","127.021210","37.599759","201873.005722","555576.384561"
"2025","1129059000","005","돈암2동 주민센터","서울특별시 성북구 흥천사길 7","","480.00","50","","20240520","20240930","127.010512","37.598052","200928.320278","555386.800239"
"2025","1129059000","099","아리랑정보도서관","서울특별시 성북구 아리랑로 82","","2,018.00","150","","20240520","20240930","127.013987","37.599902","201235.192362","555592.136445"
"2025","1129059000","099","아리랑시네센터","서울특별시 성북구 아리랑로 82","","100.00","10","","20240520","20240930","127.013761","37.600002","201215.162591","555603.254576"
"2025","1129060000","005","안암동 주민센터","서울특별시 성북구 고려대로 16","","53.00","30","","20240520","20240930","127.021347","37.585801","201885.447153","554027.194712"
"2025","1129060000","001","개운경로당","서울특별시 성북구 개운사길 15","","97.13","32","","20240520","20240930","127.029068","37.587106","202567.362065","554172.229027"
"2025","1129060000","001","안암동3가경로당","서울특별시 성북구 고려대로10길 37","","180.28","28","","20240520","20240930","127.022175","37.584394","201958.625258","553871.061734"
"2025","1129060000","001","안암동경로당","서울특별시 성북구 안암로 77","","87.41","21","","20240520","20240930","127.029776","37.583306","202629.984013","553750.480646"
"2025","1129060000","001","안암동2가경로당","서울특별시 성북구 고려대로 34-9 ","","39.27","28","","20240520","20240930","127.023271","37.585968","202055.413593","554045.759086"
"2025","1129061000","001","호암경로당","서울특별시 성북구 보문로26길 73","","20.00","25","","20240520","20240930","127.022725","37.587800","202007.095357","554249.056325"
"2025","1129060000","008","새마을금고 안암(본점)","서울특별시 성북구 고려대로 23-1 ","","50.00","5","","20240520","20240930","127.021802","37.586367","201925.611240","554090.012423"
"2025","1129060000","008","새마을금고 안암(제1지점)","서울특별시 성북구 안암로 27","","50.00","5","","20240520","20240930","127.025392","37.580236","202242.920703","553409.598727"
"2025","1129061000","099","성북스마트패션산업센터","서울특별시 성북구 보문사길 45","","108.00","32","","20240520","20240930","127.017989","37.583631","201588.909559","553786.253980"
"2025","1129061000","099","보문복지사랑채","서울특별시 성북구 보문로13길 20","","115.92","40","","20240520","20240930","127.020997","37.580018","201854.668311","553385.385058"
"2025","1129061000","005","보문동 주민센터","서울특별시 성북구 안암로3길 35","","229.00","30","","20240520","20240930","127.022830","37.580418","202016.621243","553429.818257"
"2025","1129061000","001","보문동동망봉할머니경로당","서울특별시 성북구 보문사길 30","","73.94","21","","20240520","20240930","127.016630","37.583486","201468.858703","553770.205104"
"2025","1138051000","001","녹색경로당","서울특별시 은평구 은평로11길 21","","176.00","35","","20240520","20240930","126.923291","37.602659","193226.269245","555900.807797"
"2025","1138051000","002","녹번종합사회복지관","","","36.00","12","","20240520","20240930","126.931800","37.602764","193977.649812","555911.837473"
"2025","1138052000","001","북한산힐스테이트7차116동경로당","서울특별시 은평구 통일로 792","","86.00","30","","20240520","20240930","126.926896","37.615657","193545.685287","557343.201527"
"2025","1138052000","001","북한산힐스테이트3차 3207동 경로당","서울특별시 은평구 불광로14길 10-4 ","","110.00","30","","20240520","20240930","126.934386","37.619807","194207.299903","557803.318403"
"2025","1138052000","001","북한산래미안205동경로당","서울특별시 은평구 불광로2길 41","","82.00","20","","20240520","20240930","126.936192","37.611680","194366.127610","556901.143468"
"2025","1138052000","099","은평구립도서관","서울특별시 은평구 통일로78가길 13-84 ","","33.00","10","","20240520","20240930","126.928324","37.619014","193672.072804","557715.673064"
"2025","1138052000","005","불광1동주민센터","서울특별시 은평구 진흥로15길 10","","66.00","20","","20240520","20240930","126.931986","37.610331","193994.726905","556751.668682"
"2025","1138052000","002","불광노인복지관","서울특별시 은평구 연서로32길 17-11 ","","30.00","10","","20240520","20240930","126.924845","37.619515","193364.991756","557771.563320"
"2025","1138052000","001","대광경로당","서울특별시 은평구 진흥로15길 22-12 ","","37.00","10","","20240520","20240930","126.932200","37.611400","194013.672483","556870.357932"
"2025","1138052000","001","송암경로당","서울특별시 은평구 불광로5길 6-12 ","","118.00","15","","20240520","20240930","126.931974","37.615048","193994.011450","557275.260935"
"2025","1138053000","001","어울누리느티나무경로당","서울특별시 은평구 연서로33길 14-19 ","","140.00","25","","20240520","20240930","126.924900","37.622300","193370.094690","558080.631449"
"2025","1138053000","005","불광2동주민센터","서울특별시 은평구 연서로41길 18","","66.00","20","","20240520","20240930","126.927296","37.626350","193581.973133","558530.005272"
"2025","1138053000","001","박석어버이경로당","서울특별시 은평구 통일로92가길 5","","99.00","30","","20240520","20240930","126.921252","37.626337","193048.421394","558528.959629"
"2025","1138053000","001","불광2동경로당","서울특별시 은평구 불광로 175","","117.00","15","","20240520","20240930","126.931322","37.622095","193937.018886","558057.444389"
"2025","1138053000","001","새장골경로당","서울특별시 은평구 연서로37길 47","","148.00","20","","20240520","20240930","126.927765","37.625418","193623.286224","558426.497861"
"2025","1138055100","001","갈현어버이경로당","서울특별시 은평구 갈현로 324-3 ","","179.00","40","","20240520","20240930","126.918200","37.625500","192778.921244","558436.291917"
"2025","1138055100","002","갈현노인복지관","서울특별시 은평구 통일로89길 12-6 ","","40.70","10","","20240520","20240930","126.918690","37.624912","192822.076394","558370.959288"
"2025","1138055100","005","갈현1동주민센터","서울특별시 은평구 갈현로 301","","286.00","86","","20240520","20240930","126.916731","37.623718","192649.066506","558238.667217"
"2025","1138055200","005","갈현2동주민센터","서울특별시 은평구 연서로27길 31-6 ","","313.00","50","","20240520","20240930","126.915798","37.618602","192566.201269","557670.896976"
"2025","1138055200","001","갈현2동경로당","서울특별시 은평구 연서로17길 46-12 ","","102.00","20","","20240520","20240930","126.913200","37.614500","192336.405908","557215.805743"
"2025","1138055200","001","효경골경로당","서울특별시 은평구 갈현로29길 49","","92.00","20","","20240520","20240930","126.911373","37.622043","192175.890044","558053.148752"
"2025","1138056000","099","서울디지털동행플라자","서울특별시 은평구 서오릉로 165","","631.00","130","","20240530","20240930","126.914814","37.612075","192478.697472","556946.504158"
"2025","1138056000","099","구산동도서관마을","서울특별시 은평구 연서로13길 29-23 ","","33.00","10","","20240520","20240930","126.913097","37.609491","192326.788561","556659.880460"
"2025","1150060300","001","성재정어르신사랑방","서울특별시 강서구 강서로74길 11","","257.00","51","","20240520","20240930","126.841914","37.567771","186033.796659","552037.660859"
"2025","1150060300","001","후포어르신사랑방","서울특별시 강서구 양천로47길 104","","286.00","57","","20240520","20240930","126.837054","37.574903","185605.827516","552829.919783"
"2025","1150060400","001","가양4단지(아)어르신사랑방","서울특별시 강서구 양천로57길 37","","226.00","45","","20240520","20240930","126.852649","37.564686","186981.640357","551693.698274"
"2025","1150060400","001","가양5종합사회복지관장수경로당","서울특별시 강서구 양천로57길 36","","164.00","33","","20240520","20240930","126.853471","37.564255","187054.250596","551645.715356"
"2025","1150060400","005","가양2동주민센터","서울특별시 강서구 허준로 93","","1,953.00","391","","20240520","20240930","126.851261","37.567381","186859.529309","551993.027254"
"2025","1150060400","002","가양4종합사회복지관","서울특별시 강서구 양천로57길 37","","210.00","94","","20240520","20240930","126.852731","37.564642","186988.868468","551688.781247"
"2025","1150060400","002","가양5종합사회복지관","서울특별시 강서구 양천로57길 36","","210.00","94","","20240520","20240930","126.853500","37.564200","187056.767898","551639.618157"
"2025","1150060500","001","가양9-1단지(아)어르신사랑방","서울특별시 강서구 허준로 224","","79.00","24","","20240520","20240930","126.861639","37.560082","187775.156005","551181.467521"
"2025","1150060500","001","가양7종합사회복지관정우경로당","서울특별시 강서구 허준로 209","","94.00","19","","20240520","20240930","126.861331","37.561876","187748.254241","551380.631655"
"2025","1150060500","005","가양3동주민센터","서울특별시 강서구 허준로 202","","478.00","96","","20240520","20240930","126.860540","37.561058","187678.232704","551289.946648"
"2025","1150060500","002","가양7종합사회복지관","서울특별시 강서구 허준로 209","","90.00","36","","20240520","20240930","126.862381","37.561299","187840.930556","551316.432863"
"2025","1150060500","001","가양8단지(아)어르신사랑방","서울특별시 강서구 허준로 176","","138.60","42","","20240520","20240930","126.856964","37.562133","187362.426960","551409.733933"
"2025","1150061100","001","발음어르신경로당","서울특별시 강서구 강서로47길 61-21 ","","90.00","18","","20240520","20240930","126.833184","37.552047","185259.468996","550293.769848"
"2025","1150061100","001","신광명 어르신사랑방","서울특별시 강서구 남부순환로19길 105","","260.00","52","","20240520","20240930","126.822902","37.546867","184349.817101","549720.513404"
"2025","1150061100","005","발산1동 주민센터","서울특별시 강서구 강서로47길 54","","423.00","85","","20240520","20240930","126.833132","37.553107","185255.038713","550411.425519"
"2025","1150061200","001","원당어르신사랑방","서울특별시 강서구 강서로52길 72","","96.00","19","","20240420","20240930","126.842098","37.557413","186048.129509","550887.949847"
"2025","1150061500","001","봉바위어르신사랑방","서울특별시 강서구 강서로34길 34","","90.00","18","","20240420","20240930","126.841371","37.543202","185981.240900","549310.828369"
"2025","1150061500","005","우장산동주민센터","서울특별시 강서구 우현로 34","","699.00","140","","20240420","20240930","126.841791","37.548234","186019.297993","549869.257489"
"2025","1150062000","001","공항 어르신사랑방","서울특별시 강서구 공항대로2가길 5-3 ","","97.00","20","","20240520","20240930","126.809043","37.560383","183128.105612","551223.060608"
"2025","1150062000","001","공항동부어르신사랑방","서울특별시 강서구 공항대로8길 33-9 ","","147.00","29","","20240520","20240930","126.812832","37.559567","183462.690812","551131.765250"
"2025","1150062000","001","다솔 어르신사랑방","서울특별시 강서구 방화대로6길 24-3 ","","349.00","70","","20240520","20240930","126.818169","37.554818","183933.249724","550603.723023"
"2025","1150062000","001","산우물어르신사랑방","서울특별시 강서구 방화대로21가길 18","","167.00","33","","20240520","20240930","126.814667","37.563727","183625.786142","551593.122102"
"2025","1150062000","001","장미어르신사랑방","서울특별시 강서구 방화대로7다길 35-20 ","","110.00","22","","20240520","20240930","126.813798","37.556857","183547.499113","550830.784069"
"2025","1117068500","001","한일 경로당","서울특별시 용산구 이태원로54길 68-4 ","","161.00","40","","20240520","20240930","127.000862","37.535419","200076.186715","548435.218801"
"2025","1117068500","001","한남시범아파트 경로당","서울특별시 용산구 독서당로34길 22","","65.00","30","","20240520","20240930","127.012347","37.539158","201091.218569","548850.239953"
"2025","1117068500","005","한남동주민센터","서울특별시 용산구 대사관로5길 1","","2,343.00","50","","20240520","20240930","127.000457","37.534538","200040.427162","548337.349601"
"2025","1117068500","001","매봉 경로당","서울특별시 용산구 한남대로40길 32","","233.00","40","","20240520","20240930","127.003731","37.543278","200329.707155","549307.389151"
"2025","1117068500","002","시립용산노인종합복지관","서울특별시 용산구 독서당로11길 16","","151.00","22","","20240520","20240930","127.006458","37.531341","200570.803919","547982.597052"
"2025","1117069000","001","서빙고할머니 경로당","서울특별시 용산구 녹사평대로14길 8","","69.00","20","","20240520","20240930","126.993803","37.523381","199452.154230","547099.134587"
"2025","1117069000","001","신동아아파트 경로당(서빙고)","서울특별시 용산구 이촌로 347","","83.00","20","","20240520","20240930","126.987390","37.518092","198885.224236","546512.212043"
"2025","1117069000","001","서빙고할아버지 경로당","서울특별시 용산구 서빙고로59길 3-20 ","","69.00","30","","20240520","20240930","126.992307","37.520537","199319.947088","546783.484938"
"2025","1117069000","005","서빙고동주민센터","서울특별시 용산구 서빙고로 279","","325.00","50","","20240520","20240930","126.994595","37.520472","199522.190985","546776.223380"
"2025","1117069000","001","동빙고 경로당","서울특별시 용산구 서빙고로75가길 23","","285.00","80","","20240520","20240930","126.996356","37.522893","199677.858401","547044.960894"
"2025","1117070000","001","새로나 경로당","서울특별시 용산구 보광로32길 1","","139.00","20","","20240520","20240930","126.998072","37.529323","199829.582434","547758.639505"
"2025","1117070000","001","보광제3 경로당","서울특별시 용산구 보광로32길 1","","102.30","30","","20240520","20240930","126.998064","37.529314","199828.839930","547757.607336"
"2025","1117070000","001","보광제1 경로당","서울특별시 용산구 보광로7길 9","","89.88","25","","20240520","20240930","126.998668","37.525608","199882.257543","547346.231039"
"2025","1117070000","005","보광동주민센터(북카페)","서울특별시 용산구 장문로 95","","150.00","30","","20240520","20240930","127.000087","37.526268","200007.663800","547419.537469"
"2025","1117070000","001","우사단 경로당","서울특별시 용산구 우사단로4길 30","","69.30","53","","20240520","20240930","126.998392","37.531379","199857.844891","547986.762905"
"2025","1117070000","001","우리들 경로당","서울특별시 용산구 보광로12가길 8","","84.50","28","","20240520","20240930","127.001125","37.527093","200099.460350","547511.124978"
"2025","1117070000","001","보광종점 경로당","서울특별시 용산구 장문로 95","","68.30","32","","20240520","20240930","127.000082","37.526247","200007.248348","547417.228928"
"2025","1120052000","001","무학경로당","서울특별시 성동구 왕십리로31길 29","","97.50","24","","20240520","20240930","127.027357","37.561712","202417.062659","551353.743141"
"2025","1120052000","001","안정경로당","서울특별시 성동구 무학봉12길 3-11 ","","40.00","10","","20240520","20240930","127.029587","37.560401","202614.134831","551208.241815"
"2025","1120052000","001","왕십리제일경로당","서울특별시 성동구 왕십리로31가길 12","","103.80","26","","20240520","20240930","127.028604","37.563942","202527.163066","551601.235286"
"2025","1120052000","001","일심할머니경로당","서울특별시 성동구 무학봉25길 9-9 ","","47.70","11","","20240520","20240930","127.031239","37.562575","202759.998047","551449.599583"
"2025","1120052000","001","왕십리제2경로당","서울특별시 성동구 무학봉길 40","","45.20","11","","20240520","20240930","127.027244","37.560275","202407.125046","551194.239115"
"2025","1129061000","001","보문제2경로당","서울특별시 성북구 보문로21길 19-5 ","","48.00","21","","20240520","20240930","127.019486","37.582793","201721.189298","553693.283008"
"2025","1129061000","001","보문동제1경로당","서울특별시 성북구 보문로25길 22","","84.06","25","","20240520","20240930","127.017569","37.586090","201551.725956","554059.179110"
"2025","1129061000","008","새마을금고 삼선(제3지점)","서울특별시 성북구 지봉로 179-1 ","","50.00","5","","20240520","20240930","127.018650","37.585260","201647.213454","553967.154625"
"2025","1129062000","002","정릉1동 커뮤니티센터","서울특별시 성북구 정릉로38가길 6","","271.00","150","","20240520","20240930","127.018451","37.602087","201629.322916","555834.704265"
"2025","1129062000","008","정릉 새마을금고","서울특별시 성북구 정릉로 302","","105.00","10","","20240520","20240930","127.016823","37.602806","201485.504051","555914.500522"
"2025","1129062000","005","정릉1동 주민센터","서울특별시 성북구 정릉로38마길 33","","965.00","50","","20240520","20240930","127.016653","37.601440","201470.572224","555762.920229"
"2025","1129062000","001","정릉1동 경로당","서울특별시 성북구 정릉로38가길 6","","125.00","75","","20240520","20240930","127.018458","37.602063","201629.906256","555832.018447"
"2025","1129062000","008","성북신협","서울특별시 성북구 정릉로36길 3","","100.00","10","","20240520","20240930","127.018596","37.602200","201642.133469","555847.281843"
"2025","1129063000","001","정릉2동 경로당","서울특별시 성북구 보국문로8나길 39","","66.25","30","","20240520","20240930","127.012419","37.609374","201096.516515","556643.349369"
"2025","1129063000","005","정릉2동 주민센터","서울특별시 성북구 정릉로 236","","120.00","10","","20240520","20240930","127.010014","37.605077","200884.241242","556166.503911"
"2025","1129063000","001","정릉2동 508번지 경로당","서울특별시 성북구 북악산로1가길 36","","127.97","39","","20240520","20240930","127.004690","37.599563","200414.137573","555554.440650"
"2025","1129063000","001","한울경로당","서울특별시 성북구 정릉로27길 42-23 ","","64.13","65","","20240520","20240930","127.014495","37.606073","201279.920352","556277.056230"
"2025","1129063000","001","정릉2동 장수경로당","서울특별시 성북구 북악산로3길 48","","110.05","32","","20240520","20240930","127.010986","37.599098","200970.139005","555502.832818"
"2025","1129063000","008","새마을금고 한양(본점)","서울특별시 성북구 보국문로 8","","50.00","5","","20240520","20240930","127.011637","37.605404","201027.514584","556202.713949"
"2025","1129064000","008","정릉신용협동조합(정3)","서울특별시 성북구 보국문로11길 28","","18.00","5","","20240520","20240930","127.008498","37.608773","200750.321559","556576.650755"
"2025","1129064000","099","삼덕마을 주민공동이용시설","서울특별시 성북구 솔샘로15다길 6-6 ","","55.68","17","","20240520","20240930","127.003512","37.612054","200310.041355","556940.744596"
"2025","1129064000","099","정든마을 주민공동이용시설","서울특별시 성북구 솔샘로6길 18-8 ","","56.02","19","","20240520","20240930","127.006148","37.609202","200542.855769","556624.271092"
"2025","1129064000","002","정릉종합사회복지관","서울특별시 성북구 솔샘로5길 92","","1,599.00","402","","20240520","20240930","127.001138","37.611252","200100.513988","556851.748313"
"2025","1129064000","005","정릉3동 주민센터","서울특별시 성북구 솔샘로1길 6-3 ","","3,580.00","50","","20240520","20240930","127.004167","37.608931","200367.888741","556594.183436"
"2025","1129064000","001","산일경로당(산1경로당)","서울특별시 성북구 보국문로29가길 15","","59.67","33","","20240520","20240930","127.003152","37.615616","200278.269038","557336.131331"
"2025","1129063000","001","북악경로당","서울특별시 성북구 정릉로8가길 17-3 ","","157.00","20","","20240520","20240930","126.997856","37.608101","199810.689492","556501.989903"
"2025","1129064000","001","정릉3동경로당","서울특별시 성북구 보국문로17길 18-6 ","","66.61","46","","20240520","20240930","127.007365","37.611273","200650.285760","556854.126181"
"2025","1129065000","099","성북 청수도서관","서울특별시 성북구 보국문로16가길 20","","42,519.00","124","","20240520","20240930","127.010767","37.611748","200950.647286","556906.830632"
"2025","1138056000","005","구산동주민센터","서울특별시 은평구 갈현로17길 10","","66.00","20","","20240520","20240930","126.910416","37.611751","192090.288134","556910.916270"
"2025","1138056000","001","구산거북경로당","서울특별시 은평구 연서로13길 29-7 ","","151.00","40","","20240520","20240930","126.912700","37.609800","192291.775681","556694.197517"
"2025","1138056000","001","구산경로당","서울특별시 은평구 서오릉로21길 11-8 ","","132.00","30","","20240520","20240930","126.907903","37.614805","191868.765540","557250.103084"
"2025","1138056000","002","서부장애인종합복지관","서울특별시 은평구 갈현로11길 30","","93.00","31","","20240520","20240930","126.906317","37.605871","191727.748271","556258.664540"
"2025","1138057000","099","NC백화점 불광점","서울특별시 은평구 불광로 20","","33.00","10","","20240520","20240930","126.928748","37.609702","193708.703454","556682.068622"
"2025","1138057000","001","어울누리 대촌경로당","서울특별시 은평구 서오릉로 114-16 ","","247.00","40","","20240520","20240930","126.920600","37.610500","192989.378417","556771.270645"
"2025","1138057000","005","대조동주민센터","서울특별시 은평구 연서로20길 24-3 ","","276.00","83","","20240520","20240930","126.920849","37.614167","193011.671702","557178.249436"
"2025","1138057000","001","대조경로당","서울특별시 은평구 연서로22길 9-30 ","","137.00","30","","20240520","20240930","126.919584","37.615347","192900.131524","557309.311618"
"2025","1138057000","002","대조노인복지관","서울특별시 은평구 역말로9길 27","","30.00","10","","20240520","20240930","126.921923","37.613451","193106.465094","557098.701725"
"2025","1138058000","001","응암SH-VILLE경로당","서울특별시 은평구 백련산로 146-30 ","","80.00","25","","20240520","20240930","126.926903","37.597995","193544.794800","555382.900923"
"2025","1138058000","099","이마트 은평점","서울특별시 은평구 은평로 111","","33.00","10","","20240520","20240930","126.920266","37.600490","192958.979734","555660.272995"
"2025","1138058000","005","응암1동주민센터","서울특별시 은평구 백련산로 179","","100.00","30","","20240520","20240930","126.926828","37.600783","193538.395038","555692.365438"
"2025","1138058000","001","응암제일경로당","서울특별시 은평구 백련산로 159-3 ","","100.00","15","","20240520","20240930","126.925590","37.599468","193429.017798","555546.523029"
"2025","1138059000","005","응암2동주민센터","서울특별시 은평구 백련산로 100","","41.00","20","","20240520","20240930","126.923142","37.594408","193212.371259","554985.071173"
"2025","1138059000","001","백련산힐스테이트 3-2아파트 임대동경로당(212동)","서울특별시 은평구 백련산로2길 42","","105.00","35","","20240520","20240930","126.924000","37.589400","193287.686068","554429.155439"
"2025","1138059000","001","매바위경로당","서울특별시 은평구 응암로22길 13-9 ","","133.00","15","","20240520","20240930","126.919800","37.594200","192917.197251","554962.210090"
"2025","1138060000","099","응암정보도서관","서울특별시 은평구 가좌로 179","","33.00","10","","20240520","20240930","126.920642","37.587043","192990.886740","554167.833580"
"2025","1138060000","001","덕인경로당","서울특별시 은평구 응암로21가길 5-1 ","","198.00","30","","20240520","20240930","126.916800","37.594600","192652.293788","555006.836106"
"2025","1138060000","099","불광천어르신쉼터(은평춘당)","서울특별시 은평구 증산로 414","","198.00","70","","20240520","20240930","126.914500","37.593400","192449.050814","554873.831929"
"2025","1138060000","005","응암3동주민센터","서울특별시 은평구 불광천길 410-17 ","","470.00","120","","20240520","20240930","126.915622","37.592268","192548.027637","554748.136269"
"2025","1138060000","001","충암경로당","서울특별시 은평구 가좌로7길 9-15 ","","280.00","30","","20240520","20240930","126.920731","37.586128","192998.661734","554066.238989"
"2025","1138062500","001","어울누리 해솔경로당","서울특별시 은평구 역말로 83-11 ","","140.00","30","","20240520","20240930","126.918615","37.607170","192813.766006","556401.860287"
"2025","1150062000","005","공항동 주민센터","서울특별시 강서구 송정로 45","","1,045.00","209","","20240520","20240930","126.810039","37.558844","183215.787798","551052.071208"
"2025","1150063000","001","대한항공정우회","서울특별시 강서구 양천로24길 108","","14.00","34","","20240520","20240930","126.815191","37.568521","183673.101599","552125.120631"
"2025","1150063000","001","방화동부어르신사랑방","서울특별시 강서구 양천로28길 12-9 ","","99.00","20","","20240520","20240930","126.819904","37.572525","184090.304290","552568.754638"
"2025","1150063000","001","방화구립어르신사랑방","서울특별시 강서구 방화대로37길 47-5 ","","116.00","23","","20240520","20240930","126.813900","37.569800","183559.347477","552267.344358"
"2025","1150063000","001","복종어르신사랑방","서울특별시 강서구 양천로7길 11","","96.00","19","","20240520","20240930","126.807733","37.573411","183015.372750","552669.231911"
"2025","1150063000","001","방화일심어르신사랑방","서울특별시 강서구 방화대로 297-9 ","","199.00","40","","20240520","20240930","126.816001","37.566875","183744.329675","551942.326447"
"2025","1150063000","005","방화1동 주민센터","서울특별시 강서구 방화대로 330","","622.00","124","","20240520","20240930","126.817020","37.570345","183835.051879","552327.314082"
"2025","1150064000","001","내촌어르신사랑방","서울특별시 강서구 개화동로13길 12-8 ","","127.00","25","","20240520","20240930","126.801580","37.577471","182472.757221","553120.975813"
"2025","1150064000","001","방화11종합사회복지관경로당","서울특별시 강서구 개화동로21길 4","","123.00","25","","20240520","20240930","126.806000","37.569400","182861.344587","552224.360459"
"2025","1150064000","005","방화2동 주민센터","서울특별시 강서구 개화동로21길 52","","180.00","36","","20240520","20240930","126.805400","37.571500","182808.821066","552457.545972"
"2025","1150064000","001","방화 어르신사랑방","서울특별시 강서구 개화동로23길 26","","180.00","36","","20240520","20240930","126.807083","37.566672","182956.407956","551921.342496"
"2025","1150064000","001","개화어르신사랑방","서울특별시 강서구 개화동로5길 3-66 ","","114.00","22","","20240520","20240930","126.798783","37.583106","182227.017345","553746.933875"
"2025","1150064000","001","상사어르신사랑방","서울특별시 강서구 개화길 52","","163.00","32","","20240520","20240930","126.801554","37.586793","182472.646090","554155.606754"
"2025","1150064000","002","방화11종합사회복지관","서울특별시 강서구 개화동로21길 4","","346.43","104","","20240520","20240930","126.805900","37.569400","182852.510220","552224.378702"
"2025","1150064100","001","능말어르신사랑방","서울특별시 강서구 금낭화로19길 7-3 ","","151.00","30","","20240520","20240930","126.811412","37.575473","183340.795706","552897.442903"
"2025","1150064100","001","방화2종합사회복지관우정경로당","서울특별시 강서구 방화대로48길 40","","88.00","18","","20240520","20240930","126.820137","37.574245","184111.305845","552759.571040"
"2025","1150064100","001","치현 어르신사랑방","서울특별시 강서구 금낭화로24가길 40","","318.00","64","","20240520","20240930","126.815258","37.579831","183681.479951","553380.378794"
"2025","1150064100","005","방화3동주민센터","서울특별시 강서구 금낭화로24길 5","","1,305.00","261","","20240520","20240930","126.813523","37.578745","183528.012463","553260.214406"
"2025","1150064100","002","방화6종합사회복지관","서울특별시 강서구 금낭화로23길 25","","1,742.00","572","","20240520","20240930","126.810900","37.577900","183296.127199","553166.880999"
"2025","1150064100","002","방화2종합사회복지관","서울특별시 강서구 방화대로48길 40","","210.00","94","","20240520","20240930","126.819580","37.575093","184062.300053","552853.805861"
"2025","1150064100","001","방화9단지(아)어르신사랑방","서울특별시 강서구 양천로11길 57","","19.00","12","","20240520","20240930","126.807563","37.574991","183000.670095","552844.613629"
"2025","1150064100","001","방화6단지(아)어르신사랑방","서울특별시 강서구 금낭화로23길 25","","90.00","27","","20240520","20240930","126.810907","37.577909","183296.773978","553167.845303"
"2025","1120052000","001","일심경로당","서울특별시 성동구 무학봉15라길 4","","42.90","10","","20240520","20240930","127.030426","37.562671","202688.182410","551460.241992"
"2025","1120052000","005","왕십리제2동주민센터","서울특별시 성동구 무학봉15길 6","","40.49","25","","20240520","20240930","127.030977","37.561759","202736.923949","551359.036653"
"2025","1120052000","001","무학봉 경로당(행당1동관리)","서울특별시 성동구 무학봉18길 4-2 ","","49.50","15","","20240520","20240930","127.031761","37.561184","202806.187423","551295.241549"
"2025","1120053500","099","청계도서관","서울특별시 성동구 마장로 141","","100.00","30","","20240520","20240930","127.025548","37.567877","202257.002587","552037.929672"
"2025","1120053500","001","왕십리도선동노인복지관","서울특별시 성동구 마장로 141","","515.00","9","","20240520","20240930","127.025434","37.567814","202246.994949","552030.945791"
"2025","1120053500","005","왕십리도선동주민센터","서울특별시 성동구 마장로 141","","38.88","10","","20240520","20240930","127.025458","37.567853","202249.096409","552035.230510"
"2025","1120053500","001","도선경로당","서울특별시 성동구 무학로6길 9","","72.30","21","","20240520","20240930","127.031106","37.565518","202748.156840","551776.245203"
"2025","1120054000","099","1인가구지원센터","서울특별시 성동구 마장로39길 31","","282.00","30","","20240520","20240930","127.042972","37.568107","203796.373174","552064.062592"
"2025","1120054000","005","마장동주민센터","서울특별시 성동구 마장로42길 11","","866.00","12","","20240520","20240930","127.045289","37.566324","204001.155251","551866.255455"
"2025","1120054000","002","성동종합사회복지관","서울특별시 성동구 청계천로 506","","5,468.00","15","","20240520","20240930","127.033643","37.570364","202972.103468","552314.238417"
"2025","1120054000","002","시립성동노인종합복지관","서울특별시 성동구 마조로 77","","2,675.00","70","","20240520","20240930","127.041319","37.564791","203650.491763","551695.926607"
"2025","1120054000","001","왕좌경로당","서울특별시 성동구 청계천로10나길 40-5 ","","42.00","12","","20240520","20240930","127.035228","37.570013","203112.140819","552275.244023"
"2025","1120054000","001","서마경로당","서울특별시 성동구 청계천로10나길 58","","42.00","10","","20240520","20240930","127.036248","37.570144","203202.227203","552289.862157"
"2025","1120054000","001","마장 제6경로당","서울특별시 성동구 살곶이2가길 114","","36.00","11","","20240520","20240930","127.044416","37.563802","203924.160474","551586.261829"
"2025","1120054000","001","마장 제4경로당","서울특별시 성동구 고산자로 328","","46.00","14","","20240520","20240930","127.037432","37.568669","203306.907800","552126.195354"
"2025","1120054000","001","마장 제3경로당","서울특별시 성동구 무학로14가길 8-1 ","","66.00","20","","20240520","20240930","127.034016","37.567625","203005.165231","552010.242113"
"2025","1120054000","001","마장 제2경로당","서울특별시 성동구 마조로16길 31","","86.00","26","","20240520","20240930","127.044120","37.565822","203897.912410","551810.445814"
"2025","1120055000","005","사근동주민센터","서울특별시 성동구 사근동길 37","","200.00","12","","20240520","20240930","127.045311","37.561498","204003.357140","551330.604901"
"2025","1120055000","001","사근동노인복지관","서울특별시 성동구 사근동길 37","","551.99","8","","20240520","20240930","127.045311","37.561498","204003.357140","551330.604901"
"2025","1120055000","001","사근 제1경로당","서울특별시 성동구 사근동12길 1","","158.00","47","","20240520","20240930","127.048409","37.560998","204277.102935","551275.269467"
"2025","1120055000","001","사근 제3경로당","서울특별시 성동구 마조로9길 2","","56.00","16","","20240520","20240930","127.041115","37.561275","203632.639284","551305.684080"
"2025","1120055000","001","사근 제2경로당","서울특별시 성동구 사근동11길 48","","65.00","19","","20240520","20240930","127.047065","37.564386","204158.167554","551651.259468"
"2025","1129065000","005","정릉4동 주민센터","서울특별시 성북구 보국문로 106-1 ","","3,180.00","150","","20240520","20240930","127.006998","37.613347","200617.829364","557084.315204"
"2025","1129065000","001","청수경로당","서울특별시 성북구 보국문로32길 26","","138.00","48","","20240520","20240930","127.002448","37.618332","200216.079287","557637.576256"
"2025","1129065000","001","정릉4동 할머니 경로당","서울특별시 성북구 솔샘로24길 34","","77.16","25","","20240520","20240930","127.009116","37.614652","200804.808102","557229.138842"
"2025","1129065000","001","정릉4동경로당","서울특별시 성북구 보국문로18가길 5","","147.07","78","","20240520","20240930","127.010753","37.610944","200949.456710","556817.639625"
"2025","1129066000","099","소리마을 주민공동이용시설","서울특별시 성북구 삼양로9길 14-7 ","","97.55","25","","20240520","20240930","127.022019","37.608805","201944.184702","556580.385331"
"2025","1129066000","005","길음1동 주민센터","서울특별시 성북구 길음로 92","","2,179.00","30","","20240520","20240930","127.019380","37.610498","201711.147831","556768.294011"
"2025","1129066000","001","인영경로당","서울특별시 성북구 삼양로9가길 6","","54.05","34","","20240520","20240930","127.021905","37.608677","201934.157479","556566.176381"
"2025","1129066000","001","길음동돌산경로당","서울특별시 성북구 길음로 135-11 ","","60.66","27","","20240520","20240930","127.015415","37.613243","201361.008220","557072.883243"
"2025","1129066000","008","새마을금고 길음중앙(본점)","서울특별시 성북구 길음로 74","","50.00","5","","20240520","20240930","127.019889","37.610035","201756.118525","556716.893255"
"2025","1129066000","008","새마을금고 성북제일(본점)","서울특별시 성북구 길음로 20","","50.00","5","","20240520","20240930","127.023038","37.604691","202034.297858","556123.775775"
"2025","1129068500","008","성북제일새마을금고 길음2동지점","서울특별시 성북구 동소문로 295","","60.00","15","","20240520","20240930","127.027692","37.606746","202445.152047","556351.991440"
"2025","1129068500","005","길음2동 주민센터","서울특별시 성북구 삼양로2길 70","","66.00","10","","20240520","20240930","127.027271","37.606764","202408.030396","556353.967279"
"2025","1129068500","002","길음종합사회복지관","서울특별시 성북구 삼양로2길 55","","1,756.00","967","","20240520","20240930","127.026777","37.606669","202364.360507","556343.466244"
"2025","1129068500","001","길음2동(전 :길음3동)경로당","서울특별시 성북구 삼양로12길 6","","26.00","50","","20240520","20240930","127.023143","37.609990","202043.389242","556711.997876"
"2025","1129070500","001","북바위경로당","서울특별시 성북구 종암로19다길 23","","58.58","30","","20240520","20240930","127.028233","37.599075","202493.248677","555500.575929"
"2025","1129070500","001","종일사랑방경로당","서울특별시 성북구 종암로13가길 31","","51.70","36","","20240520","20240930","127.033386","37.597559","202948.317927","555332.554839"
"2025","1129070500","001","종암동제2경로당","서울특별시 성북구 월곡로5나길 37","","49.15","38","","20240520","20240930","127.036964","37.598805","203264.246520","555470.887662"
"2025","1129070500","002","성북노인종합복지관","서울특별시 성북구 종암로15길 10","","2,595.00","648","","20240520","20240930","127.034394","37.597788","203037.351885","555357.959031"
"2025","1129070500","005","종암동 주민센터","서울특별시 성북구 종암로 98-8 ","","974.00","200","","20240520","20240930","127.035199","37.599030","203108.380939","555495.833578"
"2025","1129070500","001","중앙경로당","서울특별시 성북구 종암로22길 29","","50.00","30","","20240520","20240930","127.035725","37.600124","203154.758528","555617.317382"
"2025","1129070500","001","종암동제1경로당","서울특별시 성북구 종암로21길 81-26 ","","117.12","32","","20240520","20240930","127.031122","37.601846","202748.243460","555808.217983"
"2025","1129070500","008","근해안강망수협 종암동지점","서울특별시 성북구 종암로19길 13","","5.00","5","","20240520","20240930","127.034079","37.598222","203009.481409","555406.173549"
"2025","1129070500","008","IBK기업은행 종암동지점","서울특별시 성북구 종암로 108","","50.00","5","","20240520","20240930","127.034432","37.599806","203040.634369","555581.946971"
"2025","1129070500","008","새마을금고 새종암(제1지점)","서울특별시 성북구 종암로 122","","50.00","5","","20240520","20240930","127.033859","37.601188","202989.987634","555735.293086"
"2025","1138062500","005","역촌동주민센터","서울특별시 은평구 연서로 59","","66.00","20","","20240520","20240930","126.915238","37.604398","192515.346830","556094.373612"
"2025","1138062500","001","어울누리 안심마을경로당","서울특별시 은평구 진흥로7나길 12-5 ","","228.00","40","","20240520","20240930","126.919246","37.605318","192869.332304","556196.227106"
"2025","1138062500","001","역마을경로당","서울특별시 은평구 진흥로1길 32-23 ","","165.00","20","","20240520","20240930","126.919950","37.603419","192931.316607","555985.405704"
"2025","1138062500","002","역촌노인복지관","서울특별시 은평구 연서로3나길 11-30 ","","42.00","15","","20240520","20240930","126.911333","37.603314","192170.395462","555974.435464"
"2025","1138063200","099","내를건너서숲으로도서관","서울특별시 은평구 증산로17길 50","","33.00","10","","20240520","20240930","126.908041","37.591668","191878.425808","554682.149313"
"2025","1138063100","005","신사1동주민센터","서울특별시 은평구 은평로2길 2","","66.00","20","","20240520","20240930","126.911751","37.597804","192206.749253","555362.840375"
"2025","1138063100","001","신흥경로당","서울특별시 은평구 증산로21길 25","","85.00","20","","20240520","20240930","126.911952","37.595976","192224.256379","555159.958259"
"2025","1138063100","001","신사1동경로당","서울특별시 은평구 갈현로3나길 6","","192.00","10","","20240520","20240930","126.906592","37.601066","191751.500381","555725.338084"
"2025","1138063100","002","신사종합사회복지관","서울특별시 은평구 은평로 38","","200.00","30","","20240520","20240930","126.912179","37.598047","192244.553507","555389.786365"
"2025","1138063200","005","신사2동주민센터","서울특별시 은평구 증산로15길 47","","236.00","50","","20240520","20240930","126.908033","37.590268","191877.567059","554526.699108"
"2025","1138063200","002","신사노인복지관","서울특별시 은평구 증산로15길 47","","72.00","25","","20240520","20240930","126.908200","37.590300","191892.328675","554530.291806"
"2025","1138063200","001","장수경로당","서울특별시 은평구 은평터널로 126","","145.00","10","공사로 인하여 현재 임시운영되는 곳(은평터널로 126) / 원래 주소 : 은평터널로 143-5","20240520","20240930","126.905012","37.590466","191610.813202","554548.984785"
"2025","1138063200","001","신사제2경로당","서울특별시 은평구 은평터널로 178-1 ","","264.00","20","","20240520","20240930","126.908640","37.594430","191931.634865","554988.637717"
"2025","1138064000","099","증산정보도서관","서울특별시 은평구 증산로5길 6","","33.00","10","","20240520","20240930","126.907665","37.582784","191844.293391","553696.124785"
"2025","1138064000","005","증산동주민센터","서울특별시 은평구 증산서길 89","","143.00","43","","20240520","20240930","126.907061","37.584365","191791.117026","553871.650448"
"2025","1138064000","001","증산할머니경로당","서울특별시 은평구 증산로9길 25","","48.00","20","","20240520","20240930","126.908000","37.585900","191874.186585","554041.958660"
"2025","1138064000","001","증산제2경로당","서울특별시 은평구 증산로9길 6-17 ","","147.00","15","","20240520","20240930","126.909827","37.585378","192035.499060","553983.866092"
"2025","1138065000","005","수색동주민센터","서울특별시 은평구 수색로 280","","66.00","20","","20240520","20240930","126.893670","37.583541","190608.179548","553781.417046"
"2025","1138065000","001","구룡경로당","서울특별시 은평구 수색로 388-7 ","","74.00","20","","20240520","20240930","126.884666","37.589877","189813.730102","554485.579957"
"2025","1138065000","001","한숲(수색한숲)(임대)아파트경로당","서울특별시 은평구 은평터널로 66","","76.00","10","","20240520","20240930","126.901378","37.586504","191289.374906","554109.589286"
"2025","1138065000","001","물빛경로당","서울특별시 은평구 수색로22가길 6-8 ","","100.00","30","","20240520","20240930","126.889994","37.585812","190283.811680","554033.901681"
"2025","1138069000","099","은뜨락도서관","서울특별시 은평구 통일로 972","","33.00","10","","20240520","20240930","126.920353","37.630329","192969.437064","558972.096616"
"2025","1138069000","001","은평뉴타운상림마을9단지아파트경로당","서울특별시 은평구 진관4로 78-8 ","","99.00","45","","20240520","20240930","126.928721","37.645921","193709.390402","560702.009047"
"2025","1153051000","005","신도림동주민센터","서울특별시 구로구 신도림로 40","","1,983.00","600","","20240601","20240930","126.880604","37.507784","189443.449677","545374.710904"
"2025","1154510100","099","책이든거리작은도서관","","","12.00","10","","20240801","20240930","126.888539","37.466335","190139.551345","540773.534298"
"2025","1154551000","099","금천구립가산도서관","서울특별시 금천구 가산로5길 43","","20.00","20","","20240801","20240930","126.892119","37.473492","190457.228437","541567.496006"
"2025","1154551000","008","신한은행 디지털중앙지점","서울특별시 금천구 가산디지털1로 186","","18.00","20","","20240612","20240930","126.881554","37.482010","189523.854505","542514.059033"
"2025","1154551000","002","금천누리종합사회복지관","서울특별시 금천구 가산로 129","","40.00","20","","20240520","20240930","126.891758","37.476845","190425.714525","541939.737390"
"2025","1154551000","001","상록경로당","서울특별시 금천구 벚꽃로38길 35","","129.00","40","","20240520","20240930","126.884300","37.482800","189766.828047","542601.436602"
"2025","1154551000","001","우정경로당","서울특별시 금천구 두산로3길 49","","180.21","30","","20240520","20240930","126.888706","37.472685","190155.228713","541478.381019"
"2025","1154551000","001","매봉경로당","서울특별시 금천구 시흥대로149가길 6","","117.00","30","","20240520","20240930","126.895548","37.475588","190760.778134","541799.848615"
"2025","1154551000","005","가산동주민센터","서울특별시 금천구 가산로 129","","163.10","30","","20240520","20240930","126.891787","37.476914","190428.235359","541947.370384"
"2025","1154561000","099","금천뮤지컬센터","서울특별시 금천구 시흥대로115길 48","","32.00","20","","20240819","20240930","126.893849","37.468940","190609.698097","541062.189040"
"2025","1154561000","008","새마을금고 금천중앙","서울특별시 금천구 가산로 52","","14.00","15","","20240801","20240930","126.897162","37.471723","190903.065970","541370.661743"
"2025","1154568000","099","금천구장애인돌봄쉼터","서울특별시 금천구 두산로 70","","110.00","30","","20240520","20240930","126.895491","37.468455","190754.848852","541008.153802"
"2025","1154561000","099","복숭아마을 수다방","서울특별시 금천구 시흥대로139길 28","","53.68","15","","20240520","20240930","126.896518","37.472971","190846.259594","541509.290858"
"2025","1154561000","099","금하마을주민공동이용시설(1층 공유부엌)","서울특별시 금천구 금하로1다길 16","","53.69","16","","20240520","20240930","126.891419","37.452986","190392.694206","539291.713400"
"2025","1154561000","099","금나래문화체육센터(1층 북카페)","서울특별시 금천구 시흥대로79길 32","","252.72","76","","20240520","20240930","126.896411","37.458887","190835.075571","539946.168204"
"2025","1154561000","099","모두의 마을공간 커뮤니티센터(1층 다목적홀)","서울특별시 금천구 벚꽃로 14","","104.00","31","","20240520","20240930","126.894407","37.457256","190657.597479","539765.379666"
"2025","1154561000","002","금천어르신복지센터","서울특별시 금천구 범안로17길 22","","60.00","10","","20240520","20240930","126.894400","37.467400","190658.213673","540891.192900"
"2025","1154561000","001","말미경로당","서울특별시 금천구 범안로17길 22","","199.00","20","","20240520","20240930","126.894419","37.467502","190659.924820","540902.467222"
"2025","1154561000","001","복지경로당","서울특별시 금천구 벚꽃로10길 94","","167.00","40","","20240520","20240930","126.895285","37.464581","190736.156408","540578.234704"
"2025","1154561000","005","독산1동주민센터","서울특별시 금천구 시흥대로123길 11","","108.00","100","","20240520","20240930","126.897049","37.470222","190892.888019","541204.081872"
"2025","1154561000","002","금천한내어르신복지센터","서울특별시 금천구 한내로 69-15 ","","150.00","30","","20240520","20240930","126.886988","37.457158","190001.181980","539755.264565"
"2025","1154561000","001","영보경로당","서울특별시 금천구 시흥대로141길 61-1 ","","229.80","40","","20240520","20240930","126.897327","37.475583","190918.137647","541799.109529"
"2025","1154563000","001","세일경로당","서울특별시 금천구 시흥대로147길 30-15 ","","110.00","50","","20240520","20240930","126.896187","37.474779","190817.201426","541709.997940"
"2025","1120055000","001","사근 제4경로당","서울특별시 성동구 사근동길 72","","71.00","21","","20240520","20240930","127.048934","37.561079","204323.501515","551284.250245"
"2025","1120056000","005","행당1동주민센터","서울특별시 성동구 고산자로10길 18","","1,605.00","7","","20240520","20240930","127.036117","37.558516","203191.167962","550999.252988"
"2025","1120056000","099","성동구청(책마루)","서울특별시 성동구 고산자로 270","","703.00","50","폭염특보 중 폭염경보 발효 시에만 24시간 운영(폭염주의보 발효 시에는 미운영) ","20240520","20240930","127.036734","37.563319","203245.475503","551532.383689"
"2025","1120056000","099","성동구립도서관","서울특별시 성동구 고산자로10길 9","","100.00","30","","20240520","20240930","127.034928","37.559170","203086.085218","551071.832831"
"2025","1120057000","001","행현경로당","서울특별시 성동구 행당로11길 20","","77.00","22","","20240520","20240930","127.030374","37.559405","202683.687595","551097.786366"
"2025","1120057000","005","행당2동주민센터","서울특별시 성동구 행당로9길 9","","64.80","7","","20240520","20240930","127.029360","37.558238","202594.153398","550968.245832"
"2025","1120057000","001","행당제2경로당","서울특별시 성동구 행당로11길 14-9 ","","43.00","13","","20240520","20240930","127.030945","37.559211","202734.163266","551076.248928"
"2025","1120058000","001","광희경로당","서울특별시 성동구 독서당로62길 22-15 ","","40.00","12","","20240520","20240930","127.033046","37.549975","202920.158687","550051.259600"
"2025","1120058000","001","응봉경로당","서울특별시 성동구 독서당로59길 39","","82.00","24","","20240520","20240930","127.031576","37.552507","202790.165564","550332.247687"
"2025","1120058000","001","상봉경로당","서울특별시 성동구 독서당로59다길 32","","165.00","45","","20240520","20240930","127.030297","37.552778","202677.138975","550362.254954"
"2025","1120058000","005","응봉동주민센터","서울특별시 성동구 독서당로 424","","66.00","5","","20240520","20240930","127.033421","37.553156","202953.170627","550404.257591"
"2025","1120059000","099","금호도서관","서울특별시 성동구 난계로 20","","50.00","12","","20240520","20240930","127.024859","37.554102","202196.598855","550509.073264"
"2025","1120059000","005","금호1가동주민센터","서울특별시 성동구 행당로 15","","1,714.00","10","","20240520","20240930","127.021754","37.554771","201922.201212","550583.234053"
"2025","1120059000","001","금난경로당","서울특별시 성동구 독서당로51길 10","","60.00","15","","20240520","20240930","127.026439","37.548852","202336.356408","549926.391005"
"2025","1120059000","001","금일경로당","서울특별시 성동구 금호로 172-1 ","","80.00","20","","20240520","20240930","127.022320","37.557032","201972.153838","550834.234249"
"2025","1120061500","001","신금호경로당","서울특별시 성동구 무수막10길 4","","32.40","21","","20240520","20240930","127.021900","37.551610","201935.218975","550232.381661"
"2025","1120061500","005","금호2-3가동주민센터","서울특별시 성동구 무수막18길 1","","80.00","7","","20240520","20240930","127.020916","37.553185","201848.194003","550407.234586"
"2025","1120061500","001","금남경로당","서울특별시 성동구 금호산길 5-15 ","","97.00","29","","20240520","20240930","127.018968","37.549266","201676.151244","549972.236085"
"2025","1120061500","001","금호3가경로당","서울특별시 성동구 금호산2길 16","","86.00","26","","20240520","20240930","127.021378","37.548752","201889.129447","549915.245069"
"2025","1120062000","099","금호독서당(책마루)","서울특별시 성동구 금호로 30","","786.00","50","","20240520","20240930","127.025146","37.545616","202222.192882","549567.247114"
"2025","1120062000","001","금강경로당","서울특별시 성동구 독서당로47가길 16-19 ","","116.00","35","","20240520","20240930","127.019092","37.547645","201687.145345","549792.238044"
"2025","1120062000","001","정우회경로당","서울특별시 성동구 금호로3길 18-60 ","","73.00","21","","20240520","20240930","127.024886","37.547815","202199.151673","549811.247942"
"2025","1129070500","008","한국양봉농협 종암중앙지점","서울특별시 성북구 종암로 90","","50.00","5","","20240520","20240930","127.035500","37.598660","203134.977317","555454.822085"
"2025","1129070500","008","서울경기양돈농협 종암동지점","서울특별시 성북구 정릉로52길 5","","50.00","5","","20240520","20240930","127.030249","37.603831","202671.108507","556028.583615"
"2025","1129070500","008","새마을금고 종암(본점)","서울특별시 성북구 종암로21길 25","","50.00","5","","20240520","20240930","127.033597","37.599746","202966.829251","555575.238703"
"2025","1129070500","007","천주교종암동교회","서울특별시 성북구 종암로 82","","50.00","5","","20240520","20240930","127.035407","37.597631","203126.754669","555340.578098"
"2025","1129070500","008","새마을금고 새종암(본점)","서울특별시 성북구 종암로 98-7 ","","50.00","5","","20240520","20240930","127.034967","37.599130","203087.845064","555506.946997"
"2025","1129071500","002","생명의전화 종합사회복지관","서울특별시 성북구 오패산로 21","","1,649.00","500","","20240520","20240930","127.036854","37.604228","203254.296321","556072.788049"
"2025","1129013600","002","월곡종합사회복지관","서울특별시 성북구 오패산로16길 23","","2,015.00","700","","20240520","20240930","127.037481","37.608929","203309.453624","556594.602792"
"2025","1129071500","005","월곡1동 주민센터","서울특별시 성북구 오패산로 96","","1,247.00","50","","20240520","20240930","127.035788","37.610616","203159.869221","556781.771983"
"2025","1129071500","001","월곡1동모랫말경로당","서울특별시 성북구 종암로38길 26-4 ","","52.13","47","","20240520","20240930","127.032898","37.606352","202904.845284","556308.454469"
"2025","1129071500","001","월곡1동 밤골경로당","서울특별시 성북구 화랑로13가길 17-8 ","","214.00","80","","20240520","20240930","127.039957","37.607575","203528.140550","556444.413734"
"2025","1129071500","001","월곡1동경로당","서울특별시 성북구 오패산로3길 99","","98.00","56","","20240520","20240930","127.033835","37.607482","202987.616551","556433.890434"
"2025","1129071500","008","새서울신용협동조합(지점)","서울특별시 성북구 오패산로 98","","50.00","7","","20240520","20240930","127.035651","37.610885","203147.814484","556811.579081"
"2025","1129072500","099","성북구 보건소","서울특별시 성북구 화랑로 63","","63.00","15","","20240520","20240930","127.039554","37.602686","203492.776050","555901.740024"
"2025","1129072500","099","삼태기마을 주민공동이용시설","서울특별시 성북구 화랑로18길 28","","85.56","21","","20240520","20240930","127.049297","37.606008","204352.921608","556270.930260"
"2025","1129072500","002","성북장애인종합복지관","서울특별시 성북구 화랑로 130","","2,460.00","260","","20240520","20240930","127.045625","37.604583","204028.768661","556112.518209"
"2025","1129072500","005","월곡2동 주민센터","서울특별시 성북구 화랑로 152","","867.00","50","","20240520","20240930","127.047960","37.605765","204234.895565","556243.876590"
"2025","1129072500","099","성북정보도서관","서울특별시 성북구 화랑로18자길 13","","6,667.00","250","","20240520","20240930","127.050573","37.604935","204465.665764","556151.887853"
"2025","1129072500","002","상월곡실버복지센터","서울특별시 성북구 화랑로18길 6","","576.00","80","","20240520","20240930","127.048092","37.605864","204246.536795","556254.848265"
"2025","1129072500","001","목화경로당","서울특별시 성북구 월곡로14길 1-19 ","","68.00","30","","20240520","20240930","127.041577","37.601060","203671.477713","555721.382431"
"2025","1129072500","001","상월곡동경로당","서울특별시 성북구 화랑로18길 6","","180.60","40","","20240520","20240930","127.048226","37.605821","204258.345018","556250.081791"
"2025","1129072500","001","월곡2동경로당","서울특별시 성북구 화랑로5길 8","","158.00","50","","20240520","20240930","127.039078","37.602993","203450.711382","555935.840430"
"2025","1129072500","001","동덕경로당","서울특별시 성북구 장월로1마길 27-6 ","","63.15","25","","20240520","20240930","127.042730","37.605564","203773.076043","556221.311460"
"2025","1129072500","008","새마을금고 월곡(본점)","서울특별시 성북구 화랑로11길 36","","50.00","5","","20240520","20240930","127.042404","37.603742","203744.390147","556019.043129"
"2025","1129072500","008","국민은행 월곡역지점","서울특별시 성북구 화랑로 91","","50.00","5","","20240520","20240930","127.042095","37.602943","203717.179572","555930.428355"
"2025","1138069000","001","은뜨락경로당","","","155.00","70","","20240520","20240930","126.920362","37.629882","192970.162951","558922.516947"
"2025","1138069000","099","은평뉴타운도서관","서울특별시 은평구 진관2로 111-51 ","","33.00","10","","20240520","20240930","126.933104","37.637196","194095.486759","559733.349939"
"2025","1138069000","099","상림도서관","서울특별시 은평구 진관4로 48-25 ","","33.00","10","","20240520","20240930","126.928968","37.644247","193731.021799","560516.251113"
"2025","1138069000","099","롯데몰 은평점","서울특별시 은평구 통일로 1050","","33.00","10","","20240520","20240930","126.917818","37.637480","192746.328545","559766.009446"
"2025","1138069000","005","진관동주민센터","서울특별시 은평구 진관2로 31","","189.00","57","","20240520","20240930","126.920900","37.635000","193018.158621","559490.488030"
"2025","1138069000","001","여기소경로당","서울특별시 은평구 의상봉길 8","","201.00","20","","20240520","20240930","126.939754","37.653125","194683.618066","561500.941862"
"2025","1138069000","002","은평노인종합복지관","서울특별시 은평구 연서로 415","","30.00","10","","20240520","20240930","126.930096","37.632046","193829.608707","559161.980338"
"2025","1141052000","008","우리은행 독립문지점","서울특별시 서대문구 통일로 195","","67.00","5","","20240601","20240930","126.961400","37.570700","196589.998524","552351.654449"
"2025","1141052000","099","천연동 자치회관","서울특별시 서대문구 독립문로 15-7 ","","350.00","40","","20240601","20240930","126.960700","37.570200","196528.135908","552296.185896"
"2025","1141052000","002","서대문노인종합복지관","서울특별시 서대문구 독립문로8길 57","","3,402.68","15","","20240601","20240930","126.959120","37.567988","196388.412433","552050.683746"
"2025","1141052000","001","천연동 분회경로당","서울특별시 서대문구 독립문로 50","","379.00","23","","20240601","20240930","126.962499","37.567899","196686.962322","552040.714573"
"2025","1141052000","001","독립문 극동임대A경로당","서울특별시 서대문구 독립문공원길 13","","99.00","19","","20240601","20240930","126.956479","37.572125","196155.340754","552510.036164"
"2025","1141052000","005","천연동주민센터","서울특별시 서대문구 성산로 694","","152.00","10","","20240601","20240930","126.959017","37.571138","196379.465388","552400.378719"
"2025","1141052000","001","서대문센트레빌 제2경로당","서울특별시 서대문구 독립문로14길 33","","83.00","16","","20240601","20240930","126.959339","37.565945","196407.697307","551824.026117"
"2025","1141052000","099","이진아기념도서관","서울특별시 서대문구 독립문공원길 80","","83.00","10","","20240601","20240930","126.956302","37.574030","196139.794001","552721.454171"
"2025","1141054000","001","북아현동경로당","서울특별시 서대문구 북아현로 24","","143.00","19","","20240601","20240930","126.957084","37.559479","196208.136854","551106.420442"
"2025","1141054000","001","동심경로당","서울특별시 서대문구 신촌로27길 47","","38.00","13","","20240601","20240930","126.948797","37.557398","195475.828619","550875.809592"
"2025","1141054000","005","북아현동주민센터","서울특별시 서대문구 북아현로 24","","160.00","10","","20240601","20240930","126.956976","37.559453","196198.557827","551103.550227"
"2025","1141055500","002","서대문장애인종합복지관","서울특별시 서대문구 북아현로 24","","1,256.80","30","","20240601","20240930","126.957058","37.559500","196205.867208","551108.796626"
"2025","1141056500","001","미근경로당(구 충정로동분회)","서울특별시 서대문구 충정로6길 27","","125.00","25","","20240601","20240930","126.966280","37.562656","197020.760686","551458.709791"
"2025","1141056500","001","능안경로당","서울특별시 서대문구 북아현로18길 47","","199.00","38","","20240601","20240930","126.956556","37.563781","196161.697144","551583.913141"
"2025","1141056500","005","충현동주민센터","서울특별시 서대문구 북아현로22길 38","","1,347.70","10","","20240601","20240930","126.954721","37.564808","195999.602979","551697.996817"
"2025","1153054000","001","문성골경로당","서울특별시 구로구 디지털로32가길 50","","119.00","43","","20240601","20240930","126.897787","37.481369","190959.514869","542441.278587"
"2025","1153054000","008","구로3동 새마을금고","서울특별시 구로구 도림로 36","","42.90","13","","20240601","20240930","126.888577","37.487316","190145.668351","543102.163534"
"2025","1153054000","001","베타니아경로당","서울특별시 구로구 디지털로27다길 15","","33.00","10","","20240601","20240930","126.889317","37.484976","190210.800138","542842.399360"
"2025","1153054000","005","구로3동주민센터","서울특별시 구로구 디지털로31길 109","","471.00","142","","20240601","20240930","126.890305","37.487442","190298.580469","543115.957227"
"2025","1153054000","002","구로종합사회복지관","서울특별시 구로구 디지털로31길 93","","42.30","50","","20240601","20240930","126.890808","37.486794","190342.947199","543044.030472"
"2025","1153054000","001","구로3동경로당","서울특별시 구로구 디지털로27다길 65","","238.00","72","","20240601","20240930","126.890259","37.487174","190294.459882","543086.239710"
"2025","1153054000","001","대원경로당","서울특별시 구로구 도림로 110","","207.00","62","","20240601","20240930","126.894951","37.491437","190709.951230","543558.958931"
"2025","1153055000","001","은빛경로당","서울특별시 구로구 구로동로22길 51","","61.00","18","","20240601","20240930","126.887213","37.489185","190025.319487","543309.752699"
"2025","1153055000","001","한중다문화경로당","서울특별시 구로구 구로동로28길 78-4 ","","124.62","37","","20240601","20240930","126.888396","37.491032","190130.220349","543514.642982"
"2025","1153055000","008","동구로새마을금고","서울특별시 구로구 구로중앙로 26","","33.00","10","","20240601","20240930","126.891461","37.492381","190401.422909","543663.991957"
"2025","1153055000","001","구로리경로당","서울특별시 구로구 구로동로28길 102-13 ","","33.00","10","","20230601","20240930","126.889238","37.491495","190204.673226","543565.942067"
"2025","1153055000","005","구로4동 주민센터","서울특별시 구로구 구로동로28길 94","","857.00","259","","20240601","20240930","126.889132","37.491563","190195.343324","543573.500172"
"2025","1153055000","001","구로4동구경로당","서울특별시 구로구 구로동로8길 27","","92.00","27","","20240601","20240930","126.886251","37.486982","189939.973064","543065.395350"
"2025","1153055000","001","구로4동복지관경로당","서울특별시 구로구 구로동로20길 57","","150.00","45","","20240601","20240930","126.887637","37.488027","190062.663944","543181.218350"
"2025","1153055000","001","마을공원 경로당","서울특별시 구로구 구로동로22길 57","","61.44","18","","20240601","20240930","126.887506","37.489087","190051.210051","543298.844990"
"2025","1153056000","099","대한노인회구로구지회","서울특별시 구로구 새말로18길 39","","60.00","18","","20240601","20240930","126.892836","37.504704","190524.542200","545031.590618"
"2025","1153056000","008","구로5동새마을금고","서울특별시 구로구 구로중앙로32가길 22","","60.00","18","","20240601","20240930","126.885051","37.500112","189835.597074","544522.805447"
"2025","1153056000","001","미리내경로당","서울특별시 구로구 구로중앙로22길 49","","115.80","35","","20240601","20240930","126.889156","37.497990","190198.261574","544286.844423"
"2025","1153056000","005","구로5동 주민센터","서울특별시 구로구 구로중앙로28길 66","","547.00","165","","20240601","20240930","126.889289","37.500043","190210.334674","544514.653692"
"2025","1153056000","001","푸른솔경로당","서울특별시 구로구 구로중앙로32나길 12","","101.00","60","","20240601","20240930","126.885527","37.501608","189877.845281","544688.790919"
"2025","1153056000","002","구로노인종합복지관","서울특별시 구로구 새말로16길 7","","2,799.00","300","","20240601","20240930","126.890599","37.505287","190326.813216","545096.557039"
"2025","1153054000","005","가리봉동 주민센터","서울특별시 구로구 우마2길 35","","511.00","154","","20240601","20240930","126.889769","37.482450","190250.501358","542562.044176"
"2025","1153059500","001","골말경로당","서울특별시 구로구 구로동로7길 74","","122.00","36","","20240601","20240930","126.882539","37.486390","189611.527952","543000.105442"
"2025","1120062000","005","금호4가동주민센터","서울특별시 성동구 독서당로46길 26","","295.00","11","","20240520","20240930","127.022351","37.547148","201975.153760","549737.240405"
"2025","1120064500","099","숲속도서관","서울특별시 성동구 매봉길 49-29 ","","28.00","5","","20240520","20240930","127.010949","37.545827","200967.569360","549590.347043"
"2025","1120063000","001","옥수실버문화센터경로당","서울특별시 성동구 한림말길 49","","139.00","42","","20240520","20240930","127.016575","37.541520","201464.839820","549112.450595"
"2025","1120063000","002","옥수종합사회복지관","서울특별시 성동구 한림말길 16-5 ","","3,074.00","10","","20240520","20240930","127.012731","37.540443","201125.136891","548992.863785"
"2025","1120063000","005","옥수동주민센터","서울특별시 성동구 독서당로 203","","749.83","8","","20240520","20240930","127.013519","37.543633","201194.709963","549346.935778"
"2025","1120065000","001","중앙경로당","서울특별시 성동구 둘레9가길 23","","53.00","16","","20240520","20240930","127.049882","37.537340","204408.596608","548649.550710"
"2025","1120065000","099","성수아트홀(책마루)","서울특별시 성동구 뚝섬로1길 43","","400.00","40","","20240520","20240930","127.046951","37.545403","204149.148090","549544.278905"
"2025","1120065000","002","성수종합사회복지관","서울특별시 성동구 뚝섬로1길 43","","1,761.20","15","","20240520","20240930","127.046951","37.545403","204149.148090","549544.278905"
"2025","1120065000","005","성수1가1동주민센터","서울특별시 성동구 뚝섬로3길 18","","1,973.00","12","","20240520","20240930","127.049631","37.541978","204386.185387","549164.278190"
"2025","1120065000","001","새촌할머니경로당","서울특별시 성동구 성수일로3길 5-16 ","","31.00","9","","20240520","20240930","127.047933","37.541834","204236.131176","549148.284682"
"2025","1120065000","001","구립새촌경로당","서울특별시 성동구 성수일로3길 3-10 ","","63.00","19","","20240520","20240930","127.048205","37.541870","204260.167431","549152.281434"
"2025","1120065000","001","서울숲실버문화센터경로당","서울특별시 성동구 뚝섬로1길 2","","51.30","15","","20240520","20240930","127.045998","37.541448","204065.144425","549105.280273"
"2025","1120065000","001","성수1가1동 경로당","서울특별시 성동구 성덕정9길 8-1 ","","99.00","30","","20240520","20240930","127.049957","37.538743","204415.186674","548805.281184"
"2025","1120066000","099","성수아트홀(책마루)","서울특별시 성동구 뚝섬로1길 43","","35.79","10","","20240520","20240930","127.046962","37.545396","204150.138221","549543.546879"
"2025","1120066000","001","성수1가2동노인복지관","서울특별시 성동구 왕십리로5길 3","","321.00","15","로비","20240520","20240930","127.044327","37.546234","203917.199068","549636.486078"
"2025","1120066000","005","성수1가2동주민센터","서울특별시 성동구 왕십리로5길 3","","673.00","11","","20240520","20240930","127.044372","37.546251","203921.192589","549638.274868"
"2025","1120066000","001","서울숲 경로당","서울특별시 성동구 왕십리로 101","","149.00","45","","20240520","20240930","127.044313","37.546668","203915.983389","549684.587681"
"2025","1120066000","001","상원 경로당","서울특별시 성동구 왕십리로16길 6","","100.00","30","","20240520","20240930","127.045019","37.550061","203978.166016","550061.266038"
"2025","1120066000","001","성원 경로당","서울특별시 성동구 상원10길 21","","83.00","25","","20240520","20240930","127.050043","37.550186","204422.111394","550075.275203"
"2025","1120067000","005","성수2가1동주민센터","서울특별시 성동구 뚝섬로 385-19 ","","287.00","11","","20240520","20240930","127.054065","37.539507","204778.201915","548890.287762"
"2025","1120067000","001","뚝섬실버문화센터경로당","서울특별시 성동구 성수이로 2","","211.00","43","","20240520","20240930","127.053643","37.535372","204741.167860","548431.287641"
"2025","1120069000","001","성실경로당","서울특별시 성동구 광나루로 240-17 ","","50.00","15","","20240520","20240930","127.056247","37.548852","204970.406448","549927.538235"
"2025","1129072500","008","새서울신용협동조합(본점)","서울특별시 성북구 화랑로 95","","50.00","5","","20240520","20240930","127.042494","37.603307","203752.341598","555970.777599"
"2025","1129076000","099","장위행복누림복합센터","서울특별시 성북구 장위로21다길 53","","1,472.00","190","","20240520","20240930","127.045794","37.615834","204043.109079","557361.264107"
"2025","1129076000","005","장위1동 주민센터","서울특별시 성북구 장위로 61","","160.00","36","","20240520","20240930","127.043819","37.614035","203868.770318","557161.566752"
"2025","1129076000","001","장위1동경로당","서울특별시 성북구 장위로22길 51","","123.00","40","","20240520","20240930","127.043491","37.611671","203839.941321","556899.163788"
"2025","1129076000","001","장위1동 장수경로당","서울특별시 성북구 월계로32길 15","","159.00","60","","20240520","20240930","127.044753","37.618924","203951.010556","557704.209870"
"2025","1129076000","008","장위신용협동조합","서울특별시 성북구 장위로 60","","50.00","5","","20240520","20240930","127.043213","37.613784","203815.323046","557133.716980"
"2025","1129076000","008","북서울새마을금고(장위1)","서울특별시 성북구 돌곶이로 209","","50.00","5","","20240520","20240930","127.046486","37.618331","204104.049945","557638.423193"
"2025","1129077000","005","장위2동 주민센터","서울특별시 성북구 돌곶이로27길 12","","199.00","10","","20240520","20240930","127.054418","37.612438","204804.684959","556984.795569"
"2025","1129077000","001","장위2동경로당","서울특별시 성북구 장위로40다길 13","","72.00","40","","20240520","20240930","127.053269","37.611661","204703.320936","556898.443332"
"2025","1129077000","001","장월경로당","서울특별시 성북구 장월로18길 27-4 ","","68.60","28","","20240520","20240930","127.049832","37.615447","204399.615024","557318.581641"
"2025","1129077000","008","서울북부새마을금고(장위로지점)","서울특별시 성북구 장위로 131","","50.00","5","","20240520","20240930","127.051194","37.613719","204519.995923","557126.823715"
"2025","1129078000","002","장위종합사회복지관","서울특별시 성북구 화랑로 237","","115.83","290","","20240520","20240930","127.055565","37.610445","204906.122912","556763.664634"
"2025","1129078000","005","장위3동주민센터","","","522.18","80","","20240520","20240930","127.055462","37.615050","204896.753073","557274.731126"
"2025","1129078000","001","장위3동 제1경로당","서울특별시 성북구 장월로32길 9-3 ","","76.00","78","","20240520","20240930","127.051327","37.617680","204531.498294","557566.414066"
"2025","1129078000","002","장위실버복지센터","서울특별시 성북구 한천로 708","","264.00","30","","20240520","20240930","127.053532","37.620119","204725.997975","557837.225668"
"2025","1129078000","099","시립성북청소년센터","서울특별시 성북구 한천로 660-9 ","","100.00","10","","20240520","20240930","127.055802","37.617519","204926.573330","557548.770234"
"2025","1129078000","008","새마을금고 장위3동(본점)","서울특별시 성북구 장위로 179-1 ","","50.00","5","","20240520","20240930","127.055399","37.616138","204891.119569","557395.473023"
"2025","1129013900","001","돌곶이 경로당","서울특별시 성북구 돌곶이로7길 20","","46.78","43","","20240520","20240930","127.060551","37.605949","205346.701531","556264.918838"
"2025","1129081000","099","돌곶이생활예술문화센터","서울특별시 성북구 화랑로32길 100-1 ","","99.00","10","","20240520","20240930","127.058762","37.606283","205188.709002","556301.844416"
"2025","1129081000","005","석관동 주민센터","서울특별시 성북구 화랑로 296","","160.00","50","","20240520","20240930","127.061374","37.612971","205418.836739","557044.364874"
"2025","1129081000","001","석관동제1경로당","서울특별시 성북구 한천로74길 1","","117.68","40","","20240520","20240930","127.063209","37.610822","205581.048584","556805.967790"
"2025","1129081000","001","석관동 제2경로당","서울특별시 성북구 돌곶이로21길 6","","56.00","45","","20240520","20240930","127.057630","37.609805","205088.495809","556692.719313"
"2025","1129081000","002","석관실버복지센터","서울특별시 성북구 화랑로32길 88","","478.00","200","","20240520","20240930","127.058264","37.606692","205144.663241","556347.300300"
"2025","1129081000","008","SC제일은행 석관동지점","서울특별시 성북구 돌곶이로 48","","50.00","5","","20240520","20240930","127.059768","37.608455","205277.341124","556543.035324"
"2025","1141056500","099","충현동자치회관","서울특별시 서대문구 경기대로 40","","0.00","9","","20240601","20240930","126.962349","37.562951","196673.464026","551491.605388"
"2025","1141055500","002","이화여자대학교 종합사회복지관","서울특별시 서대문구 이화여대길 52","","1,201.00","15","","20240601","20240930","126.945654","37.559730","195198.225795","551134.845406"
"2025","1141058500","001","신촌경로당","서울특별시 서대문구 성산로24길 1-20 ","","181.00","36","","20240601","20240930","126.948069","37.567684","195412.152652","552017.447576"
"2025","1141058500","001","창천경로당","서울특별시 서대문구 신촌로11길 35-4 ","","193.00","40","","20240601","20240930","126.933245","37.558439","194101.727168","550992.266000"
"2025","1141058500","005","신촌동주민센터","서울특별시 서대문구 연세로2나길 47","","67.00","10","","20240601","20240930","126.939332","37.557711","194639.500961","550911.002184"
"2025","1141061500","002","시립서대문청소년센터","서울특별시 서대문구 연희로32길 129","","5,804.00","20","","20240601","20240930","126.937900","37.579100","194514.577373","553285.069943"
"2025","1141061500","002","연희노인복지관","서울특별시 서대문구 홍제천로2길 111","","30.00","20","","20240601","20240930","126.923554","37.572222","193246.717444","552522.603316"
"2025","1141059000","001","연서경로당","서울특별시 서대문구 홍제천로2길 111","","101.00","20","","20240601","20240930","126.923560","37.572217","193247.282388","552522.070111"
"2025","1141059000","001","홍연경로당","서울특별시 서대문구 홍연길 70","","152.00","30","","20240601","20240930","126.930525","37.576300","193862.916030","552974.780439"
"2025","1141059000","001","연산경로당","서울특별시 서대문구 연희로18안길 34-3 ","","123.00","24","","20240601","20240930","126.935608","37.567397","194311.265391","551986.275259"
"2025","1141059000","005","연희동주민센터","서울특별시 서대문구 연희로 189","","80.00","30","","20240601","20240930","126.935231","37.573899","194278.394539","552707.933579"
"2025","1141059000","001","연희궁경로당","서울특별시 서대문구 성산로17길 30-2 ","","60.00","12","","20240601","20240930","126.932772","37.563518","194060.381932","551556.004851"
"2025","1141059000","099","연희동자치회관","서울특별시 서대문구 증가로 13-10 ","","120.00","16","","20240601","20240930","126.930837","37.569278","193889.911869","552195.421546"
"2025","1141062000","001","홍제1동 분회경로당","서울특별시 서대문구 모래내로 459-6 ","","132.00","26","","20240601","20240930","126.945442","37.585836","195181.238703","554032.253351"
"2025","1141062000","001","초원경로당","서울특별시 서대문구 홍제내2길 56","","211.00","42","","20240601","20240930","126.937196","37.586827","194453.000248","554142.709204"
"2025","1141062000","005","홍제1동주민센터","서울특별시 서대문구 통일로 435-1 ","","220.00","30","","20240601","20240930","126.944929","37.587717","195136.059670","554241.082799"
"2025","1141062000","099","홍제1동자치회관","서울특별시 서대문구 통일로27길 19","","0.00","20","","20240601","20240930","126.948422","37.583205","195444.213631","553740.093580"
"2025","1141064000","008","우리은행 홍제동지점","서울특별시 서대문구 세검정로 36","","0.00","5","","20240601","20240930","126.945400","37.591800","195177.887382","554694.214466"
"2025","1141064000","001","홍제3동분회경로당","서울특별시 서대문구 세검정로4길 32","","87.00","40","","20240601","20240930","126.949731","37.593761","195560.469858","554911.661073"
"2025","1141064000","005","홍제3동주민센터","서울특별시 서대문구 세검정로4길 32","","250.00","30","","20240601","20240930","126.949694","37.593768","195557.202604","554912.395348"
"2025","1141064000","001","개미마을경로당","서울특별시 서대문구 세검정로4길 129-16 ","","40.00","20","","20240601","20240930","126.953920","37.590631","195930.294135","554564.065296"
"2025","1153074000","005","개봉1동 주민센터","서울특별시 구로구 경인로33길 51","","632.00","191","","20240601","20240930","126.851117","37.500210","186834.987595","544537.843468"
"2025","1153074000","001","개봉1동 경로당","서울특별시 구로구 경인로35길 40-1 ","","107.00","60","","20240601","20240930","126.853973","37.499093","187087.337829","544413.475190"
"2025","1153074000","008","신한은행개봉지점","서울특별시 구로구 경인로 323","","150.00","45","","20240601","20240930","126.856153","37.497611","187279.847483","544248.639983"
"2025","1153075000","001","중앙경로당","서울특별시 구로구 개봉로15길 58-2 ","","146.00","44","","20240601","20240930","126.852999","37.490120","186999.681640","543417.744791"
"2025","1153075000","005","개봉2동 주민센터","서울특별시 구로구 개봉로16가길 17","","2,053.00","622","","20240601","20240930","126.856584","37.490832","187316.822641","543496.211908"
"2025","1153075000","001","개봉2동 경로당","서울특별시 구로구 개봉로17나길 62","","232.29","70","","20240601","20240930","126.851956","37.493503","186907.978974","543793.280680"
"2025","1153076000","005","개봉3동 주민센터","서울특별시 구로구 개봉로3길 47-5 ","","572.00","173","","20240601","20240930","126.853827","37.485954","187072.180784","542955.203839"
"2025","1153076000","001","개명경로당","서울특별시 구로구 개봉로1길 148","","161.00","48","","20240601","20240930","126.850864","37.481902","186809.423361","542505.873965"
"2025","1153076000","001","개봉3동 경로당","서울특별시 구로구 개봉로11길 7-46 ","","192.00","58","","20230520","20230930","126.855381","37.487061","187209.782006","543077.876298"
"2025","1153077000","001","행복주택 경로당","서울특별시 구로구 경인로20가길 24","","152.67","46","","20240601","20240930","126.847318","37.495400","186498.229358","544004.533642"
"2025","1153077000","001","희망경로당","서울특별시 구로구 경인로11길 4-9 ","","167.78","50","","20240601","20240930","126.838363","37.494274","185706.097812","543880.851130"
"2025","1153077000","001","오류골 경로당","서울특별시 구로구 경인로27길 7","","94.94","28","","20240601","20240930","126.845111","37.497032","186303.324934","544185.983462"
"2025","1153077000","008","오류동하나은행","서울특별시 구로구 경인로 218","","50.00","15","","20240601","20240930","126.845146","37.496205","186306.268945","544094.192055"
"2025","1153077000","008","오류동신협","서울특별시 구로구 경인로25길 12","","30.00","9","","20240601","20240930","126.844431","37.496991","186243.141441","544181.521134"
"2025","1153077000","008","오류1동 새마을금고","서울특별시 구로구 경인로 205","","88.00","26","","20240601","20240930","126.843686","37.496170","186177.110472","544090.520986"
"2025","1153077000","001","동산경로당","서울특별시 구로구 고척로3길 85","","86.00","26","","20240601","20240930","126.836879","37.497721","185575.536189","544263.683254"
"2025","1153077000","001","장미경로당","서울특별시 구로구 경인로15나길 3","","99.00","30","","20240601","20240930","126.838347","37.495534","185704.931994","544020.752729"
"2025","1153077000","008","오류동신한은행","서울특별시 구로구 경인로 212","","50.00","15","","20240601","20240930","126.844516","37.496023","186250.480479","544074.095420"
"2025","1153077000","005","오류1동 주민센터","서울특별시 구로구 경인로27길 10","","1,287.00","390","","20240601","20240930","126.845279","37.497254","186318.230392","544210.620345"
"2025","1153077000","008","오류동경서농협","서울특별시 구로구 고척로6길 66","","60.00","18","","20240601","20240930","126.842290","37.495968","186053.642248","544068.307492"
"2025","1153078000","001","오정경로당","서울특별시 구로구 오리로13가길 30","","90.00","27","","20240601","20240930","126.830475","37.489432","185007.523125","543344.723550"
"2025","1153078000","005","오류2동 주민센터","서울특별시 구로구 오류로 45","","458.00","138","","20240601","20240930","126.839475","37.488763","185803.329604","543269.033649"
"2025","1153078000","001","오리골경로당","서울특별시 구로구 천왕로 106","","165.00","60","","20240601","20240930","126.838555","37.486035","185721.517503","542966.422555"
"2025","1120069000","001","성삼 경로당","서울특별시 성동구 광나루로2길 35","","151.00","32","","20240520","20240930","127.055225","37.548188","204880.155484","549853.821992"
"2025","1120069000","001","경동할머니경로당","서울특별시 성동구 연무장1길 18","","38.50","7","","20240520","20240930","127.051100","37.544300","204515.869549","549422.094838"
"2025","1120069000","005","성수2가3동주민센터","서울특별시 성동구 광나루로2길 35","","896.00","12","","20240520","20240930","127.055112","37.548228","204870.167210","549858.288948"
"2025","1120072000","001","송정노인복지관","서울특별시 성동구 송정18가길 9","","734.49","50","","20240520","20240930","127.068461","37.553283","206049.408134","550420.119716"
"2025","1120072000","099","송정동늘푸른작은도서관","서울특별시 성동구 송정18가길 9","","135.70","30","","20240520","20240930","127.068239","37.553211","206029.744446","550412.080978"
"2025","1120072000","001","송현경로당","서울특별시 성동구 송정12길 19-1 ","","95.40","30","","20240520","20240930","127.067187","37.549256","205937.144836","549973.023128"
"2025","1120072000","001","송정동 경로당","서울특별시 성동구 송정길 93-2 ","","46.00","14","","20240520","20240930","127.067708","37.553232","205982.813327","550414.411090"
"2025","1120072000","001","송일경로당","서울특별시 성동구 동일로43길 15-22 ","","190.00","57","","20240520","20240930","127.069535","37.555140","206144.139424","550626.294223"
"2025","1120072000","001","새말 경로당","서울특별시 성동구 동일로55가길 9","","68.20","20","","20240520","20240930","127.071574","37.556914","206324.156370","550823.300169"
"2025","1120072000","005","송정동주민센터","서울특별시 성동구 동일로43길 13","","120.00","9","","20240520","20240930","127.069546","37.554591","206145.156518","550565.295887"
"2025","1120079000","001","용답동노인복지관","서울특별시 성동구 천호대로78길 42","","390.82","50","","20240520","20240930","127.054736","37.560611","204836.166909","551232.568294"
"2025","1120079000","001","용화경로당","서울특별시 성동구 천호대로78길 42","","126.70","50","","20240520","20240930","127.054744","37.560621","204836.881891","551233.745186"
"2025","1120079000","001","용답 제1경로당","서울특별시 성동구 용답중앙길 89-1 ","","59.00","18","","20240520","20240930","127.054986","37.562320","204858.117910","551422.271118"
"2025","1120079000","001","용답 제2경로당","서울특별시 성동구 용답중앙길 49","","130.00","39","","20240520","20240930","127.051728","37.564763","204570.118129","551693.274183"
"2025","1120079000","005","용답동주민센터","서울특별시 성동구 용답중앙23길 20","","239.00","12","","20240520","20240930","127.055384","37.564176","204893.160587","551628.274843"
"2025","1120079000","099","용답도서관","서울특별시 성동구 용답중앙3길 10","","120.00","36","","20240520","20240930","127.051367","37.566772","204538.102238","551916.265455"
"2025","1121510700","001","화양장수경로당","서울특별시 광진구 군자로 34","","75.04","28","","20240705","20240930","127.070489","37.546334","206229.185785","549648.941070"
"2025","1121571000","001","화양경로당","서울특별시 광진구 능동로17길 39","","236.79","65","","20240520","20240930","127.071318","37.546538","206302.401514","549671.604540"
"2025","1121571000","001","모진경로당","서울특별시 광진구 광나루로24길 53","","150.58","37","","20240520","20240930","127.078056","37.545052","206897.943886","549507.160558"
"2025","1121571000","005","화양동주민센터","서울특별시 광진구 능동로17길 39","","342.66","55","","20240520","20240930","127.071293","37.546478","206300.206103","549664.987990"
"2025","1121573000","001","복조리경로당","서울특별시 광진구 광나루로17길 28","","61.23","18","","20240520","20240930","127.072403","37.548860","206398.120436","549929.402990"
"2025","1121573000","001","군자경로당","서울특별시 광진구 동일로52길 27","","95.70","23","","20240520","20240930","127.072768","37.554418","206429.870657","550546.332655"
"2025","1121573000","001","양마경로당","서울특별시 광진구 동일로42길 2","","165.22","41","","20240520","20240930","127.070286","37.552876","206210.685994","550375.022176"
"2025","1129081000","099","한천마을공동체","서울특별시 성북구 한천로74길 7","","50.00","5","","20240520","20240930","127.063496","37.610612","205606.351931","556782.666035"
"2025","1129081000","008","새마을금고 석관동(본점)","서울특별시 성북구 돌곶이로 39","","50.00","5","","20240520","20240930","127.060063","37.607604","205303.458161","556448.522546"
"2025","1129081000","008","강북신용협동조합","서울특별시 성북구 돌곶이로 59","","50.00","5","","20240520","20240930","127.058716","37.608942","205184.400833","556596.961799"
"2025","1129081000","099","석관지구대","서울특별시 성북구 화랑로32가길 20","","50.00","5","","20240520","20240930","127.055246","37.608961","204878.071399","556598.895776"
"2025","1130553400","005","삼양동주민센터","서울특별시 강북구 솔매로 69","","167.01","30","","20240520","20240930","127.019907","37.624977","201757.303166","558375.317196"
"2025","1130553400","001","미동경로당","서울특별시 강북구 삼양로74길 74","","168.00","30","","20240520","20240930","127.022020","37.630148","201943.752595","558949.229788"
"2025","1130553400","001","미송경로당","서울특별시 강북구 인수봉로 42","","141.00","20","","20240520","20240930","127.012986","37.623794","201146.429735","558243.876409"
"2025","1130553400","001","은혜경로당","서울특별시 강북구 삼양로63가길 7-26 ","","63.45","20","","20240520","20240930","127.016068","37.627272","201418.440321","558629.895274"
"2025","1130553400","001","청암경로당","서울특별시 강북구 솔매로22길 11","","95.16","20","","20240520","20240930","127.016998","37.624735","201500.551887","558348.373986"
"2025","1130553400","001","미양할머니경로당","서울특별시 강북구 삼양로35가길 7-4 ","","91.82","35","","20240520","20240930","127.019392","37.620692","201711.938330","557899.718299"
"2025","1130553400","001","실개울경로당","서울특별시 강북구 삼양로47길 37","","157.00","25","","20240520","20240930","127.016932","37.622672","201494.758003","558119.435159"
"2025","1130553400","001","삼일경로당","서울특별시 강북구 삼양로41길 61","","52.33","15","","20240520","20240930","127.016782","37.621508","201481.521363","557990.218989"
"2025","1130553400","001","팔팔경로당","서울특별시 강북구 인수봉로 36","","171.76","35","","20240520","20240930","127.013273","37.623229","201171.704126","558181.170952"
"2025","1130553400","002","구세군강북종합사회복지관","서울특별시 강북구 인수봉로20가길 24","","60.45","20","","20240520","20240930","127.013372","37.625720","201180.457421","558457.602359"
"2025","1130553500","005","미아동주민센터","서울특별시 강북구 솔매로49길 14","","367.00","30","","20240520","20240930","127.026937","37.627043","202377.874846","558604.742917"
"2025","1130553500","001","미아 경로당","서울특별시 강북구 솔매로 147-11 ","","132.00","30","","20240520","20240930","127.028543","37.627454","202519.648940","558650.423685"
"2025","1130553500","001","운산경로당","서울특별시 강북구 도봉로72길 14-4 ","","161.19","40","","20240520","20240930","127.025043","37.631911","202210.528199","559144.982301"
"2025","1130553500","001","율곡경로당","서울특별시 강북구 오패산로52아길 11","","167.01","40","","20240520","20240930","127.031191","37.627040","202753.354442","558604.526231"
"2025","1130553500","001","한빛경로당","서울특별시 강북구 솔매로43길 25","","127.88","40","","20240520","20240930","127.023731","37.626902","202094.894305","558589.005916"
"2025","1130554500","001","오패산 경로당","서울특별시 강북구 오패산로52다길 55","","19.80","5","","20240520","20240930","127.033257","37.622407","202935.975482","558090.341723"
"2025","1130554500","001","벽오산경로당","서울특별시 강북구 월계로21나길 30","","132.70","40","","20240520","20240930","127.038121","37.615600","203365.698275","557335.000940"
"2025","1130554500","001","송중경로당","서울특별시 강북구 도봉로34길 25-3 ","","196.00","50","","20240520","20240930","127.029493","37.622379","202603.642996","558087.167324"
"2025","1130554500","001","원송경로당","서울특별시 강북구 오패산로 156-3 ","","186.83","30","","20240520","20240930","127.033830","37.615751","202986.791385","557351.592904"
"2025","1141064000","001","은빛홍삼경로당","서울특별시 서대문구 세무서7길 21-4 ","","124.17","55","","20240601","20240930","126.945627","37.591613","195197.896844","554673.436851"
"2025","1141065500","002","인왕노인복지관","서울특별시 서대문구 통일로26길 12-5 ","","30.00","20","","20240601","20240930","126.950684","37.582761","195644.054657","553690.729504"
"2025","1141063000","001","인왕경로당","서울특별시 서대문구 통일로26길 12-5 ","","56.00","12","","20240601","20240930","126.950700","37.582800","195645.443674","553695.057332"
"2025","1141063000","001","인왕산현대A제2경로당","서울특별시 서대문구 통일로34길 46","","72.00","15","","20240601","20240930","126.950889","37.585258","195662.297896","553967.847534"
"2025","1141063000","001","홍제원현대A제2경로당","서울특별시 서대문구 통일로34길 43","","154.00","30","","20240601","20240930","126.950337","37.586674","195613.581502","554124.988748"
"2025","1141063000","005","홍제2동주민센터","서울특별시 서대문구 통일로34길 27","","220.00","25","","20240601","20240930","126.949368","37.586106","195527.997731","554062.003951"
"2025","1141065500","001","느티나무경로당","서울특별시 서대문구 통일로36다길 2","","97.00","50","","20240601","20240930","126.947313","37.587830","195346.573137","554253.481579"
"2025","1141066000","099","홍은1동 자치회관","서울특별시 서대문구 세검정로1길 45","","100.00","20","","20240601","20240930","126.943900","37.593200","195045.504563","554849.676847"
"2025","1141066000","001","홍은1동분회경로당","서울특별시 서대문구 세검정로1길 116","","118.00","23","","20240601","20240930","126.946440","37.595402","195269.947447","555093.887800"
"2025","1141066000","001","포방터경로당","서울특별시 서대문구 홍은중앙로9길 43","","136.00","27","","20240601","20240930","126.948392","37.601198","195442.714110","555737.082932"
"2025","1141066000","005","홍은1동주민센터","서울특별시 서대문구 홍은중앙로 85","","235.15","15","","20240601","20240930","126.947145","37.598852","195332.397030","555476.797471"
"2025","1141066000","001","아름다운홍일경로당","서울특별시 서대문구 통일로48가길 37","","54.00","10","","20240601","20240930","126.942400","37.594600","194913.126709","555005.141382"
"2025","1141066000","099","홍은도담도서관","서울특별시 서대문구 홍은중앙로 129","","682.77","15","","20240601","20240930","126.949041","37.601755","195500.040603","555798.916889"
"2025","1141066000","002","홍은종합사회복지관","서울특별시 서대문구 세검정로1길 116","","560.00","20","","20240601","20240930","126.946478","37.595358","195273.300596","555089.080070"
"2025","1141067000","001","백련경로당","서울특별시 서대문구 명지대길 50","","90.00","18","","20240601","20240930","126.924149","37.582377","193300.242852","553649.704575"
"2025","1141067000","001","상지경로당","서울특별시 서대문구 통일로 555-1 ","","211.00","42","","20240601","20240930","126.937400","37.596900","194471.727960","555260.698329"
"2025","1141067000","001","논골문화원","서울특별시 서대문구 연희로41나길 1","","119.00","23","","20240601","20240930","126.933530","37.591838","194129.584146","554699.074397"
"2025","1141067000","001","정원단지경로당","서울특별시 서대문구 연희로39나길 8","","145.00","28","","20240601","20240930","126.931922","37.586696","193987.112579","554128.538646"
"2025","1141067000","001","구립홍은2동경로당","서울특별시 서대문구 모래내로 334","","220.00","22","","20240601","20240930","126.934152","37.580108","194183.595942","553397.205135"
"2025","1141068500","001","홍남경로당","서울특별시 서대문구 증가로4길 38-9 ","","125.98","25","","20240601","20240930","126.927482","37.577327","193594.137494","553088.924406"
"2025","1141069000","002","서대문종합사회복지관","서울특별시 서대문구 모래내로 173","","72.90","22","","20240601","20240930","126.919856","37.571271","192919.980578","552417.314409"
"2025","1153051000","008","영등포농협(신도림지점)","서울특별시 구로구 경인로 619-3 ","","221.00","66","","20240601","20240930","126.884114","37.506650","189753.671406","545248.541059"
"2025","1153051000","001","신도림경로당","서울특별시 구로구 경인로 619-3 ","","43.00","13","","20240601","20240930","126.883997","37.506912","189743.309281","545277.588127"
"2025","1153051000","001","송학경로당(신도림분회)","서울특별시 구로구 구로중앙로42길 110-43 ","","70.00","21","","20240601","20240930","126.879486","37.510906","189345.043981","545721.316992"
"2025","1153051000","008","신도림동새마을금고","서울특별시 구로구 신도림로13길 3","","159.00","48","","20240601","20240930","126.880333","37.508357","189419.552117","545438.392551"
"2025","1153052000","008","구로1동 우체국","서울특별시 구로구 구일로 94","","165.00","50","","20240601","20240930","126.872124","37.493686","188691.509153","543811.010693"
"2025","1153052000","008","영등포농협구일지점","서울특별시 구로구 구일로10길 27","","130.00","39","","20240601","20240930","126.872241","37.495827","188702.222572","544048.641970"
"2025","1153052000","005","구로1동 주민센터","서울특별시 구로구 구일로4길 57","","712.00","215","","20240601","20240930","126.875755","37.493013","189012.554835","543735.908580"
"2025","1153053000","002","구로삶터지역자활센터","서울특별시 구로구 구로동로42길 43","","377.58","120","","20240601","20240930","126.883579","37.497633","189705.112306","544247.828453"
"2025","1153053000","001","아홉길경로당","서울특별시 구로구 구로중앙로27길 28-29 ","","124.43","43","","20240601","20240930","126.884885","37.498474","189820.731418","544340.971010"
"2025","1153010200","008","우리은행구로본동지점","서울특별시 구로구 가마산로 203","","200.00","60","","20240601","20240930","126.883632","37.493469","189709.209893","543785.606166"
"2025","1153053000","001","늘봄경로당","서울특별시 구로구 구로동로21가길 5-2 ","","79.37","24","","20240601","20240930","126.883174","37.489153","189668.130706","543306.636707"
"2025","1153053000","008","구로2동 새마을금고","서울특별시 구로구 구로동로28길 17","","75.00","22","","20240601","20240930","126.885087","37.490902","189837.532427","543500.566798"
"2025","1153053000","001","화원경로당","서울특별시 구로구 벚꽃로 490","","129.00","39","","20240601","20240930","126.880406","37.497919","189424.560724","544279.822655"
"2025","1153053000","001","무지개경로당","서울특별시 구로구 구로동로35가길 19-16 ","","61.24","18","","20240601","20240930","126.881331","37.493735","189505.797691","543815.371597"
"2025","1153053000","001","문화경로당","서울특별시 구로구 경인로58길 7","","34.00","10","","20240601","20240930","126.879565","37.502132","189350.800106","544747.594917"
"2025","1153053000","001","늘푸른경로당","서울특별시 구로구 구로동로50길 14-2 ","","43.00","13","","20240601","20240930","126.882854","37.499183","189641.233488","544419.849141"
"2025","1153053000","001","상수경로당","서울특별시 구로구 구로동로41길 33","","57.39","17","","20240601","20240930","126.881734","37.494616","189541.497118","543913.128557"
"2025","1153053000","001","장수경로당","서울특별시 구로구 구로동로17길 5-8 ","","132.00","40","","20240601","20240930","126.884095","37.487987","189749.378846","543177.147576"
"2025","1153053000","002","화원종합사회복지관","서울특별시 구로구 벚꽃로 484","","3,490.00","300","","20240601","20240930","126.880124","37.497308","189399.528903","544212.096791"
"2025","1153053000","001","구로2동경로당","서울특별시 구로구 구로동로28길 25-13 ","","146.00","44","","20240601","20240930","126.885561","37.491421","189879.547804","543558.162312"
"2025","1153053000","001","가마산경로당","서울특별시 구로구 가마산로21길 21-8 ","","138.96","42","","20240601","20240930","126.885202","37.494737","189848.212833","543926.200490"
"2025","1153053000","005","구로2동 주민센터","서울특별시 구로구 구로동로 141","","2,460.00","745","","20240601","20240930","126.883571","37.491319","189703.529245","543547.046369"
"2025","1153053000","001","한우리경로당","서울특별시 구로구 벚꽃로 414-9 ","","61.60","18","","20240601","20240930","126.880674","37.491209","189447.341896","543535.080890"
"2025","1121573000","001","양마제2경로당","서울특별시 광진구 군자로13길 35","","34.90","8","","20240520","20240930","127.070572","37.551769","206236.058871","550252.221746"
"2025","1121573000","005","군자동주민센터","서울특별시 광진구 면목로 13","","448.98","50","","20240520","20240930","127.075465","37.555586","206668.085718","550676.154658"
"2025","1121573000","002","광진노인종합복지관","서울특별시 광진구 군자로 88","","3,515.10","500","","20240520","20240930","127.071497","37.551075","206317.845699","550175.213415"
"2025","1121574000","001","중곡1동경로당","서울특별시 광진구 긴고랑로5길 10","","91.98","30","","20240520","20240930","127.079140","37.564556","206991.996485","551671.996939"
"2025","1121574000","001","중곡1동제2경로당","서울특별시 광진구 긴고랑로8길 51","","252.40","35","","20240520","20240930","127.077969","37.561173","206888.797983","551296.403880"
"2025","1121574000","005","중곡1동주민센터","서울특별시 광진구 긴고랑로12길 49","","241.30","40","","20240520","20240930","127.080038","37.560566","207071.675939","551229.209907"
"2025","1121510100","004","중곡종합건강센터","서울특별시 광진구 긴고랑로 110","","49.00","12","","20240520","20240930","127.087156","37.559392","207700.682841","551099.480210"
"2025","1121575000","001","한마음경로당","서울특별시 광진구 긴고랑로22길 39-4 ","","236.79","65","","20240520","20240930","127.083744","37.559217","207399.249253","551079.772123"
"2025","1121575000","001","장수경로당","서울특별시 광진구 긴고랑로31길 44","","236.79","65","","20240520","20240930","127.086883","37.561710","207676.341683","551356.717468"
"2025","1121575000","005","중곡2동주민센터","서울특별시 광진구 능동로 346","","170.00","42","","20240520","20240930","127.081406","37.560252","207192.609703","551194.496745"
"2025","1121575000","002","중곡종합사회복지관","서울특별시 광진구 용마산로3길 62","","372.00","93","","20240520","20240930","127.084817","37.556657","207494.311189","550795.727444"
"2025","1121576000","099","중곡문화체육센터","서울특별시 광진구 능동로 433","","81.80","24","","20240520","20240930","127.084719","37.567788","207484.573830","552031.074278"
"2025","1121576000","001","용마경로당","서울특별시 광진구 용마산로31길 38-8 ","","145.66","36","","20240520","20240930","127.084061","37.569262","207426.251975","552194.641074"
"2025","1121576000","001","중곡3동경로당","서울특별시 광진구 동일로80길 20","","583.60","45","","20240520","20240930","127.080895","37.570052","207146.489057","552282.109708"
"2025","1121576000","005","중곡3동주민센터","서울특별시 광진구 용마산로 117","","1,362.30","60","","20240520","20240930","127.086549","37.564018","207646.596023","551612.828934"
"2025","1121577000","001","중곡4동경로당","서울특별시 광진구 긴고랑로39길 57","","76.07","19","","20240520","20240930","127.093102","37.559388","208226.062102","551099.528946"
"2025","1121577000","001","용곡경로당","서울특별시 광진구 용마산로28길 31","","236.79","65","","20240520","20240930","127.087908","37.567656","207766.285852","552016.738047"
"2025","1121577000","001","대원경로당","서울특별시 광진구 긴고랑로36길 57-27 ","","272.55","68","","20240520","20240930","127.091653","37.557602","208098.228424","550901.178236"
"2025","1121577000","005","중곡4동주민센터","서울특별시 광진구 긴고랑로 131","","242.00","60","","20240520","20240930","127.089451","37.559084","207903.491030","551065.441957"
"2025","1121578000","001","능동경로당","서울특별시 광진구 천호대로112길 70","","188.26","47","","20240520","20240930","127.080189","37.553168","207085.735567","550408.097765"
"2025","1121578000","005","능동주민센터","서울특별시 광진구 천호대로112길 55","","288.79","50","","20240520","20240930","127.080446","37.553796","207108.367431","550477.862057"
"2025","1121581000","001","광장제1경로당","서울특별시 광진구 아차산로73길 15","","236.79","65","","20240520","20240930","127.104005","37.545883","209191.059337","549601.645076"
"2025","1130554500","005","송중동주민센터","서울특별시 강북구 오패산로 162","","266.00","30","","20240520","20240930","127.033751","37.616097","202979.820402","557390.048167"
"2025","1130554500","001","구봉 경로당","서울특별시 강북구 오현로9길 97","","67.78","20","","20240520","20240930","127.032930","37.620911","202907.148210","557924.335890"
"2025","1130554500","001","방천경로당","서울특별시 강북구 월계로7길 39-9 ","","92.26","27","","20240520","20240930","127.033157","37.612419","202927.485983","556981.811206"
"2025","1130555500","005","송천동주민센터","서울특별시 강북구 솔샘로 284","","87.00","30","","20240520","20240930","127.023834","37.618268","202104.203550","557630.737269"
"2025","1130555500","001","솔샘길경로당","서울특별시 강북구 솔샘로 277-1 ","","165.96","40","","20240520","20240930","127.023450","37.618867","202070.258703","557697.244595"
"2025","1130555500","001","송암경로당","서울특별시 강북구 삼양로24길 4-6 ","","35.94","10","","20240520","20240930","127.022484","37.616331","201985.078065","557415.677293"
"2025","1130555500","001","송천경로당","서울특별시 강북구 솔샘로60길 18-12 ","","183.84","45","","20240520","20240930","127.024335","37.618039","202148.423673","557605.298775"
"2025","1130555500","001","숭인경로당","서울특별시 강북구 삼양로16길 25","","135.95","33","","20240520","20240930","127.023570","37.613054","202081.076713","557052.066902"
"2025","1130555500","001","큰마을효심경로당","서울특별시 강북구 삼양로54길 60","","149.00","25","","20240520","20240930","127.021352","37.623261","201884.969809","558184.831982"
"2025","1130555500","001","건양경로당","서울특별시 강북구 삼양로40길 6-6 ","","104.54","33","","20240520","20240930","127.020733","37.621553","201830.313467","557995.238817"
"2025","1130557500","005","삼각산동주민센터","서울특별시 강북구 삼양로19길 34","","515.66","30","","20240520","20240930","127.020741","37.615148","201831.203277","557284.397106"
"2025","1130559500","001","번남경로당","서울특별시 강북구 오패산로77길 29-7 ","","74.18","25","","20240520","20240930","127.025744","37.636157","202272.311238","559616.271850"
"2025","1130559000","005","번1동주민센터","서울특별시 강북구 덕릉로41길 74","","243.00","30","","20240520","20240930","127.028835","37.637862","202545.052593","559805.588500"
"2025","1130559000","001","동부경로당","서울특별시 강북구 덕릉로52길 46","","99.50","30","","20240520","20240930","127.037471","37.635076","203307.412077","559496.640769"
"2025","1130559000","001","번1동경로당","서울특별시 강북구 덕릉로41길 92","","99.18","25","","20240520","20240930","127.028037","37.638224","202474.607016","559845.745404"
"2025","1130559000","001","샛강경로당","서울특별시 강북구 도봉로96나길 9-1 ","","99.82","30","","20240520","20240930","127.032388","37.639037","202858.622310","559936.125859"
"2025","1130560000","005","번2동주민센터","서울특별시 강북구 한천로 897","","192.00","30","","20240520","20240930","127.038756","37.632068","203420.971674","559162.830242"
"2025","1130560000","002","강북장애인종합사회복지관","서울특별시 강북구 오현로 189","","77.00","15","","20240520","20240930","127.039048","37.628728","203446.900615","558792.135994"
"2025","1130560000","002","번오마을종합사회복지관","서울특별시 강북구 한천로115길 20","","198.00","50","","20240520","20240930","127.036433","37.632954","203215.874679","559261.073721"
"2025","1130560000","001","오동경로당","서울특별시 강북구 오현로25나길 92","","205.20","101","","20240520","20240930","127.033276","37.625627","202937.508428","558447.794705"
"2025","1130560000","001","장수촌경로당","서울특별시 강북구 덕릉로36길 22-4 ","","85.00","25","","20240520","20240930","127.028185","37.633829","202487.816350","559357.950008"
"2025","1130560000","001","교육촌경로당","서울특별시 강북구 오현로25다길 36","","118.72","35","","20240520","20240930","127.035455","37.627086","203129.803048","558609.765413"
"2025","1130560000","001","샘골경로당","서울특별시 강북구 덕릉로44길 6-4 ","","72.60","18","","20240520","20240930","127.032418","37.635035","202861.405971","559491.924093"
"2025","1141069000","005","남가좌1동주민센터","서울특별시 서대문구 모래내로15길 37","","330.00","50","","20240601","20240930","126.919695","37.573267","192905.946968","552638.881649"
"2025","1141069000","002","시립서대문농아인복지관","서울특별시 서대문구 수색로4가길 23","","66.00","20","","20240601","20240930","126.913824","37.570729","192387.023841","552357.619211"
"2025","1141070000","001","가좌상록경로당","서울특별시 서대문구 가재울로 43","","57.00","11","","20240601","20240930","126.920360","37.574302","192964.807461","552753.737982"
"2025","1141070000","001","남가좌2동분회경로당","서울특별시 서대문구 가재울로8길 27-14 ","","103.00","20","","20240601","20240930","126.922525","37.576324","193156.208416","552977.952427"
"2025","1141070000","001","가좌울경로당(삼성임대A)","서울특별시 서대문구 증가로 191","","42.00","10","","20240601","20240930","126.915892","37.578477","192570.484930","553217.458962"
"2025","1141070000","001","삼오경로당","서울특별시 서대문구 명지대3길 36-4 ","","133.00","25","","20240601","20240930","126.921763","37.582125","193089.450686","553621.852805"
"2025","1141070000","005","남가좌2동주민센터","서울특별시 서대문구 증가로10길 28","","230.00","50","","20240601","20240930","126.923865","37.578433","193274.802899","553211.997018"
"2025","1141071000","005","북가좌1동주민센터","서울특별시 서대문구 수색로 100-55 ","","722.80","15","","20240601","20240930","126.910202","37.574305","192067.437245","552754.802370"
"2025","1141072000","001","은가경로당","서울특별시 서대문구 증가로20길 43","","267.00","26","","20240601","20240930","126.917925","37.581226","192750.340933","553522.352217"
"2025","1141072000","099","서대문구 기후변화대응공간","서울특별시 서대문구 응암로2길 15","","66.00","5","","20240601","20240930","126.912565","37.580181","192276.786392","553406.840668"
"2025","1141072000","001","북가좌휴먼타운경로당","서울특별시 서대문구 증가로30길 45-9 ","","85.50","17","","20240601","20240930","126.913713","37.584707","192378.642692","553909.014835"
"2025","1141072000","001","신가경로당","서울특별시 서대문구 거북골로22길 29-51 ","","83.00","16","","20240601","20240930","126.908361","37.580251","191905.486413","553414.897152"
"2025","1141072000","001","거북경로당","서울특별시 서대문구 거북골로 154","","97.50","20","","20240601","20240930","126.912100","37.576900","192235.380677","553042.714455"
"2025","1141072000","005","북가좌2동주민센터","서울특별시 서대문구 응암로1길 10","","644.92","40","","20240601","20240930","126.911172","37.581478","192153.859996","553550.919419"
"2025","1144072000","002","아현실버복지관","서울특별시 마포구 환일길 3","","106.26","30","","20240520","20240930","126.960266","37.557445","196489.214363","550880.513636"
"2025","1144055500","005","아현동주민센터","서울특별시 마포구 마포대로7길 18","","84.00","65","","20240520","20240930","126.952187","37.547189","195774.811511","549742.563897"
"2025","1144056500","001","공덕1동경로당","서울특별시 마포구 만리재옛길 78","","180.00","54","","20240520","20240930","126.959454","37.549890","196417.044404","550042.007347"
"2025","1144056500","005","공덕동주민센터","서울특별시 마포구 만리재옛길 84","","85.00","50","","20240520","20240930","126.960021","37.550151","196467.204783","550071.009229"
"2025","1144056500","001","아현1동경로당","서울특별시 마포구 환일길 52-1 ","","252.00","60","","20240520","20240930","126.960996","37.553628","196553.504339","550456.867294"
"2025","1144056500","001","연봉경로당","서울특별시 마포구 만리재로16길 10-5 ","","135.00","40","","20240520","20240930","126.962178","37.550355","196657.819950","550093.571909"
"2025","1144056500","001","공덕2동제1경로당","서울특별시 마포구 마포대로10길 13","","137.00","34","","20240520","20240930","126.954475","37.547225","195976.994665","549746.481301"
"2025","1144056500","001","큰덕경로당","서울특별시 마포구 만리재로 106","","98.00","40","","20240520","20240930","126.960513","37.549526","196510.651851","550001.612266"
"2025","1153059500","001","정수경로당","서울특별시 구로구 남부순환로105가길 10-2 ","","137.00","41","","20240601","20240930","126.892863","37.479320","190523.776150","542214.251033"
"2025","1153072000","001","고척경로당","서울특별시 구로구 안양천로537다길 30","","90.00","27","","20240601","20240930","126.868476","37.501949","188370.231535","544728.585705"
"2025","1153072000","001","양지경로당","서울특별시 구로구 경인로47나길 10-5 ","","196.02","59","","20240601","20240930","126.866070","37.502261","188157.543433","544763.524814"
"2025","1153072000","001","소산경로당","서울특별시 구로구 경서로5길 11-3 ","","44.00","13","","20240601","20240930","126.857779","37.501499","187424.266391","544679.983818"
"2025","1153072000","008","고척1동새마을금고회관(양지지점)","서울특별시 구로구 경서로 47","","50.00","15","","20240601","20240930","126.858501","37.501439","187488.142586","544673.261589"
"2025","1153072000","001","구립국화경로당","서울특별시 구로구 경인로47다길 43","","116.00","35","","20240601","20240930","126.867196","37.503801","188257.375143","544934.215141"
"2025","1153072000","008","고척1동새마을금고","서울특별시 구로구 경인로47길 102","","50.00","15","","20240601","20240930","126.864025","37.503231","187976.847612","544871.352908"
"2025","1153072000","005","고척1동 주민센터","서울특별시 구로구 중앙로3길 18-8 ","","120.00","36","","20240601","20240930","126.862775","37.500368","187865.874944","544553.812582"
"2025","1153072000","001","송암경로당","서울특별시 구로구 고척로52길 115","","46.00","13","","20240601","20240930","126.855663","37.499884","187236.869097","544500.980061"
"2025","1153072000","001","오금경로당","서울특별시 구로구 중앙로14나길 30","","66.00","20","","20240601","20240930","126.865794","37.505490","188133.596616","545121.848500"
"2025","1153073000","001","덕의경로당","서울특별시 구로구 고척로51길 39","","191.00","57","","20240601","20240930","126.854248","37.506458","187112.885714","545230.858154"
"2025","1153073000","001","삼덕경로당","서울특별시 구로구 고척로33다길 21","","61.00","18","","20240601","20240930","126.848635","37.506383","186616.653389","545223.339665"
"2025","1153073000","001","세곡경로당","서울특별시 구로구 고척로52가길 58","","171.00","51","","20240601","20240930","126.852476","37.503431","186955.673625","544895.099581"
"2025","1153073000","005","고척2동 주민센터","서울특별시 구로구 중앙로15길 22","","1,930.00","584","","20240601","20240930","126.858585","37.506671","187496.425042","545253.913292"
"2025","1153073000","008","고척2동새마을금고1","서울특별시 구로구 고척로 229","","180.00","54","","20240601","20240930","126.858437","37.506237","187483.284386","545205.720081"
"2025","1153073000","008","고척2동새마을금고2","서울특별시 구로구 경인로33길 88","","85.00","25","","20240601","20240930","126.850693","37.501749","186797.730847","544708.689948"
"2025","1153074000","099","카페개봉(구로시니어클럽)","서울특별시 구로구 고척로21가길 48-11 ","","68.40","18","","20240601","20240930","126.843040","37.502104","186121.153754","544749.235756"
"2025","1153074000","001","양송이경로당","서울특별시 구로구 고척로21가길 48-11 ","","79.60","57","","20240601","20240930","126.843115","37.502083","186127.790385","544746.860656"
"2025","1153074000","002","에덴장애인종합복지관","서울특별시 구로구 고척로21가길 84-35 ","","48.60","14","","20240601","20240930","126.841244","37.501235","185962.112525","544653.054385"
"2025","1153074000","008","새마을금고개봉1동지점","서울특별시 구로구 고척로19길 30","","75.00","22","","20240601","20240930","126.845085","37.502575","186302.003021","544801.200115"
"2025","1153074000","001","안나경로당","서울특별시 구로구 고척로 134-5 ","","46.00","13","","20240601","20240930","126.849036","37.502183","186651.325841","544757.114254"
"2025","1153074000","001","천수경로당","서울특별시 구로구 고척로27가길 3-6 ","","59.77","18","","20240601","20240930","126.847086","37.503800","186479.219175","544936.836676"
"2025","1153074000","001","백곡경로당","서울특별시 구로구 고척로21길 85","","125.00","37","","20240601","20240930","126.844444","37.505141","186245.830275","545086.064546"
"2025","1121581000","001","광장제2경로당","서울특별시 광진구 아차산로78길 67","","236.79","65","","20240520","20240930","127.110602","37.551709","209773.284426","550248.926570"
"2025","1121581000","005","광장동주민센터","서울특별시 광진구 광장로 52","","242.08","60","","20240520","20240930","127.102933","37.546911","209096.217966","549715.680856"
"2025","1121581000","002","광진구노인회관","서울특별시 광진구 광장로 62","","168.00","42","","20240520","20240930","127.104024","37.547154","209192.582316","549742.712632"
"2025","1121581000","002","광장종합사회복지관","서울특별시 광진구 아차산로66길 8","","484.00","121","","20240520","20240930","127.097127","37.541028","208583.797848","549062.148703"
"2025","1121581000","099","광진구민체육센터","서울특별시 광진구 구천면로 14","","497.00","124","","20240520","20240930","127.106685","37.546085","209427.895610","549624.341133"
"2025","1121581000","099","광진정보도서관","서울특별시 광진구 아차산로78길 90","","250.00","62","","20240520","20240930","127.110611","37.550970","209774.158512","550166.929508"
"2025","1121582000","001","자양1동경로당","서울특별시 광진구 아차산로40길 46","","47.83","11","","20240520","20240930","127.077844","37.535668","206880.071111","548465.690781"
"2025","1121582000","001","중앙경로당","서울특별시 광진구 뚝섬로57가길 48-3 ","","156.53","39","","20240520","20240930","127.081189","37.532386","207176.098736","548101.656967"
"2025","1121582000","001","자마장경로당","서울특별시 광진구 자양로13길 37","","236.79","65","","20240520","20240930","127.082414","37.534516","207284.139494","548338.110517"
"2025","1121582000","001","청아경로당","서울특별시 광진구 아차산로 317","","133.00","33","","20240520","20240930","127.078297","37.538042","206919.951324","548729.153514"
"2025","1121582000","005","자양1동주민센터","서울특별시 광진구 자양로13길 37","","63.00","15","","20240520","20240930","127.082384","37.534445","207281.494816","548330.272462"
"2025","1121583000","002","구립자양노인복지관","서울특별시 광진구 뚝섬로56길 20","","38.00","20","","20240520","20240930","127.082476","37.530542","207289.979574","547897.105754"
"2025","1121583000","099","자양한강도서관","서울특별시 광진구 뚝섬로52길 58","","2,377.00","30","","20240520","20240930","127.077494","37.529182","206849.809642","547745.777047"
"2025","1121583000","001","자양 구립제1경로당","서울특별시 광진구 뚝섬로56길 28","","88.44","22","","20240520","20240930","127.082446","37.530283","207287.379616","547868.346555"
"2025","1121583000","001","유수지경로당","서울특별시 광진구 뚝섬로48길 46","","231.84","37","","20240520","20240930","127.076817","37.529996","206789.868613","547836.060761"
"2025","1121583000","001","자양 구립제2경로당","서울특별시 광진구 뚝섬로62길 17","","159.67","39","","20240520","20240930","127.088155","37.532535","207791.762406","548118.748425"
"2025","1121583000","005","자양2동주민센터","서울특별시 광진구 자양로3가길 26","","49.86","12","","20240520","20240930","127.084456","37.528785","207465.192295","547702.244728"
"2025","1121584000","001","마실경로당","서울특별시 광진구 자양번영로7길 16-9 ","","82.44","24","","20240520","20240930","127.075469","37.536258","206670.161039","548531.013586"
"2025","1121584000","001","신양경로당","서울특별시 광진구 뚝섬로 543","","229.41","65","","20240520","20240930","127.070567","37.534821","206237.019963","548371.154519"
"2025","1121584000","001","자양제3동경로당","서울특별시 광진구 자양번영로3길 16","","86.70","21","","20240520","20240930","127.074300","37.531899","206567.241580","548047.124831"
"2025","1121584000","005","자양3동주민센터","서울특별시 광진구 뚝섬로 568","","232.00","58","","20240520","20240930","127.072887","37.533833","206442.139077","548261.610648"
"2025","1121584000","002","자양종합사회복지관","서울특별시 광진구 자양번영로 35","","184.00","46","","20240520","20240930","127.075196","37.532894","206646.322285","548157.598288"
"2025","1121584700","001","자양4동 제1경로당","서울특별시 광진구 동일로12길 24","","59.00","17","","20240520","20240930","127.063553","37.539621","205616.740721","548903.442602"
"2025","1130560300","001","샘마을 경로당","서울특별시 강북구 오현로31길 125-14 ","","172.48","44","","20240520","20240930","127.034185","37.632642","203017.486363","559226.337030"
"2025","1130560800","001","번동주공2단지아파트경로당","서울특별시 강북구 한천로105길 24","","153.00","30","","20240520","20240930","127.045491","37.626783","204015.724467","558576.517670"
"2025","1130560300","099","100세 건강플러스","서울특별시 강북구 한천로109길 16","","82.30","35","","20240520","20240930","127.042497","37.628916","203751.381534","558813.112110"
"2025","1130560600","005","번3동주민센터","서울특별시 강북구 한천로105길 21","","288.47","30","","20230520","20230930","127.046596","37.625825","204113.348422","558470.237669"
"2025","1130560600","001","골말경로당","서울특별시 강북구 한천로109길 57-12 ","","59.34","20","","20230520","20230930","127.041326","37.626881","203648.077753","558587.224586"
"2025","1130560600","002","북서울종합사회복지관","서울특별시 강북구 한천로105길 24","","106.80","20","","20240520","20240930","127.045445","37.626401","204011.710797","558534.117752"
"2025","1130560600","002","꿈의숲종합사회복지관","서울특별시 강북구 오현로 208","","118.00","20","","20240520","20240930","127.041982","37.629181","203705.907651","558842.559353"
"2025","1130561000","005","수유1동주민센터","서울특별시 강북구 삼양로 299","","415.00","30","","20240520","20240930","127.017529","37.630001","201547.318413","558932.852992"
"2025","1130561000","001","수유경로당","서울특별시 강북구 인수봉로20길 32-9 ","","92.34","20","","20240520","20240930","127.012373","37.626678","201092.237039","558563.962517"
"2025","1130561000","001","수유장수경로당","서울특별시 강북구 삼양로80나길 56","","116.64","30","","20240520","20240930","127.020612","37.633316","201819.379914","559300.838556"
"2025","1130561000","001","화계경로당","서울특별시 강북구 인수봉로38가길 28","","228.25","40","","20240520","20240930","127.015663","37.631436","201382.576432","559092.093796"
"2025","1130562500","001","장미원 경로당","서울특별시 강북구 삼양로124길 29-8 ","","73.78","25","","20240520","20240930","127.016713","37.646095","201474.996819","560719.084921"
"2025","1130562000","005","수유2동 주민센터","서울특별시 강북구 한천로 1117","","698.00","30","","20240520","20240930","127.019875","37.644617","201754.060696","560555.118643"
"2025","1130562000","001","물댐길경로당","서울특별시 강북구 한천로170가길 4","","180.56","40","","20240520","20240930","127.017426","37.648147","201537.852332","560946.869657"
"2025","1130562000","001","수유2동경로당","서울특별시 강북구 노해로23길 94","","108.53","30","","20240520","20240930","127.018826","37.646798","201661.433012","560797.168267"
"2025","1130563500","099","강북구청","서울특별시 강북구 도봉로89길 13","","200.50","20","","20240520","20240930","127.025573","37.639685","202257.058300","560007.839155"
"2025","1130563000","005","수유3동주민센터","서울특별시 강북구 노해로 36","","191.20","30","","20240520","20240930","127.023136","37.638689","202042.021291","559897.237624"
"2025","1130563000","001","상산경로당","서울특별시 강북구 노해로8길 23","","99.00","30","","20240520","20240930","127.023915","37.638307","202110.796756","559854.801326"
"2025","1130563000","001","수삼경로당","서울특별시 강북구 삼양로98길 22","","127.00","30","","20240520","20240930","127.018419","37.638672","201625.709160","559895.236407"
"2025","1130563000","001","은모루경로당","서울특별시 강북구 도봉로95길 38-1 ","","191.00","53","","20240520","20240930","127.027032","37.642234","202385.757636","560290.754698"
"2025","1130564500","005","우이동주민센터","서울특별시 강북구 삼양로139길 49","","255.80","30","","20240520","20240930","127.011843","37.647866","201045.154008","560915.604647"
"2025","1130564500","001","우이경로당","서울특별시 강북구 삼양로170길 23","","208.00","63","","20240520","20240930","127.013863","37.661865","201223.190927","562469.377477"
"2025","1130564500","001","삼각산경로당","서울특별시 강북구 삼양로 515-21 ","","82.00","24","","20240520","20240930","127.013315","37.648824","201175.044067","561021.950328"
"2025","1144056500","001","덕성경로당","서울특별시 마포구 임정로15길 6-5 ","","100.00","35","","20240520","20240930","126.957200","37.543691","196217.597124","549354.136958"
"2025","1144058500","005","도화동주민센터","서울특별시 마포구 도화길 37","","75.00","48","","20240520","20240930","126.949875","37.541526","195570.165500","549114.112631"
"2025","1144058500","001","삼개경로당","서울특별시 마포구 삼개로5길 20","","68.00","16","","20240520","20240930","126.948116","37.537870","195414.434389","548708.425598"
"2025","1144058500","001","대동경로당","서울특별시 마포구 새창로6라길 10","","68.00","17","","20240520","20240930","126.953507","37.540719","195891.078019","549024.402762"
"2025","1144059000","005","용강동주민센터","서울특별시 마포구 토정로31길 31","","52.00","30","","20240520","20240930","126.942853","37.542352","194949.606377","549206.198088"
"2025","1144060000","001","대흥중앙경로당","서울특별시 마포구 대흥로18길 11","","60.00","18","","20240520","20240930","126.943968","37.549246","195048.609905","549971.333849"
"2025","1144060000","005","대흥동주민센터","서울특별시 마포구 신촌로26길 10","","52.00","20","","20240520","20240930","126.942365","37.555848","194907.415080","550704.095932"
"2025","1144060000","001","노고산경로당","서울특별시 마포구 고산길 38-4 ","","81.00","20","","20240520","20240930","126.939219","37.553825","194629.273076","550479.764335"
"2025","1144060000","001","대경경로당","서울특별시 마포구 백범로18길 26","","79.00","23","","20240520","20240930","126.942659","37.546794","194932.797533","549699.194518"
"2025","1144060000","002","우리마포복지관","서울특별시 마포구 신촌로26길 10","","260.00","39","","20240520","20240930","126.942735","37.555827","194940.062536","550701.778524"
"2025","1144061000","001","송암경로당","서울특별시 마포구 숭문길 59-2 ","","27.00","8","","20240520","20240930","126.945469","37.549287","195181.207720","549975.750893"
"2025","1144061000","005","염리동주민센터","서울특별시 마포구 숭문길 14","","65.00","246","","20240520","20240930","126.945634","37.547036","195195.679208","549725.919636"
"2025","1144061000","001","염리동1경로당","서울특별시 마포구 숭문4안길 5-3 ","","90.00","43","","20240520","20240930","126.946407","37.547654","195264.028284","549794.470964"
"2025","1144063000","005","신수동주민센터","서울특별시 마포구 독막로 192","","52.00","50","","20240520","20240930","126.935158","37.547122","194269.922082","549736.051499"
"2025","1144063000","001","동막경로당","서울특별시 마포구 독막로32길 16","","22.00","20","","20240520","20240930","126.938641","37.546447","194577.665414","549660.928067"
"2025","1144063000","001","수복경로당","서울특별시 마포구 창전로2길 39-3 ","","116.00","40","","20240520","20240930","126.933412","37.549233","194115.794208","549970.399443"
"2025","1144063000","001","익수경로당","서울특별시 마포구 독막로29길 17","","49.00","20","","20240520","20240930","126.937531","37.548134","194479.698393","549848.229326"
"2025","1144065500","005","서강동주민센터","서울특별시 마포구 독막로 165","","53.00","150","","20240520","20240930","126.932027","37.547689","193993.281542","549799.177098"
"2025","1144065500","001","상수경로당","서울특별시 마포구 와우산로14길 18","","38.56","31","","20240520","20240930","126.923990","37.550357","193283.297727","550095.836885"
"2025","1144065500","002","시립마포노인종합복지관","서울특별시 마포구 서강로 68","","110.00","36","","20240520","20240930","126.932185","37.548880","194007.339223","549931.353684"
"2025","1144065500","001","창전경로당","서울특별시 마포구 서강로1길 30","","180.04","51","","20240520","20240930","126.930185","37.549148","193830.625736","549961.227827"
"2025","1144065500","001","당인경로당","서울특별시 마포구 어울마당로 14","","36.80","25","","20240520","20240930","126.919564","37.546493","192891.822678","549667.304766"
"2025","1144065500","001","농바우경로당","서울특별시 마포구 와우산로5길 12","","62.00","38","","20240520","20240930","126.922486","37.546819","193150.071434","549703.269934"
"2025","1153078000","008","오류2동새마을금고","서울특별시 구로구 오류로 70","","204.00","61","","20240601","20240930","126.840846","37.490735","185925.002349","543487.749466"
"2025","1153078000","001","응골경로당","서울특별시 구로구 서해안로 2340-11 ","","68.00","20","","20240601","20240930","126.844644","37.493412","186261.365520","543784.311683"
"2025","1153078000","001","오류2동 경로당","서울특별시 구로구 오류로8라길 3","","83.00","25","","20240601","20240930","126.842775","37.491602","186095.721631","543583.699670"
"2025","1153078000","008","우리은행 오류동","서울특별시 구로구 오류로8길 57","","250.00","75","","20240601","20240930","126.843385","37.492361","186149.798497","543667.815593"
"2025","1153078000","008","새마을금고 응골지점","서울특별시 구로구 오류로8길 90","","181.00","54","","20240601","20240930","126.845000","37.492977","186292.777047","543735.936024"
"2025","1153079000","001","동진빌라경로당","서울특별시 구로구 경인로 19","","33.00","10","","20240601","20240930","126.824847","37.490360","184509.976836","543448.652853"
"2025","1153079000","001","성원빌라경로당","서울특별시 구로구 경인로 15-7 ","","33.00","10","","20240601","20240930","126.823365","37.489661","184378.820800","543371.306637"
"2025","1153079000","001","우신빌라경로당","서울특별시 구로구 오리로 1265","","116.00","35","","20240601","20240930","126.830571","37.494301","185017.003546","543885.137285"
"2025","1153079000","002","궁동종합사회복지관","서울특별시 구로구 오리로22길 5","","2,000.00","500","","20240601","20240930","126.829814","37.499168","184951.081053","544425.343410"
"2025","1153079000","001","아랫말경로당","서울특별시 구로구 부일로11길 4-3 ","","86.68","34","","20240601","20240930","126.832199","37.493645","185160.841483","543812.071893"
"2025","1153079000","001","온수경로당","서울특별시 구로구 부일로1길 62","","197.00","59","","20240601","20240930","126.819124","37.493268","184004.525559","543772.371197"
"2025","1153079000","001","수궁분회 경로당","서울특별시 구로구 부일로9길 111","","52.00","15","","20240601","20240930","126.823233","37.496748","184368.606254","544157.827192"
"2025","1153079000","005","수궁동 주민센터","서울특별시 구로구 오리로15길 32","","769.00","233","","20240601","20240930","126.831454","37.493865","185094.993588","543836.517973"
"2025","1153079000","008","새마을금고 온수연립지점","서울특별시 구로구 부일로9길 87","","50.00","15","","20240601","20240930","126.824233","37.496108","184456.876472","544086.629893"
"2025","1153079000","008","새마을금고 수궁지점","서울특별시 구로구 부일로15길 10","","45.00","13","","20240601","20240930","126.834232","37.493714","185340.647997","543819.311550"
"2025","1153079000","001","궁동경로당","서울특별시 구로구 부일로17길 158-4 ","","169.00","51","","20240601","20240930","126.830277","37.498584","184991.835054","544360.530808"
"2025","1153079000","002","온수어르신복지관","서울특별시 구로구 부일로9길 111","","2,519.00","500","","20240601","20240930","126.823342","37.496686","184378.249995","544151.016651"
"2025","1153080000","001","그린빌라경로당","서울특별시 구로구 연동로 287","","100.00","25","","20240601","20240930","126.823278","37.486137","184370.365958","542980.180928"
"2025","1153078000","001","구립수목원경로당","서울특별시 구로구 연동로 296-12 ","","41.00","12","","20240601","20240930","126.824343","37.486274","184464.638035","542995.220865"
"2025","1153078000","001","항서경로당","서울특별시 구로구 연동로 169","","50.00","15","","20240601","20240930","126.822254","37.476365","184277.754022","541895.754880"
"2025","1153011200","005","항동주민센터","서울특별시 구로구 연동로 191-19 ","","386.00","116","","20240601","20240930","126.822411","37.479257","184292.281899","542216.691219"
"2025","1154551000","007","한빛교회","서울특별시 금천구 가산로7길 6","","25.00","30","","20240819","20240930","126.892565","37.475733","190496.902033","541816.227463"
"2025","1154551000","099","대한적십자사 금천봉사나눔터","서울특별시 금천구 가산디지털2로 169-44 ","","20.00","20","","20240819","20240930","126.874951","37.482640","188939.880698","542584.735915"
"2025","1121584700","001","자양4동제2경로당","서울특별시 광진구 동일로2길 17","","177.40","44","","20240520","20240930","127.061316","37.535117","205419.336935","548403.466854"
"2025","1121584700","001","자양4동제4경로당","서울특별시 광진구 뚝섬로30가길 18","","250.00","62","","20240520","20240930","127.065268","37.535113","205768.648630","548403.224696"
"2025","1121584700","005","자양4동주민센터","서울특별시 광진구 뚝섬로26길 58","","71.00","17","","20240520","20240930","127.066231","37.534057","205853.844998","548286.081183"
"2025","1121584700","001","노유산경로당","서울특별시 광진구 동일로10가길 15-2 ","","84.63","21","","20240520","20240930","127.063837","37.538739","205641.906693","548805.623864"
"2025","1121585000","001","구의1동경로당","서울특별시 광진구 광나루로40길 6","","163.64","40","","20240520","20240930","127.089385","37.544503","207899.198209","549447.197378"
"2025","1121585000","001","명성경로당","서울특별시 광진구 자양로26길 20-5 ","","209.04","52","","20240520","20240930","127.085154","37.541381","207525.579539","549100.290660"
"2025","1121585000","001","구의1동제2경로당","서울특별시 광진구 광나루로30가길 27","","231.99","57","","20240520","20240930","127.083536","37.543931","207382.396525","549383.203719"
"2025","1121585000","005","구의1동주민센터","서울특별시 광진구 광나루로36길 56","","198.00","49","","20240520","20240930","127.085756","37.542518","207578.667142","549226.587700"
"2025","1121586000","001","아차산경로당","서울특별시 광진구 자양로47길 9-4 ","","127.83","31","","20240520","20240930","127.091617","37.552141","208095.638286","550295.069081"
"2025","1121586000","001","소능경로당","서울특별시 광진구 자양로37길 85","","255.03","63","","20240520","20240930","127.085923","37.547628","207592.951753","549793.705082"
"2025","1121586000","001","구의2동경로당","서울특별시 광진구 자양로38길 17-5 ","","70.15","17","","20240520","20240930","127.089051","37.547220","207869.413740","549748.679213"
"2025","1121586000","005","구의2동주민센터","서울특별시 광진구 천호대로136길 55","","202.95","50","","20240520","20240930","127.089891","37.547246","207943.650394","549751.657747"
"2025","1121587000","005","구의3동주민센터","서울특별시 광진구 강변역로 17","","338.22","50","","20240520","20240930","127.091984","37.537993","208129.604118","548724.799220"
"2025","1121587000","001","구의새마을경로당","서울특별시 광진구 구의강변로3길 39","","106.20","26","","20240520","20240930","127.090140","37.536297","207966.801798","548536.395033"
"2025","1121587000","001","산의마을경로당","서울특별시 광진구 아차산로63길 21","","236.79","65","","20240520","20240930","127.092267","37.540313","208154.398455","548982.404271"
"2025","1123053600","099","동대문구청","서울특별시 동대문구 천호대로 145","","132.00","5","","20240601","20240930","127.039566","37.574423","203495.139344","552764.944180"
"2025","1123052000","001","동부 경로당","서울특별시 동대문구 천호대로45길 57","","159.14","48","","20240601","20240930","127.043643","37.575308","203855.246206","552863.250743"
"2025","1123052000","001","명성 경로당","서울특별시 동대문구 무학로28길 22-2 ","","307.53","102","","20240601","20240930","127.031946","37.574362","202822.000237","552757.840034"
"2025","1123053600","002","동대문장애인종합복지관","서울특별시 동대문구 청계천로 521","","26.84","10","","20240601","20240930","127.034109","37.571805","203013.212991","552474.143120"
"2025","1123052000","001","래미안용두1차아파트경로당","서울특별시 동대문구 고산자로29길 18","","86.88","26","","20240601","20240930","127.036963","37.576301","203265.141059","552973.242486"
"2025","1123052000","005","용신동주민센터","서울특별시 동대문구 천호대로27길 35","","130.00","20","","20240601","20240930","127.037297","37.575944","203294.660809","552933.631259"
"2025","1123052000","001","신일경로당","서울특별시 동대문구 무학로18길 5","","53.26","16","","20240601","20240930","127.030859","37.570756","202726.170430","552357.650356"
"2025","1123053600","001","신설동 경로당","서울특별시 동대문구 하정로2길 10","","104.30","31","","20240601","20240930","127.027284","37.574798","202410.182413","552806.079004"
"2025","1130564500","001","소귓골경로당","서울특별시 강북구 삼양로173가길 55","","66.92","20","","20240520","20240930","127.009657","37.661471","200852.082320","562425.600843"
"2025","1130566000","001","제일 경로당","서울특별시 강북구 삼양로87길 3","","135.40","20","","20240520","20240930","127.017086","37.634921","201508.123354","559478.892093"
"2025","1130566000","002","강북노인복지관(휴게실)","서울특별시 강북구 삼양로92길 40","","48.22","40","","20240520","20240930","127.018735","37.635661","201653.648919","559561.074368"
"2025","1130566000","005","인수동 주민센터","서울특별시 강북구 인수봉로 255","","70.00","30","","20240520","20240930","127.010580","37.641458","200933.773483","560204.368918"
"2025","1130566000","001","무너미 경로당","서울특별시 강북구 인수봉로55가길 21","","182.94","20","","20240520","20240930","127.009954","37.635817","200878.607822","559578.292455"
"2025","1130566000","001","삼산 경로당","서울특별시 강북구 인수봉로79길 62-4 ","","71.60","25","","20240520","20240930","127.008289","37.643277","200731.555735","560406.238886"
"2025","1130566000","001","인수 경로당","서울특별시 강북구 인수봉로72길 15-12 ","","88.90","25","","20240520","20240930","127.012103","37.642750","201068.172471","560347.783881"
"2025","1130566000","001","한신 경로당","서울특별시 강북구 인수봉로48길 5-6 ","","114.38","20","","20240520","20240930","127.013960","37.634314","201232.204728","559411.497971"
"2025","1132051100","099","모두가 시원한 모두 온","서울특별시 도봉구 도봉로112길 43","","350.00","20","","20240716","20240930","127.037174","37.647124","203280.693744","560833.789889"
"2025","1132051100","001","창일경로당","서울특별시 도봉구 도봉로116길 41","","246.00","61","","20240601","20240930","127.037729","37.648445","203329.587962","560980.449194"
"2025","1132051100","005","창1동 주민센터","서울특별시 도봉구 해등로 46","","218.00","48","","20240601","20240930","127.043815","37.648392","203866.707319","560974.777998"
"2025","1132051100","002","창동종합사회복지관","서울특별시 도봉구 덕릉로 329","","355.00","80","","20240601","20240930","127.045537","37.644828","204018.866131","560579.282698"
"2025","1132051200","001","창2동구립경로당","서울특별시 도봉구 덕릉로59나길 15-6 ","","196.90","50","","20240601","20240930","127.039123","37.641240","203452.959764","560180.807181"
"2025","1132051200","005","창2동 주민센터","서울특별시 도봉구 덕릉로59길 73-3 ","","988.00","247","","20240601","20240930","127.035679","37.641412","203148.989796","560199.776232"
"2025","1132051200","001","장수 경로당","서울특별시 도봉구 도봉로104길 101","","234.00","59","","20240601","20240930","127.037476","37.644020","203307.483370","560489.310394"
"2025","1132051200","001","초안 경로당","서울특별시 도봉구 덕릉로59차길 14","","147.00","30","","20240601","20240930","127.035733","37.641267","203153.735377","560183.751123"
"2025","1132051300","001","초헌약수 경로당","서울특별시 도봉구 덕릉로60바길 31","","169.00","40","","20240601","20240930","127.041524","37.639311","203664.928158","559966.854632"
"2025","1132051300","005","창3동 주민센터","서울특별시 도봉구 덕릉로62길 89","","470.00","150","","20240601","20240930","127.042916","37.638092","203787.849240","559831.591326"
"2025","1132051300","001","창3동 경로당","서울특별시 도봉구 우이천로4나길 24","","77.00","30","","20240601","20240930","127.040231","37.634823","203551.029219","559468.672368"
"2025","1132051400","005","창4동 주민센터","서울특별시 도봉구 노해로 390","","330.00","82","","20240601","20240930","127.051536","37.652249","204547.860455","561403.256690"
"2025","1132051500","001","유만 경로당","서울특별시 도봉구 노해로61길 22","","78.00","30","","20240601","20240930","127.038120","37.652419","203363.914484","561421.570219"
"2025","1132051500","005","창5동 주민센터","서울특별시 도봉구 도봉로136나길 20","","365.00","200","","20240601","20240930","127.043640","37.656333","203850.826974","561856.163915"
"2025","1144066000","001","신촌로경로당","서울특별시 마포구 신촌로12나길 8","","158.00","47","","20240520","20240930","126.932990","37.555335","194079.012451","550647.686048"
"2025","1144066000","005","서교동주민센터","서울특별시 마포구 동교로15길 7","","62.00","104","","20240520","20240930","126.914564","37.555139","192450.841696","550627.297007"
"2025","1144066000","001","홍익경로당","서울특별시 마포구 와우산로21길 19-3 ","","94.00","28","","20240520","20240930","126.922970","37.552155","193193.327872","550295.466724"
"2025","1144066000","001","신교경로당","서울특별시 마포구 잔다리로9길 4-8 ","","65.00","19","","20240520","20240930","126.912960","37.557496","192309.362713","550889.070445"
"2025","1144066000","001","세교경로당","서울특별시 마포구 와우산로37길 16","","94.00","23","","20240520","20240930","126.930093","37.556251","193823.082179","550749.581995"
"2025","1144068000","001","합정경로당","서울특별시 마포구 동교로8길 58","","215.00","65","","20240520","20240930","126.905757","37.549440","191672.043920","549995.475368"
"2025","1144068000","001","희우경로당","서울특별시 마포구 동교로 62-6 ","","55.00","16","","20240520","20240930","126.909052","37.553164","191963.613542","550408.541345"
"2025","1144068000","005","합정동주민센터","서울특별시 마포구 월드컵로3길 14","","83.00","40","","20240520","20240930","126.911769","37.551610","192203.524397","550235.837107"
"2025","1144068000","001","양화진경로당","서울특별시 마포구 양화진길 43","","128.00","35","","20240520","20240930","126.912393","37.546664","192258.134690","549686.850025"
"2025","1144069000","005","망원1동주민센터","서울특별시 마포구 포은로6길 10","","65.00","20","","20240520","20240930","126.905599","37.555586","191658.740443","550677.666446"
"2025","1144069000","001","서림경로당","서울특별시 마포구 희우정로15길 25-9 ","","41.00","25","","20240520","20240930","126.901385","37.552831","191286.071106","550372.276513"
"2025","1144069000","001","오칠경로당","서울특별시 마포구 월드컵로23길 18-5 ","","65.00","60","","20240520","20240930","126.907460","37.557022","191823.335095","550836.881896"
"2025","1144070000","005","망원2동주민센터","서울특별시 마포구 방울내로7길 11","","75.00","100","","20240520","20240930","126.902282","37.560291","191366.193585","551200.165299"
"2025","1144070000","001","쌈지경로당","서울특별시 마포구 방울내로 24-12 ","","214.00","50","","20240520","20240930","126.898636","37.557353","191043.684396","550874.456479"
"2025","1144070000","001","망원2동제1경로당","서울특별시 마포구 월드컵로31길 69","","75.00","50","","20240520","20240930","126.901184","37.560278","191269.179012","551198.823881"
"2025","1144071000","005","연남동주민센터","서울특별시 마포구 성미산로29길 17-9 ","","74.00","305","","20240520","20240930","126.922006","37.564471","193109.279295","551662.467164"
"2025","1144071000","001","느티나무경로당","서울특별시 마포구 성미산로18길 18","","145.00","22","","20240520","20240930","126.918378","37.560670","192788.416735","551240.917404"
"2025","1144071000","001","연남경로당","서울특별시 마포구 동교로41길 36","","91.77","22","","20240520","20240930","126.923445","37.563861","193236.358908","551594.659783"
"2025","1144071000","001","연동경로당","서울특별시 마포구 성미산로29안길 30","","146.05","36","","20240520","20240930","126.923732","37.565511","193261.855205","551777.814234"
"2025","1144071000","001","연서경로당","서울특별시 마포구 연남로11길 3","","176.00","75","","20240520","20240930","126.918735","37.565657","192820.402282","551794.344138"
"2025","1144012500","001","성산1동1경로당","서울특별시 마포구 월드컵북로15안길 26","","149.00","14","","20240520","20240930","126.910908","37.562743","192128.613687","551471.573218"
"2025","1144072000","001","성산1동2경로당","서울특별시 마포구 성미산로5길 55-14 ","","103.00","31","","20240520","20240930","126.908667","37.560333","191930.340553","551204.303841"
"2025","1144072000","001","성미경로당","서울특별시 마포구 성미산로1길 100-20 ","","76.00","23","","20240520","20240930","126.906247","37.561929","191716.655662","551381.596128"
"2025","1111051500","002","종로장애인복지관","서울특별시 종로구 자하문로 89","","3,754.00","100","","20240520","20240930","126.969726","37.584246","197326.053879","553854.846207"
"2025","1111051500","005","청운효자동주민센터","서울특별시 종로구 자하문로 92","","200.00","50","","20240520","20240930","126.970656","37.584095","197408.138837","553838.071974"
"2025","1111051500","001","세종마을경로당","서울특별시 종로구 자하문로11길 33","","141.90","50","","20240520","20240930","126.969916","37.580371","197342.618600","553424.771148"
"2025","1111051500","001","청운경로당","서울특별시 종로구 필운대로 86","","120.00","30","","20240520","20240930","126.967421","37.583485","197122.397815","553770.463086"
"2025","1111053000","001","사직경로당","서울특별시 종로구 사직로9길 15-25 ","","158.50","30","","20240520","20240930","126.965586","37.576454","196960.067394","552990.082688"
"2025","1111053000","005","사직동주민센터","서울특별시 종로구 경희궁1길 15","","400.00","50","","20240520","20240930","126.970652","37.571394","197407.336351","552428.384882"
"2025","1111054000","001","복정경로당","서울특별시 종로구 삼청로4길 22","","200.00","30","","20240520","20240930","126.982125","37.582397","198421.124801","553649.325421"
"2025","1111054000","005","삼청동주민센터","서울특별시 종로구 삼청로 107","","200.00","50","","20240520","20240930","126.981760","37.584994","198388.958652","553937.613444"
"2025","1111055000","001","부암경로당","서울특별시 종로구 자하문로 260","","180.00","45","","20240520","20240930","126.963427","37.597374","196770.238064","555312.137823"
"2025","1111055000","001","신영경로당","서울특별시 종로구 세검정로6길 76-19 ","","143.24","30","","20240520","20240930","126.963645","37.601291","196789.596226","555746.829554"
"2025","1111055000","005","부암동주민센터","서울특별시 종로구 창의문로 145","","400.00","50","","20240520","20240930","126.964076","37.592435","196827.350725","554763.941863"
"2025","1111056000","001","평창경로당","서울특별시 종로구 평창문화로 48","","288.00","40","","20240520","20240930","126.966915","37.605318","197078.593354","556193.653215"
"2025","1111056000","001","구기할아버지경로당","서울특별시 종로구 진흥로 438-6 ","","70.00","30","","20240520","20240930","126.956499","37.607804","196158.950389","556469.969309"
"2025","1111056000","005","평창동주민센터","서울특별시 종로구 평창문화로 65","","200.00","50","","20240520","20240930","126.968379","37.606387","197207.835485","556312.244876"
"2025","1111056000","001","구기할머니경로당","서울특별시 종로구 진흥로 438-8 ","","70.00","30","","20240520","20240930","126.956370","37.607872","196147.581093","556477.521844"
"2025","1111057000","005","무악동주민센터","서울특별시 종로구 통일로14길 36","","400.00","40","","20240520","20240930","126.958228","37.576003","196310.021651","552940.334822"
"2025","1111057000","001","무악경로당","서울특별시 종로구 통일로14길 19","","104.05","30","","20240520","20240930","126.957779","37.575429","196270.303771","552876.645180"
"2025","1111057000","001","무악제2경로당","서울특별시 종로구 통일로 246-11 ","","242.00","50","","20240520","20240930","126.958328","37.575735","196318.886206","552910.597068"
"2025","1111057000","002","종로노인종합복지관 무악센터","서울특별시 종로구 통일로14길 30","","800.00","200","","20240520","20240930","126.958046","37.575830","196293.935961","552921.118782"
"2025","1111058000","001","은행나무경로당","서울특별시 종로구 통일로12길 60","","266.00","50","","20240520","20240930","126.961913","37.574944","196635.517748","552822.692984"
"2025","1111058000","005","교남동주민센터","서울특별시 종로구 송월길 154","","400.00","40","","20240520","20240930","126.961963","37.571916","196639.789708","552486.596045"
"2025","1111058000","001","교남경로당","서울특별시 종로구 사직로2길 8","","200.00","50","","20240520","20240930","126.964580","37.572533","196870.967468","552554.985538"
"2025","1111058000","001","행촌경로당","서울특별시 종로구 인왕산로1길 58","","200.00","50","","20240520","20240930","126.963009","37.575386","196732.327918","552871.733410"
"2025","1123054000","001","섬마을 경로당","서울특별시 동대문구 고산자로62길 32","","178.65","59","","20240601","20240930","127.037648","37.590087","203325.037606","554503.344398"
"2025","1123054000","005","제기동주민센터","서울특별시 동대문구 약령시로 71","","700.76","58","","20240601","20240930","127.037902","37.583068","203347.784991","553724.335013"
"2025","1123054000","001","행복마을경로당","서울특별시 동대문구 고산자로56길 51","","68.73","20","","20240601","20240930","127.038635","37.590040","203412.210701","554498.185523"
"2025","1123054000","001","제기한신아파트 제2경로당","서울특별시 동대문구 회기로8길 20","","45.00","13","","20240601","20240930","127.039872","37.590431","203521.398919","554541.638860"
"2025","1123054000","001","만수 경로당","서울특별시 동대문구 약령시로5길 22","","115.50","34","","20240601","20240930","127.034210","37.584130","203021.637307","553842.079761"
"2025","1123054000","001","방아다리경로당","서울특별시 동대문구 약령시로9길 75","","99.00","30","","20240601","20240930","127.035859","37.586187","203167.191148","554070.404428"
"2025","1123054000","001","제기경로당","서울특별시 동대문구 경동시장로23길 14","","213.50","68","","20240601","20240930","127.039501","37.585745","203488.930915","554021.465392"
"2025","1123054500","002","동대문종합사회복지관","서울특별시 동대문구 약령시로5길 22","","7,464.00","10","","20240601","20240930","127.034118","37.584058","203013.487710","553834.074516"
"2025","1123056000","001","전농동아아파트 제2경로당","서울특별시 동대문구 서울시립대로 31","","42.90","13","","20240601","20240930","127.045684","37.574970","204035.577052","552825.822355"
"2025","1123056000","001","창방경로당","서울특별시 동대문구 답십리로23길 70-6 ","","85.05","25","","20240601","20240930","127.050549","37.578216","204465.186750","553186.311102"
"2025","1123056000","001","화목경로당","서울특별시 동대문구 전농로31길 33","","114.72","34","","20240601","20240930","127.051630","37.582930","204560.378459","553709.640818"
"2025","1123056000","099","대한노인회 동대문구지회","서울특별시 동대문구 사가정로 98","","316.28","95","","20240601","20240930","127.056335","37.576373","204976.360767","552982.049984"
"2025","1123056000","005","전농1동주민센터","서울특별시 동대문구 서울시립대로9길 21","","438.00","49","","20240601","20240930","127.047730","37.577950","204216.155288","553156.691194"
"2025","1123056000","001","전농1동 경로당","서울특별시 동대문구 전농로27길 81","","167.58","50","","20240601","20240930","127.052120","37.578845","204603.875212","553256.198686"
"2025","1123056000","001","래미안크레시티3단지아파트 경로당","서울특별시 동대문구 사가정로 65","","80.00","24","","20240601","20240930","127.050276","37.575646","204441.171438","552901.057696"
"2025","1123057000","005","전농2동주민센터","서울특별시 동대문구 사가정로 137","","190.00","76","","20240601","20240930","127.060015","37.578054","205301.315520","553168.878437"
"2025","1123057000","001","아름숲아파트 제2경로당","서울특별시 동대문구 전농로16길 51","","112.65","34","","20240601","20240930","127.060982","37.580781","205386.546239","553471.577022"
"2025","1123057000","001","SK아파트제2경로당","서울특별시 동대문구 전농로10길 111","","92.00","27","","20240601","20240930","127.062721","37.577210","205540.443376","553075.371382"
"2025","1123057000","001","삼성아파트제2경로당","서울특별시 동대문구 전농로 190","","37.80","11","","20240601","20240930","127.055541","37.581459","204905.897629","553546.529228"
"2025","1123057000","001","성너머경로당","서울특별시 동대문구 사가정로 191-1 ","","49.50","15","","20240601","20240930","127.065597","37.578749","205794.311815","553246.356164"
"2025","1123060000","001","대우아파트제2경로당","서울특별시 동대문구 답십리로41길 33","","36.20","13","","20240601","20240930","127.053328","37.573888","204710.919515","552706.088648"
"2025","1123060000","005","답십리1동 주민센터","서울특별시 동대문구 사가정로 30","","709.00","90","","20240601","20240930","127.051175","37.571867","204520.831743","552481.708569"
"2025","1123060000","001","쌈지경로당","서울특별시 동대문구 천호대로75길 57","","70.25","21","","20240601","20240930","127.056091","37.568178","204955.341075","552072.464846"
"2025","1132051500","001","창5동 경로당","서울특별시 도봉구 노해로63가길 34","","124.00","40","","20240601","20240930","127.045349","37.654118","204001.714018","561610.403755"
"2025","1132052100","001","무수경로당","서울특별시 도봉구 도봉로173길 40-5 ","","188.70","43","","20240601","20240930","127.041400","37.679800","203652.017577","564460.703811"
"2025","1132052100","001","도봉산 경로당","서울특별시 도봉구 도봉산4길 28-3 ","","132.00","40","","20240601","20240930","127.042787","37.688906","203773.916422","565471.449533"
"2025","1132052100","001","약수 경로당","서울특별시 도봉구 시루봉로23가길 17","","140.00","50","","20240601","20240930","127.039314","37.672332","203468.361741","563631.693068"
"2025","1132052100","001","서원 경로당","서울특별시 도봉구 도봉로181길 34-7 ","","166.00","50","","20240601","20240930","127.044193","37.684636","203898.116901","564997.610645"
"2025","1132052100","002","도봉동 어르신복지관","서울특별시 도봉구 도봉로169가길 52","","1,125.00","100","","20240601","20240930","127.043611","37.682128","203846.901020","564719.122524"
"2025","1132052100","001","성황당 경로당","서울특별시 도봉구 도봉로165길 28-8 ","","114.00","50","","20240601","20240930","127.043431","37.677492","203831.279187","564204.652298"
"2025","1132052100","001","오봉 경로당","서울특별시 도봉구 도봉로157길 35-4 ","","73.00","60","","20240601","20240930","127.041868","37.673372","203693.593455","563747.231621"
"2025","1132052100","005","도봉1동 주민센터","서울특별시 도봉구 도봉로169나길 22","","1,329.00","150","","20240601","20240930","127.043420","37.678700","203830.273180","564338.717167"
"2025","1132052100","001","안골 경로당","서울특별시 도봉구 도봉로191길 88","","66.00","40","","20240601","20240930","127.040965","37.689860","203613.112827","565577.196153"
"2025","1132052200","005","도봉2동 주민센터","서울특별시 도봉구 마들로 668","","118.00","33","","20240601","20240930","127.046537","37.669778","204105.675799","563348.526753"
"2025","1132052200","001","도봉 경로당","서울특별시 도봉구 도봉로162길 12-9 ","","109.00","70","","20240601","20240930","127.045646","37.674556","204026.879794","563878.877449"
"2025","1132052200","002","도봉서원종합사회복지관","서울특별시 도봉구 마들로 668","","3,582.00","200","","20240601","20240930","127.046519","37.669738","204104.089943","563344.108553"
"2025","1132052200","002","도봉장애인종합복지관","서울특별시 도봉구 마들로 664-23 ","","176.00","43","","20240601","20240930","127.047631","37.669357","204202.252814","563301.859448"
"2025","1132066000","005","쌍문1동 주민센터","서울특별시 도봉구 노해로 147","","1,329.00","150","","20240601","20240930","127.026034","37.647993","202297.516944","560929.997598"
"2025","1132066000","001","쌍우 경로당","서울특별시 도봉구 우이천로45길 22-4 ","","145.00","40","","20240601","20240930","127.014951","37.654504","201319.328820","561652.439090"
"2025","1132066000","002","쌍문동 어르신복지관","서울특별시 도봉구 우이천로 363","","1,145.00","100","","20240601","20240930","127.023800","37.648246","202100.331439","560957.992352"
"2025","1132066000","001","꽃동네경로당","서울특별시 도봉구 시루봉로1길 114-14 ","","86.00","21","","20240601","20240930","127.022957","37.654166","202025.810889","561615.033963"
"2025","1132066000","001","계성경로당","서울특별시 도봉구 우이천로30길 29-1 ","","46.00","11","","20240601","20240930","127.025755","37.648895","202272.867536","561030.081437"
"2025","1132067000","005","쌍문2동 주민센터","서울특별시 도봉구 도봉로137길 21","","100.00","14","","20240601","20240930","127.039769","37.659956","203509.032333","562258.095564"
"2025","1132067000","001","쌍문2동 경로당","서울특별시 도봉구 방학로3가길 7-3 ","","164.00","60","","20240601","20240930","127.038200","37.658518","203370.698404","562098.489841"
"2025","1144072000","005","성산1동주민센터","서울특별시 마포구 성산로4길 15","","69.00","21","","20240520","20240930","126.907861","37.563377","191859.475817","551542.154938"
"2025","1144072000","001","다솜경로당","서울특별시 마포구 월드컵북로20길 16","","66.00","20","","20240520","20240930","126.914121","37.564124","192412.565032","551624.572726"
"2025","1144073000","001","가좌행복경로당","서울특별시 마포구 성암로 28","","139.00","42","","20240520","20240930","126.913145","37.569246","192326.869903","552193.167465"
"2025","1144073000","001","간데마을경로당","서울특별시 마포구 성암로9길 14","","68.00","20","","20240520","20240930","126.903468","37.573052","191472.392495","552616.379188"
"2025","1144073000","001","백합경로당","서울특별시 마포구 월드컵로 215","","122.00","36","","20240520","20240930","126.901103","37.564513","191262.525733","551668.855561"
"2025","1144073000","001","낙루경로당","서울특별시 마포구 월드컵북로38나길 25","","72.00","21","","20240520","20240930","126.906664","37.570611","191754.517517","552345.193318"
"2025","1144073000","001","무리울새마을경로당","서울특별시 마포구 월드컵북로 198-17 ","","175.00","53","","20240520","20240930","126.907256","37.568913","191806.621164","552156.616667"
"2025","1144073000","001","샛터경로당","서울특별시 마포구 새터산2길 7","","43.00","144","","20240520","20240930","126.907542","37.565137","191831.466496","551737.566410"
"2025","1144066000","005","성산2동주민센터","서울특별시 마포구 월드컵북로30길 22","","81.00","25","","20240520","20240930","126.908982","37.568578","191959.058356","552119.330878"
"2025","1144074000","005","상암동주민센터","서울특별시 마포구 매봉산로2길 16","","79.00","24","","20240520","20240930","126.894650","37.578250","190694.107920","553194.134252"
"2025","1144074000","001","상암경로문화센터","서울특별시 마포구 월드컵북로50길 7-5 ","","317.00","79","","20240520","20240930","126.893273","37.577066","190572.297389","553062.827825"
"2025","1147051000","001","오목(구립)경로당","서울특별시 양천구 오목로 313","","153.20","20","","20240515","20241015","126.872250","37.525218","188707.402948","547310.657791"
"2025","1147051000","005","목1동주민센터","서울특별시 양천구 목동서로 192","","230.00","50","","20240515","20241015","126.871100","37.530300","188606.565010","547874.846660"
"2025","1147052000","008","목동새마을금고","서울특별시 양천구 목동중앙본로 114","","164.00","20","","20240611","20240930","126.871340","37.545641","188630.134556","549577.437404"
"2025","1147052000","012","목동문화체육센터","서울특별시 양천구 목동중앙본로 73","","678.00","80","","20240515","20241015","126.868496","37.543422","188378.399266","549331.514049"
"2025","1147052000","005","목2동주민센터","서울특별시 양천구 목동중앙본로 120","","600.00","100","","20240515","20241015","126.871700","37.546100","188661.991417","549628.381842"
"2025","1147052000","001","용왕(구립목2동)경로당","서울특별시 양천구 목동중앙로13나길 2","","94.68","35","","20240515","20241015","126.879781","37.546243","189376.156232","549643.253794"
"2025","1147052000","001","새말(구립)경로당","서울특별시 양천구 목동중앙본로2길 13-11 ","","132.82","45","","20240515","20241015","126.870100","37.539800","188519.631645","548929.352095"
"2025","1147052000","001","양화(구립)경로당","서울특별시 양천구 목동중앙북로16길 34-4 ","","93.15","23","","20240515","20241015","126.873600","37.544700","188829.687633","549472.771267"
"2025","1147052000","001","월촌(구립)경로당","서울특별시 양천구 목동중앙본로28길 37","","68.12","30","","20240515","20241015","126.872500","37.543300","188732.266890","549317.519408"
"2025","1147052000","002","목동종합사회복지관","서울특별시 양천구 목동중앙북로8길 104","","800.00","30","","20240515","20241015","126.866317","37.544567","188186.003564","549458.866814"
"2025","1147053000","004","목동보건지소","서울특별시 양천구 목동중앙본로7가길 11","","127.00","20","","20240611","20240930","126.866907","37.540028","188237.439431","548955.074195"
"2025","1147053000","099","목동시니어스마트교육센터","서울특별시 양천구 등촌로 206","","405.00","30","","20240515","20241015","126.863646","37.548115","187950.530576","549852.991172"
"2025","1111060000","001","계원경로당","서울특별시 종로구 창덕궁3가길 8","","107.90","30","","20240520","20240930","126.988517","37.581128","198985.674868","553508.392698"
"2025","1111060000","005","가회동주민센터","서울특별시 종로구 북촌로 35","","60.00","50","","20240520","20240930","126.984804","37.580057","198657.758169","553389.537216"
"2025","1111060000","001","북촌경로당","서울특별시 종로구 북촌로 20-27 ","","103.10","30","","20240520","20240930","126.985873","37.578912","198752.111849","553262.429517"
"2025","1111061500","099","구청사","서울특별시 종로구 종로1길 36","","82.60","10","","20240605","20240930","126.978987","37.573505","198143.712548","552662.484085"
"2025","1111061500","002","서울노인복지센터","서울특별시 종로구 삼일대로 467","","8,000.00","200","","20240520","20240930","126.985958","37.575956","198759.571070","552934.412988"
"2025","1111061500","001","운니경로당","서울특별시 종로구 삼일대로32길 51","","200.00","50","","20240520","20240930","126.989842","37.575635","199102.645788","552898.741507"
"2025","1111061500","005","종로1234가동주민센터","서울특별시 종로구 삼일대로30길 47","","400.00","40","","20240520","20240930","126.990261","37.574432","199139.688969","552765.162982"
"2025","1111061500","001","우정경로당","서울특별시 종로구 수표로22길 22","","300.00","30","","20240520","20240930","126.990617","37.571220","199171.075054","552408.676113"
"2025","1111063000","001","종로56가경로당","서울특별시 종로구 종로35가길 19","","105.60","30","","20240520","20240930","127.005040","37.572037","200445.253418","552499.335278"
"2025","1111063000","001","충신경로당","서울특별시 종로구 율곡로22나길 21","","80.00","20","","20240520","20240930","127.004666","37.573911","200412.203767","552707.359152"
"2025","1111063000","001","충신어르신행복충전소","서울특별시 종로구 낙산성곽서길 65-11 ","","90.00","20","","20240520","20240930","127.008153","37.575055","200720.192761","552834.373136"
"2025","1111063000","005","종로56가동주민센터","서울특별시 종로구 종로35가길 19","","80.00","50","","20240520","20240930","127.005043","37.572033","200445.474294","552498.858040"
"2025","1111064000","005","이화동주민센터","서울특별시 종로구 이화장길 33","","400.00","50","","20240520","20240930","127.004357","37.576994","200384.864890","553049.568554"
"2025","1111064000","002","종로노인종합복지관","서울특별시 종로구 율곡로19길 17-8 ","","2,188.00","200","","20240520","20240930","127.006050","37.576673","200534.444118","553013.849645"
"2025","1111064000","001","마로니에경로당","서울특별시 종로구 낙산1길 21","","100.30","30","","20240520","20240930","127.005715","37.581184","200504.830285","553514.528124"
"2025","1111064000","001","이화경로당","서울특별시 종로구 이화장1나길 15","","174.90","30","","20240520","20240930","127.006750","37.577735","200596.278942","553131.812427"
"2025","1111064000","001","동숭경로당","서울특별시 종로구 동숭4나길 29","","55.40","17","","20240520","20240930","127.005822","37.583249","200514.258513","553743.797826"
"2025","1111065000","001","와룡경로당","서울특별시 종로구 명륜길 90","","171.00","40","","20240520","20240930","126.993378","37.590620","199415.163914","554561.911127"
"2025","1111065000","001","명륜3가경로당","서울특별시 종로구 성균관로 50","","33.80","8","","20240520","20240930","126.996715","37.587118","199709.842561","554173.135426"
"2025","1111065000","001","혜명경로당","서울특별시 종로구 혜화로9길 24-9 ","","99.00","24","","20240520","20240930","126.998295","37.588053","199849.376505","554276.928340"
"2025","1111065000","001","유림경로당","서울특별시 종로구 성균관로5길 25-13 ","","178.32","44","","20240520","20240930","126.996928","37.584474","199728.663344","553879.669690"
"2025","1111060000","001","가회경로당","서울특별시 종로구 북촌로 35","","66.00","34","","20240520","20240930","126.984774","37.580125","198655.038799","553397.084878"
"2025","1111065000","001","명륜2.4가경로당","서울특별시 종로구 창경궁로26길 7","","135.48","33","","20240520","20240930","126.998147","37.581885","199836.335579","553592.317372"
"2025","1123060000","001","답십리3동경로당","서울특별시 동대문구 황물로 30","","229.42","71","","20240601","20240930","127.045206","37.574192","203993.437694","552739.452939"
"2025","1123061000","001","중산경로당","서울특별시 동대문구 답십리로48길 54","","247.90","80","","20240601","20240930","127.057641","37.570363","205092.153534","552315.112779"
"2025","1123061000","001","청솔우성아파트제2경로당","서울특별시 동대문구 답십리로57길 53","","77.00","25","","20240601","20240930","127.061014","37.575242","205389.772042","552856.813429"
"2025","1123061000","001","동아아파트제2경로당","서울특별시 동대문구 한천로11길 10","","70.00","21","","20240601","20240930","127.061108","37.568200","205398.583969","552075.238481"
"2025","1123061000","001","답십리사랑경로당","서울특별시 동대문구 답십리로60길 70","","36.30","11","","20240601","20240930","127.063400","37.570097","205600.919744","552285.939727"
"2025","1123061000","001","답십리두산아파트제2경로당","서울특별시 동대문구 답십리로56길 21-1 ","","100.50","30","","20240601","20240930","127.059363","37.568975","205244.376513","552161.122341"
"2025","1123061000","005","답십리2동주민센터","서울특별시 동대문구 한천로11길 18","","60.00","18","","20240601","20240930","127.061209","37.567312","205407.571005","551976.686651"
"2025","1123065000","005","장안1동주민센터","서울특별시 동대문구 장한로17길 36","","385.00","30","","20240601","20240930","127.066415","37.567797","205867.435852","552030.817181"
"2025","1123065000","001","샛별경로당","서울특별시 동대문구 장한로17길 20","","140.04","42","","20240601","20240930","127.067435","37.568065","205957.553362","552060.637348"
"2025","1123065000","001","안골경로당","서울특별시 동대문구 천호대로77다길 20","","155.60","47","","20240601","20240930","127.064346","37.565401","205684.857696","551764.773138"
"2025","1123065000","001","미나리경로당(장안3동경로당)","서울특별시 동대문구 천호대로87길 43","","240.57","72","","20240601","20240930","127.067940","37.563674","206002.519977","551573.319866"
"2025","1123065000","002","장안종합사회복지관","서울특별시 동대문구 한천로18길 48","","1,998.40","25","","20240601","20240930","127.066159","37.567962","205844.788863","552049.103192"
"2025","1123066000","005","장안2동주민센터","서울특별시 동대문구 사가정로 230-1 ","","180.30","54","","20240601","20240930","127.070595","37.578487","206235.854925","553217.563887"
"2025","1123066000","001","장평경로당(장안4동장평경로당","서울특별시 동대문구 한천로28길 27","","181.40","54","","20240601","20240930","127.068429","37.573291","206044.946039","552640.726149"
"2025","1123066000","001","근린 경로당","서울특별시 동대문구 장한로 191","","118.80","36","","20240601","20240930","127.071229","37.577136","206291.971615","553067.660660"
"2025","1123066000","001","늘봄경로당","서울특별시 동대문구 장한로26나길 6","","220.30","66","","20240601","20240930","127.072576","37.571309","206411.457624","552421.021973"
"2025","1123070500","001","홍릉 경로당","서울특별시 동대문구 제기로23길 10","","59.40","18","","20240601","20240930","127.042774","37.587203","203777.880629","554183.424551"
"2025","1123070500","001","한신@경로당","서울특별시 동대문구 제기로 129","","148.50","45","","20240601","20240930","127.047755","37.587732","204217.767561","554242.371755"
"2025","1123070500","005","청량리동주민센터","서울특별시 동대문구 왕산로 239","","159.70","20","","20240601","20240930","127.048388","37.583177","204273.935729","553736.858132"
"2025","1123070500","001","홍릉동부제2경로당","서울특별시 동대문구 제기로26길 26","","57.60","17","","20240601","20240930","127.045078","37.585347","203981.474534","553977.580232"
"2025","1123070500","002","시립동대문노인종합복지관","서울특별시 동대문구 제기로33길 25","","96.00","25","","20240601","20240930","127.049906","37.587182","204407.824540","554181.437856"
"2025","1123070500","001","청량 경로당","서울특별시 동대문구 왕산로43다길 5","","290.60","88","","20240601","20240930","127.047258","37.586263","204174.024249","554079.340507"
"2025","1123071000","005","회기동주민센터","서울특별시 동대문구 회기로25길 12-1 ","","593.00","15","","20240601","20240930","127.055355","37.590799","204888.866335","554583.142644"
"2025","1132067000","002","도봉노인종합복지관","서울특별시 도봉구 도당로2길 12-13 ","","2,757.00","250","","20240601","20240930","127.035986","37.658895","203175.358306","562140.266926"
"2025","1132067000","001","백운 경로당","서울특별시 도봉구 노해로57길 62","","191.00","40","","20240601","20240930","127.034601","37.653799","203053.322409","561574.649233"
"2025","1132068000","001","쌍문3동 경로당","서울특별시 도봉구 노해로48길 67-6 ","","99.00","50","","20240601","20240930","127.032202","37.650618","202841.702720","561221.481626"
"2025","1132068000","001","효문 경로당","서울특별시 도봉구 노해로42길 60-3 ","","165.00","40","","20240601","20240930","127.029910","37.648669","202639.534851","561005.051031"
"2025","1132068000","005","쌍문3동 주민센터","서울특별시 도봉구 노해로44길 9","","470.00","150","","20240601","20240930","127.027971","37.648992","202468.390088","561040.825754"
"2025","1132068100","001","쌍문4동 경로당","서울특별시 도봉구 노해로 213-24 ","","91.00","23","","20240601","20240930","127.031896","37.652181","202814.719399","561394.971830"
"2025","1132068100","005","쌍문4동 주민센터","서울특별시 도봉구 시루봉로 62-7 ","","218.00","55","","20240601","20240930","127.028467","37.656505","202511.926372","561874.739489"
"2025","1132069000","099","도봉구청","서울특별시 도봉구 마들로 656","","919.71","100","","20240624","20240930","127.047127","37.668727","204157.822393","563231.890933"
"2025","1132069000","001","윗들 경로당","서울특별시 도봉구 도봉로150마길 37","","86.00","40","","20240601","20240930","127.044895","37.667771","203960.987803","563125.754261"
"2025","1132069000","005","방학1동 주민센터","서울특별시 도봉구 방학로2길 27","","968.00","150","","20240601","20240930","127.040674","37.664247","203588.679775","562734.388330"
"2025","1132069000","001","방학1동 경로당","서울특별시 도봉구 방학로 130-9 ","","231.00","90","","20240601","20240930","127.037600","37.663376","203317.512834","562637.658227"
"2025","1132070000","002","방아골종합사회복지관","서울특별시 도봉구 시루봉로17길 42","","3,217.00","200","","20240601","20240930","127.032697","37.669359","202884.668831","563301.572500"
"2025","1132070000","001","청학 경로당","서울특별시 도봉구 도당로13라길 104-4 ","","175.00","60","","20240601","20240930","127.038984","37.669121","203439.361395","563275.391057"
"2025","1132070000","001","신우 경로당","서울특별시 도봉구 도당로13다길 39","","185.00","30","","20240601","20240930","127.032691","37.665283","202884.350166","562849.120802"
"2025","1132070000","002","방학동 어르신복지관","서울특별시 도봉구 시루봉로15라길 59-9 ","","688.00","100","","20240601","20240930","127.032208","37.670586","202841.550428","563437.753722"
"2025","1132070000","001","방학2동 경로당","서울특별시 도봉구 시루봉로17길 64","","188.00","30","","20240601","20240930","127.031417","37.669363","202771.793165","563302.000066"
"2025","1132070000","005","방학2동 주민센터","서울특별시 도봉구 시루봉로 226","","1,378.00","150","","20240601","20240930","127.035046","37.668219","203092.010413","563175.096335"
"2025","1132070000","001","송학 경로당","서울특별시 도봉구 도당로13라길 14-3 ","","142.00","30","","20240601","20240930","127.035127","37.666862","203099.169075","563024.518588"
"2025","1132071000","005","방학3동 주민센터","서울특별시 도봉구 시루봉로 94","","1,573.00","150","","20240601","20240930","127.027944","37.659180","202465.679253","562171.679393"
"2025","1132071000","001","원당 경로당","서울특별시 도봉구 해등로32가길 16","","200.00","50","","20240601","20240930","127.022242","37.660252","201962.547887","562290.492813"
"2025","1132071000","001","세심천 경로당","서울특별시 도봉구 시루봉로 65-59 ","","54.00","14","","20240601","20240930","127.024478","37.656515","202159.978586","561875.816639"
"2025","1147053000","005","목3동주민센터","서울특별시 양천구 목동중앙남로16나길 55","","64.00","20","","20240515","20241015","126.864500","37.544700","188025.495464","549473.891303"
"2025","1147053000","001","한두(구립)경로당","서울특별시 양천구 목동중앙북로8라길 28","","106.30","30","","20240515","20241015","126.863626","37.546576","187948.577408","549682.260789"
"2025","1147052000","001","백석(구립)경로당","서울특별시 양천구 목동중앙북로8길 76","","102.42","30","","20240515","20241015","126.864927","37.545324","188063.338937","549543.071287"
"2025","1147052000","001","나말(구립)경로당","서울특별시 양천구 목동중앙남로 97","","94.68","25","","20240515","20241015","126.864200","37.541800","187998.518769","549152.064548"
"2025","1147054000","099","미감도서관","서울특별시 양천구 목동중앙남로 57-10 ","","266.76","18","","20240515","20241015","126.865461","37.538976","188109.548115","548838.518925"
"2025","1147054000","005","목4동주민센터","서울특별시 양천구 목동중앙로 25","","737.00","63","","20240515","20241015","126.868400","37.532400","188368.238781","548108.251335"
"2025","1147052000","001","마장(목4동구립)경로당","서울특별시 양천구 목동중앙서로8길 23","","143.22","36","","20240515","20241015","126.866300","37.531600","188182.499261","548019.722956"
"2025","1147052000","001","청산(구립)경로당","서울특별시 양천구 목동중앙남로3가길 68","","94.68","24","","20240515","20241015","126.864500","37.538700","188024.535836","548807.963884"
"2025","1147052000","001","정목(구립)경로당","서울특별시 양천구 목동중앙남로4길 20","","94.68","23","","20240515","20241015","126.868300","37.536900","188360.099477","548607.708654"
"2025","1147052000","002","목동어르신복지관","서울특별시 양천구 목동중앙로3길 21","","82.50","20","","20240515","20241015","126.869200","37.536400","188439.566066","548552.103734"
"2025","1147055000","099","목마교육도서관","서울특별시 양천구 목동서로 41","","543.14","21","","20240515","20241015","126.881705","37.537202","189544.857678","548639.618943"
"2025","1147055000","005","목5동주민센터","서울특별시 양천구 목동서로 41","","310.00","50","","20240515","20241015","126.881700","37.537200","189544.459723","548639.430764"
"2025","1147056000","001","월성경로당","서울특별시 양천구 곰달래로11길 24","","98.60","29","","20240901","20240930","126.835814","37.531940","185487.996372","548061.681629"
"2025","1147056000","004","신월보건지소","서울특별시 양천구 남부순환로 407","","296.45","30","","20240611","20240930","126.831724","37.531257","185126.319066","547986.538203"
"2025","1147060000","005","신월1동주민센터","서울특별시 양천구 곰달래로1길 38","","241.00","60","","20240515","20241015","126.831500","37.532800","185106.826863","548157.849970"
"2025","1147060000","001","신대(구립)경로당","서울특별시 양천구 곰달래로1길 37","","177.66","44","","20240515","20241015","126.831300","37.532700","185089.129584","548146.782883"
"2025","1147060000","001","곰달래(구립)경로당","서울특별시 양천구 남부순환로63길 16-4 ","","50.00","12","","20240515","20241015","126.834800","37.528600","185397.684691","547691.184022"
"2025","1147057000","005","신월2동주민센터","서울특별시 양천구 중앙로53길 47","","544.00","100","","20240515","20241015","126.844600","37.525000","186263.264192","547290.152172"
"2025","1147060000","001","신곡(구립)경로당","서울특별시 양천구 중앙로55길 51","","85.74","40","","20240515","20241015","126.843617","37.525597","186176.480950","547356.500294"
"2025","1147060000","001","당곡(구립)경로당","서울특별시 양천구 오목로 64-27 ","","90.27","50","","20240515","20241015","126.845036","37.522082","186301.262563","546966.260125"
"2025","1147060000","001","중앙(구립)경로당","서울특별시 양천구 오목로 64-27 ","","120.00","50","","20240515","20241015","126.845000","37.522100","186298.092259","546968.229833"
"2025","1147060000","002","신월종합사회복지관","서울특별시 양천구 신월로24길 19","","600.00","120","","20240515","20241015","126.847300","37.520000","186501.032690","546734.823487"
"2025","1111065000","005","혜화동주민센터","서울특별시 종로구 혜화로 12","","400.00","30","","20240520","20240930","127.000608","37.586907","200053.700298","554149.778508"
"2025","1111067000","005","창신1동주민센터","서울특별시 종로구 지봉로 8-6 ","","400.00","30","","20240520","20240930","127.016374","37.570722","201446.511572","552353.544039"
"2025","1111067000","001","당고개경로당","서울특별시 종로구 종로53길 29","","100.00","20","","20240520","20240930","127.013228","37.573679","201168.523832","552681.704051"
"2025","1111067000","001","창일경로당","서울특별시 종로구 종로54길 9-23 ","","120.00","30","","20240520","20240930","127.014816","37.572238","201308.821739","552521.757385"
"2025","1111068000","099","동부여성문화센터","서울특별시 종로구 창신길 124","","16.50","20","","20240520","20240930","127.009813","37.576985","200866.853749","553048.561609"
"2025","1111068000","001","창이경로당","서울특별시 종로구 창신길 98","","180.00","45","","20240520","20240930","127.010538","37.575982","200930.838143","552937.202698"
"2025","1111068000","001","창락경로당","서울특별시 종로구 창신길 191-6 ","","130.00","30","","20240520","20240930","127.009470","37.579923","200836.495622","553374.609459"
"2025","1111068000","001","창인경로당","서울특별시 종로구 낙산성곽동길 70-3 ","","120.00","30","","20240520","20240930","127.008935","37.578686","200789.242704","553237.289818"
"2025","1111068000","005","창신2동주민센터","서울특별시 종로구 창신길 62","","120.00","30","","20240520","20240930","127.010884","37.574432","200961.422242","552765.207375"
"2025","1111069000","001","창삼경로당","서울특별시 종로구 지봉로13길 82","","97.00","41","","20240520","20240930","127.012475","37.577261","201102.005168","553079.255622"
"2025","1111069000","002","종로종합사회복지관","서울특별시 종로구 지봉로13길 82","","1,421.20","100","","20240520","20240930","127.012498","37.577293","201104.018718","553082.796423"
"2025","1111069000","005","창신3동주민센터","서울특별시 종로구 지봉로 87","","400.00","50","","20240520","20240930","127.014684","37.577933","201297.106220","553153.834799"
"2025","1111069000","001","온고회경로당","서울특별시 종로구 지봉로13길 14","","280.00","50","","20240520","20240930","127.014694","37.578978","201297.953748","553269.817933"
"2025","1111070000","001","숭인상록경로당","서울특별시 종로구 지봉로 86","","244.00","31","","20240520","20240930","127.015581","37.577854","201376.360449","553145.123867"
"2025","1111070000","005","숭인1동주민센터","서울특별시 종로구 지봉로 86","","120.00","30","","20240520","20240930","127.015636","37.577835","201381.219149","553142.993695"
"2025","1111071000","001","흥인경로당","서울특별시 종로구 숭인동길 78-8 ","","43.90","15","","20240520","20240930","127.022201","37.578254","201961.091607","553189.592451"
"2025","1111071000","005","숭인2동주민센터","서울특별시 종로구 종로65길 10","","256.56","43","","20240520","20240930","127.019990","37.574870","201765.822905","552813.941371"
"2025","1111071000","001","숭인2경로당","서울특별시 종로구 종로66가길 35","","258.10","35","","20240520","20240930","127.020065","37.573112","201772.498689","552618.814022"
"2025","1111071000","001","동원경로당","서울특별시 종로구 숭인동2길 28","","140.00","35","","20240520","20240930","127.020266","37.578328","201790.147642","553197.811363"
"2025","1111071000","001","한마음경로당","서울특별시 종로구 숭인동길 78-8 ","","81.00","35","","20240520","20240930","127.022211","37.578263","201961.921715","553190.536050"
"2025","1114052000","005","소공동 주민센터","서울특별시 중구 남대문로1길 31-5 ","","136.43","41","","20240520","20240930","126.977013","37.562400","197969.056989","551430.044016"
"2025","1114054000","012","회현체육센터","서울특별시 중구 퇴계로12길 78","","80.00","10","","20240520","20240930","126.981630","37.556148","198376.797483","550736.000836"
"2025","1114054000","001","회현경로당","서울특별시 중구 퇴계로12길 89","","286.00","40","","20240520","20240930","126.981970","37.555828","198406.885803","550700.434424"
"2025","1123071000","001","회기구립경로당","서울특별시 동대문구 이문로3길 54","","148.50","45","","20240601","20240930","127.052038","37.590711","204595.911205","554573.219247"
"2025","1123072000","001","휘경1동경로당","서울특별시 동대문구 회기로29길 20-1 ","","63.54","19","","20240601","20240930","127.058194","37.591056","205139.548901","554611.829395"
"2025","1123072000","001","아름경로당","서울특별시 동대문구 휘경로 78","","245.66","74","","20240601","20240930","127.068243","37.593623","206026.875669","554897.335017"
"2025","1123072000","005","휘경1동주민센터","서울특별시 동대문구 외대역동로6길 3","","288.00","87","","20240601","20240930","127.065731","37.592905","205805.057813","554817.497899"
"2025","1123073000","005","휘경2동 주민센터","서울특별시 동대문구 한천로 329","","20.00","7","","20240601","20240930","127.068579","37.590121","206056.850964","554508.662809"
"2025","1123073000","001","수복 경로당","서울특별시 동대문구 망우로6길 24","","182.00","55","","20240601","20240930","127.055552","37.586663","204906.527689","554124.114655"
"2025","1123073000","001","휘경2동 경로당","서울특별시 동대문구 망우로20가길 34-6 ","","277.20","84","","20240601","20240930","127.064863","37.590200","205728.633547","554517.208872"
"2025","1123074000","001","진성경로당","서울특별시 동대문구 이문로16길 19","","113.50","34","","20240601","20240930","127.059687","37.594285","205271.206370","554970.294988"
"2025","1123074000","001","고황경로당","서울특별시 동대문구 이문로9길 52","","118.38","35","","20240601","20240930","127.056539","37.594503","204993.161169","554994.351813"
"2025","1123074000","005","이문1동주민센터","서울특별시 동대문구 외대역동로 114-1 ","","60.00","10","","20240601","20240930","127.065476","37.597768","205782.187493","555357.209875"
"2025","1123075000","099","이문체육문화센터","서울특별시 동대문구 한천로58길 81-49 ","","379.66","1070","","20240601","20240930","127.068704","37.602221","206066.855408","555851.613962"
"2025","1123075000","001","현대@제2경로당","서울특별시 동대문구 한천로58길 135","","56.50","17","","20240601","20240930","127.070671","37.602289","206240.580524","555859.323443"
"2025","1123075000","005","이문2동주민센터","서울특별시 동대문구 신이문로 27-5 ","","92.00","27","","20240601","20240930","127.065099","37.603359","205748.464419","555977.725950"
"2025","1123075000","001","쌍용@제2경로당","서울특별시 동대문구 한천로58길 75-45 ","","38.40","11","","20240601","20240930","127.067957","37.601720","206000.958432","555796.015997"
"2025","1123075000","001","신이문 경로당","서울특별시 동대문구 신이문로8길 32","","227.16","68","","20240601","20240930","127.063361","37.601511","205595.131457","555772.513326"
"2025","1123075000","001","대림아파트 제2경로당","서울특별시 동대문구 이문로54길 16","","67.00","22","","20240601","20240930","127.062957","37.604694","205559.219123","556125.767308"
"2025","1126052000","001","면목2동구립서부경로당","서울특별시 중랑구 겸재로3길 50","","123.00","50","","20240601","20240930","127.076900","37.588100","206791.919999","554284.934781"
"2025","1126052000","002","중랑노인종합복지관","서울특별시 중랑구 겸재로9길 45","","672.00","220","","20240601","20240930","127.077856","37.588448","206876.305683","554323.584004"
"2025","1126052000","005","면목2동주민센터","서울특별시 중랑구 동일로101길 20-15 ","","224.00","56","","20240601","20240930","127.078929","37.589768","206970.995184","554470.223768"
"2025","1126052000","001","면목2동구립동부경로당","서울특별시 중랑구 겸재로27가길 18-4 ","","58.00","18","","20240601","20240930","127.082917","37.588226","207323.320315","554299.338147"
"2025","1126054000","008","용마새마을금고 제1지점","서울특별시 중랑구 면목로27길 6","","50.00","20","","20240801","99990831","127.084962","37.575233","207505.294563","552857.491206"
"2025","1126054000","005","면목4동주민센터","서울특별시 중랑구 면목로 246","","272.00","68","","20240601","20240930","127.085460","37.574759","207549.272313","552804.844814"
"2025","1126054000","001","샘터경로당","서울특별시 중랑구 면목로21길 28","","191.00","57","","20240601","20240930","127.082278","37.572587","207268.447265","552563.593627"
"2025","1126054000","001","대성경로당","서울특별시 중랑구 면목로31길 60","","72.00","20","","20240601","20240930","127.081909","37.576086","207235.458335","552951.913746"
"2025","1135056000","001","연촌경로당","서울특별시 노원구 광운로15길 35-2 ","","52.00","27","","20240601","20240930","127.057199","37.621359","205049.614754","557975.121062"
"2025","1135056000","005","월계1동주민센터","서울특별시 노원구 석계로 59","","261.75","20","","20240601","20240930","127.062973","37.619891","205559.535822","557812.503996"
"2025","1135056000","001","광운경로당","서울특별시 노원구 광운로19가길 53","","56.00","23","","20240601","20240930","127.059127","37.625277","205219.592965","558410.016346"
"2025","1135058000","001","벼루마을경로당","서울특별시 노원구 월계로44길 62","","125.00","25","","20240601","20240930","127.052524","37.622577","204636.811288","558109.987155"
"2025","1135058000","001","월성경로당","서울특별시 노원구 광운로13길 9","","128.00","44","","20240601","20240930","127.058741","37.621300","205185.776442","557968.601290"
"2025","1135058000","001","선곡경로당","서울특별시 노원구 광운로2길 15-6 ","","23.00","27","","20240601","20240930","127.058298","37.617618","205146.956537","557559.936513"
"2025","1135056000","002","월계노인복지관","서울특별시 노원구 월계로42길 9","","120.00","10","","20240601","20240930","127.050753","37.624278","204480.425829","558298.760690"
"2025","1135057000","001","청백1단지경로당","서울특별시 노원구 초안산로 89","","165.00","56","","20240601","20240930","127.051692","37.635628","204562.607962","559558.514521"
"2025","1135057000","001","월계종합복지관경로당","서울특별시 노원구 월계로 325","","323.00","49","","20240601","20240930","127.052121","37.628627","204600.923030","558781.475519"
"2025","1135057000","005","월계2동주민센터","서울특별시 노원구 초안산로5길 28","","465.00","20","","20240601","20240930","127.050759","37.632467","204480.410927","559207.664795"
"2025","1135057000","001","인덕마을 경로당","서울특별시 노원구 초안산로2길 94-14 ","","49.00","27","","20240601","20240930","127.058052","37.632410","205124.151914","559201.678325"
"2025","1135057000","002","월계종합사회복지관","서울특별시 노원구 월계로49길 5","","120.00","10","","20240601","20240930","127.052947","37.627123","204673.939990","558614.588196"
"2025","1135057000","002","노원1종합사회복지관","서울특별시 노원구 월계로 372","","120.00","10","","20240601","20240930","127.060023","37.630165","205298.333803","558952.583027"
"2025","1135058000","005","월계3동주민센터","서울특별시 노원구 마들로 55","","184.00","20","","20240601","20240930","127.069287","37.620966","206116.863377","557932.210246"
"2025","1135058000","001","사슴1단지경로당","서울특별시 노원구 월계로 372","","138.00","78","","20240601","20240930","127.059975","37.630105","205294.074499","558945.976426"
"2025","1135058000","001","사슴2단지경로당","서울특별시 노원구 월계로55길 16","","149.00","60","","20240601","20240930","127.060769","37.632247","205363.999586","559183.672281"
"2025","1135059000","001","공릉1단지아파트경로당","서울특별시 노원구 동일로 1127","","216.00","137","","20240601","20240930","127.069888","37.630717","206169.097656","559014.485301"
"2025","1135059000","001","공릉행복경로당","서울특별시 노원구 동일로192나길 16-15 ","","116.00","41","","20240601","20240930","127.075582","37.627839","206671.997014","558695.402727"
"2025","1135059000","005","공릉1동주민센터","서울특별시 노원구 동일로186길 3-24 ","","537.00","20","","20240601","20240930","127.073839","37.624792","206518.365281","558357.173075"
"2025","1135059000","001","공릉1동경로당","서울특별시 노원구 동일로179길 22","","108.00","28","","20240601","20240930","127.072860","37.621986","206432.182821","558045.636019"
"2025","1135059500","001","한마음경로당","서울특별시 노원구 동일로178길 25-5 ","","134.85","23","","20240601","20240930","127.075931","37.621631","206703.335727","558006.471895"
"2025","1135060000","001","공덕경로당","서울특별시 노원구 동일로184길 33","","134.00","36","","20240601","20240930","127.075392","37.624349","206655.500740","558308.013872"
"2025","1135059500","002","공릉종합사회복지관","서울특별시 노원구 동일로 1127","","120.00","10","","20240601","20240930","127.069615","37.629336","206145.060368","558861.224135"
"2025","1147058000","005","신월3동주민센터","서울특별시 양천구 남부순환로54길 5","","308.00","20","","20240515","20241015","126.829100","37.533600","184894.859765","548247.022966"
"2025","1147060000","001","경복(구립)경로당","서울특별시 양천구 남부순환로54길 55-20 ","","98.60","60","","20240515","20241015","126.825638","37.530904","184588.321775","547948.328280"
"2025","1147060000","001","신남(구립)경로당","서울특별시 양천구 남부순환로56가길 13","","223.23","47","","20240515","20241015","126.830200","37.531300","184991.623386","547991.574977"
"2025","1147060000","002","서서울어르신복지관","서울특별시 양천구 가로공원로60가길 16","","4.16","30","","20240515","20241015","126.826600","37.534400","184674.058698","548336.217685"
"2025","1147058000","001","신원경로당(구립)","서울특별시 양천구 남부순환로46길 12","","100.00","54","","20240515","20241015","126.827900","37.534000","184788.877914","548291.611501"
"2025","1147059000","099","신월음악도서관","서울특별시 양천구 오목로5길 34","","840.95","69","","20240515","20241015","126.840104","37.524729","185865.740166","547260.685179"
"2025","1147059000","002","한빛종합사회복지관","서울특별시 양천구 신월로11길 16","","620.00","20","","20240515","20241015","126.840200","37.519000","185873.190391","546624.878439"
"2025","1147059000","005","신월4동주민센터","서울특별시 양천구 오목로5길 34","","888.00","100","","20240515","20241015","126.840000","37.524600","185856.566884","547246.438828"
"2025","1147060000","001","태양(신월4동구립)경로당","서울특별시 양천구 오목로3길 34","","99.54","44","","20240515","20241015","126.838500","37.524300","185723.914942","547213.369137"
"2025","1147060000","001","자양(구립)경로당","서울특별시 양천구 신월로11길 13","","98.60","36","","20240515","20241015","126.840100","37.518600","185864.274623","546580.498459"
"2025","1147060000","001","밝은빛(구립)경로당","서울특별시 양천구 오목로 28-9 ","","163.63","33","","20240515","20241015","126.841400","37.521500","185979.741920","546902.167745"
"2025","1147060000","001","소망(구립)경로당","서울특별시 양천구 오목로1길 10","","222.73","45","","20240515","20241015","126.838100","37.522100","185688.135951","546969.257222"
"2025","1147060000","099","방아다리문학도서관","서울특별시 양천구 화곡로4길 10","","294.85","25","","20240515","20241015","126.827163","37.538565","184724.642539","548798.401650"
"2025","1147060000","005","신월5동주민센터","서울특별시 양천구 화곡로4길 10","","150.00","50","","20240515","20241015","126.827200","37.538600","184727.946233","548802.269070"
"2025","1147060000","001","수명(신월5동구립)경로당","서울특별시 양천구 화곡로5길 23","","116.10","30","","20240515","20241015","126.828700","37.541600","184861.122810","549134.990280"
"2025","1147060000","001","신양(구립)경로당","서울특별시 양천구 남부순환로33길 38","","99.78","30","","20240515","20241015","126.831400","37.538300","185099.082568","548768.298884"
"2025","1147061000","008","금빛새마을금고","서울특별시 양천구 신월로 188","","148.00","20","","20240611","20240930","126.843995","37.519370","186208.765997","546665.369593"
"2025","1147061000","001","강월경로당","서울특별시 양천구 남부순환로82길 29","","50.00","20","","20240515","20241015","126.836533","37.515411","185548.341646","546227.068010"
"2025","1147061000","005","신월6동주민센터","서울특별시 양천구 남부순환로83길 53","","332.00","50","","20240515","20241015","126.845100","37.518000","186306.182944","546513.166440"
"2025","1147061100","002","밝은내어르신복지센터","서울특별시 양천구 지양로14길 16","","712.03","50","","20240515","20241015","126.833205","37.524061","185255.771033","547187.626639"
"2025","1147061100","012","신월문화체육센터","서울특별시 양천구 지양로 47","","493.00","70","","20240515","20241015","126.834900","37.519900","185404.829120","546725.576262"
"2025","1147061100","099","해맞이역사도서관","서울특별시 양천구 지양로 37","","1,146.00","54","","20240515","20241015","126.834944","37.519643","185408.695248","546697.023398"
"2025","1114055000","005","명동 주민센터","서울특별시 중구 퇴계로20길 3","","189.09","20","","20240520","20240930","126.985803","37.560054","198745.585879","551169.512098"
"2025","1114055000","001","명동경로당","서울특별시 중구 퇴계로20길 25-26 ","","655.10","80","","20240520","20240930","126.986373","37.558995","198795.939776","551051.923787"
"2025","1114057000","001","필동경로당","서울특별시 중구 필동로 11","","201.00","50","","20240520","20240930","126.996239","37.560545","199667.735954","551223.885900"
"2025","1114057000","005","필동주민센터","서울특별시 중구 퇴계로36길 42","","943.68","30","","20240520","20240930","126.995581","37.560155","199609.535137","551180.547551"
"2025","1114058000","001","장충경로당","서울특별시 중구 동호로25길 38","","236.46","40","","20240520","20240930","127.001572","37.559448","200138.921029","551102.070902"
"2025","1114058000","001","공원장충경로당","서울특별시 중구 동호로 257-8 ","","425.76","50","","20240520","20240930","127.003887","37.558511","200343.441328","550998.125342"
"2025","1114058000","005","장충동 주민센터","서울특별시 중구 장충단로8길 22","","60.00","18","","20240520","20240930","127.007870","37.561911","200695.368611","551375.551533"
"2025","1114059000","099","중구 구민회관","서울특별시 중구 을지로39길 40","","105.00","11","","20240520","20240920","127.006109","37.568602","200539.705281","552118.151352"
"2025","1114059000","099","중구청 ","서울특별시 중구 창경궁로 17","","50.00","15","","20240520","20240930","126.998070","37.563782","199829.457656","551583.149834"
"2025","1114057000","001","묵정경로당","서울특별시 중구 퇴계로45길 32-12 ","","195.17","50","","20240520","20240930","126.999734","37.563880","199976.498884","551594.013864"
"2025","1114059000","005","광희동 주민센터","서울특별시 중구 퇴계로 303-9 ","","225.06","30","","20240520","20240930","127.004986","37.564451","200440.510037","551657.422002"
"2025","1114059000","001","광희경로당","서울특별시 중구 퇴계로 303-9 ","","254.12","30","","20240520","20240930","127.005032","37.564449","200444.600629","551657.122552"
"2025","1114060500","005","을지로동 주민센터","서울특별시 중구 충무로9길 20","","30.00","10","","20240520","20240930","126.991370","37.567018","199237.570967","551942.374425"
"2025","1114060500","001","을지경로당","서울특별시 중구 을지로 186-14 ","","204.65","45","","20240520","20240930","126.998787","37.566052","199892.860993","551835.114321"
"2025","1114061500","099","신당누리도서관","서울특별시 중구 다산로33길 3","","468.00","117","","20240522","20240930","127.014576","37.562099","201287.847644","551396.432572"
"2025","1114061500","012","충무스포츠센터","서울특별시 중구 퇴계로 387","","130.00","27","","20240520","20240930","127.014787","37.565837","201306.433501","551811.353933"
"2025","1114061500","005","신당동 주민센터","서울특별시 중구 다산로33길 3","","550.00","50","","20240520","20240930","127.014552","37.562105","201285.656405","551397.109261"
"2025","1114061500","001","신당경로당","서울특별시 중구 다산로29길 10","","662.90","37","","20240520","20240930","127.013495","37.561030","201192.302985","551277.727523"
"2025","1114061500","001","신일경로당","서울특별시 중구 청구로 121","","577.70","50","","20240520","20240930","127.010197","37.562608","200900.894379","551452.863477"
"2025","1114062500","099","다산성곽도서관","서울특별시 중구 동호로17길 173","","975.00","243","","20240522","20240930","127.004324","37.551732","200382.114194","550245.727768"
"2025","1114062500","099","가온도서관","서울특별시 중구 동호로14길 18","","966.00","241","","20240522","20240930","127.010847","37.556370","200958.385120","550760.525774"
"2025","1114062500","001","장수경로당","서울특별시 중구 동호로11다길 18","","444.00","30","","20240520","20240930","127.007057","37.551959","200623.585715","550270.892269"
"2025","1114062500","002","신당종합사회복지관","서울특별시 중구 동호로11길 22","","97.26","50","","20240520","20240930","127.009555","37.554452","200844.264689","550547.682644"
"2025","1114054000","005","회현동 주민센터","서울특별시 중구 퇴계로8길 46","","885.18","200","","20240520","20240930","126.979409","37.557300","198180.588563","550863.899805"
"2025","1126054000","001","용마폭포공원경로당","서울특별시 중랑구 용마산로 250-12 ","","74.00","20","","20240601","20240930","127.090097","37.573344","207959.086815","552648.212146"
"2025","1126054000","002","면목종합사회복지관","서울특별시 중랑구 용마산로 228","","364.00","120","","20240601","20240930","127.087931","37.573660","207767.694257","552683.092116"
"2025","1126055000","005","면목5동주민센터","서울특별시 중랑구 동일로 619","","704.00","176","","20240601","20240930","127.079465","37.585845","207018.632122","554034.865979"
"2025","1126055000","001","면목5동제1구립경로당","서울특별시 중랑구 동일로95길 29","","81.00","26","","20240601","20240930","127.077956","37.584523","206885.543455","553887.994043"
"2025","1126055000","001","면목5동제2구립경로당","서울특별시 중랑구 동일로92길 17-7 ","","93.00","31","","20240601","20240930","127.080811","37.583864","207137.740922","553815.054492"
"2025","1126056500","008","서울으뜸신협 본점","서울특별시 중랑구 면목로 380","","50.00","20","","20240801","99990831","127.088560","37.585862","207821.938455","554037.393542"
"2025","1126056500","001","안수경로당","서울특별시 중랑구 면목로63길 36","","125.00","40","","20240601","20240930","127.086252","37.586346","207618.081169","554090.977922"
"2025","1126056500","001","면목본동경로당","서울특별시 중랑구 면목로64길 37-4 ","","78.00","25","","20240601","20240930","127.091169","37.586140","208052.381388","554068.557674"
"2025","1126056500","005","면목본동주민센터","서울특별시 중랑구 면목로 397","","210.00","70","","20240601","20240930","127.087529","37.587311","207730.770497","554198.230750"
"2025","1126056500","001","섬들경로당","서울특별시 중랑구 면목로76길 42","","131.00","43","","20240601","20240930","127.090319","37.590116","207976.846565","554509.720823"
"2025","1126056500","001","은행길경로당","서울특별시 중랑구 겸재로 212-7 ","","86.00","26","","20240601","20240930","127.091476","37.588839","208079.213952","554368.087110"
"2025","1126057000","008","용마새마을금고 본점","서울특별시 중랑구 면목로 299","","50.00","20","","20240801","99990831","127.086721","37.579206","207660.209951","553298.568322"
"2025","1126057000","099","중랑문화체육관","서울특별시 중랑구 사가정로72길 47","","338.00","50","","20240601","20240930","127.095691","37.579353","208452.557763","553315.641769"
"2025","1126057000","001","면목7동구립경로당","서울특별시 중랑구 사가정로50길 91","","108.00","36","","20240601","20240930","127.084446","37.577114","207459.472268","553066.141748"
"2025","1126057000","001","용마경로당","서울특별시 중랑구 면목로40길 23","","170.00","56","","20240601","20240930","127.088469","37.578818","207814.672456","553255.670935"
"2025","1126057000","005","면목7동주민센터","서울특별시 중랑구 사가정로52길 13","","376.00","94","","20240601","20240930","127.087424","37.580112","207722.275616","553399.159379"
"2025","1126057500","008","면목동우체국","서울특별시 중랑구 면목로 344","","50.00","20","","20240801","99990831","127.088801","37.582569","207843.605310","553672.016810"
"2025","1126057500","002","용마경로복지센터","서울특별시 중랑구 용마산로94길 98","","589.00","100","","20240601","20240930","127.101774","37.587341","208988.937382","554202.772726"
"2025","1126057500","001","까치공원경로당","서울특별시 중랑구 사가정로49길 56","","76.00","23","","20240601","20240930","127.087055","37.583610","207689.259867","553787.411616"
"2025","1126057500","005","면목3,8동주민센터","서울특별시 중랑구 사가정로51길 48","","60.00","15","","20240601","20240930","127.088067","37.583018","207778.752382","553721.734205"
"2025","1126057500","001","용마통합경로당","서울특별시 중랑구 용마산로94길 98","","73.00","23","","20240601","20240930","127.101758","37.587357","208987.469318","554204.535858"
"2025","1126057500","001","용마산경로당","서울특별시 중랑구 용마산로 327","","50.00","16","","20240601","20240930","127.093105","37.581156","208223.959925","553515.469205"
"2025","1126058000","008","상봉동새마을금고 본점","서울특별시 중랑구 상봉중앙로1길 78","","50.00","20","","20240801","99990830","127.087841","37.599770","207757.060258","555581.066371"
"2025","1126058000","001","구립중랑경로당","서울특별시 중랑구 봉화산로43길 9","","128.49","35","","20240601","20260930","127.087344","37.603690","207712.731353","556016.068932"
"2025","1126058000","002","신내종합사회복지관","서울특별시 중랑구 봉화산로 153","","160.00","50","","20240601","20240930","127.091086","37.605042","208043.015841","556166.406770"
"2025","1135060000","001","공릉2동경로당","서울특별시 노원구 공릉로 129","","59.00","34","","20240601","20240930","127.078978","37.621750","206972.319363","558019.901609"
"2025","1135060000","001","공릉경로당","서울특별시 노원구 공릉로 169-9 ","","50.00","22","","20240601","20240930","127.079150","37.625253","206987.149441","558408.721315"
"2025","1135060000","005","공릉2동주민센터","서울특별시 노원구 노원로1길 68","","554.67","20","","20240601","20240930","127.083385","37.621289","207361.413424","557969.072016"
"2025","1135060000","001","공노회경로당","서울특별시 노원구 공릉로32길 35-2 ","","89.00","22","","20240601","20240930","127.081215","37.622105","207169.771440","558059.449165"
"2025","1135060000","001","공릉아파트경로당","서울특별시 노원구 화랑로51길 81","","162.00","38","","20240601","20240930","127.087848","37.625139","207755.034837","558396.674000"
"2025","1135061100","001","하계경로당","서울특별시 노원구 공릉로58마길 7","","167.00","53","","20240601","20240930","127.076594","37.636790","206760.449240","559688.975912"
"2025","1135061100","001","중계9단지아파트경로당","서울특별시 노원구 노원로16길 15","","277.00","69","","20240601","20240930","127.073665","37.642476","206501.437600","560319.834104"
"2025","1135061100","005","하계1동주민센터","서울특별시 노원구 노원로 261","","268.00","20","","20240601","20240930","127.072592","37.640569","206406.910272","560108.069587"
"2025","1135061100","002","하계종합사회복지관","서울특별시 노원구 노원로16길 15","","120.00","10","","20240601","20240930","127.075446","37.641771","206658.686569","560241.700155"
"2025","1135061100","002","시립노원노인종합복지관","서울특별시 노원구 노원로16길 15","","120.00","10","","20240601","20240930","127.074041","37.642969","206534.623242","560374.578210"
"2025","1135061200","005","하계2동주민센터","서울특별시 노원구 공릉로55길 88","","237.59","20","","20240601","20240930","127.067944","37.631990","205997.343452","559155.582321"
"2025","1135061200","001","하계5단지경로당","서울특별시 노원구 섬밭로 201","","107.00","147","","20240601","20240930","127.065586","37.633436","205789.126880","559315.980649"
"2025","1135061200","001","학여울청구B단지아파트경로당","서울특별시 노원구 동일로207길 186","","73.00","24","","20240601","20240930","127.064390","37.632867","205683.575382","559252.732256"
"2025","1135061200","001","학여울청구117동경로당","서울특별시 노원구 동일로207길 186","","64.00","20","","20240601","20240930","127.064642","37.632366","205705.866209","559197.108492"
"2025","1135061900","001","편백경로당","서울특별시 노원구 중계로16길 36-1 ","","40.00","15","","20240601","20240930","127.082342","37.650947","207266.410975","561260.732291"
"2025","1135061900","001","은행경로당","서울특별시 노원구 중계로8길 124","","50.00","44","","20240601","20240930","127.083575","37.648272","207375.554935","560963.841849"
"2025","1135061900","001","중계마을경로당","서울특별시 노원구 중계로6나길 39","","132.00","22","","20240601","20240930","127.087422","37.642673","207715.571218","560342.796974"
"2025","1135061900","001","천보경로당","서울특별시 노원구 중계로14길 39-4 ","","259.00","33","","20240601","20240930","127.082213","37.650257","207255.120700","561184.128195"
"2025","1135061900","005","중계본동주민센터","서울특별시 노원구 중계로 143","","266.00","20","","20240601","20240930","127.080346","37.647770","207090.606983","560907.964717"
"2025","1135061900","002","평화종합사회복지관","서울특별시 노원구 노원로 331","","120.00","10","","20240601","20240930","127.069507","37.646548","206134.164698","560771.504501"
"2025","1135062100","005","중계1동주민센터","서울특별시 노원구 한글비석로 279","","266.00","20","","20240601","20240930","127.077519","37.652591","206840.679456","561442.803763"
"2025","1135062100","001","양지대림2차209동경로당","서울특별시 노원구 덕릉로77길 27","","117.00","20","","20240601","20240930","127.072793","37.654751","206423.437730","561682.174588"
"2025","1135062100","001","양지대림1차106,107동경","서울특별시 노원구 덕릉로73길 31","","91.00","28","","20240601","20240930","127.071701","37.652109","206327.336196","561388.898233"
"2025","1147061100","005","신월7동주민센터","서울특별시 양천구 지양로14길 16","","186.00","60","","20240515","20241015","126.833186","37.524050","185254.115900","547186.442003"
"2025","1147060000","001","늘푸른(신월7동구립)경로당","서울특별시 양천구 지양로10길 5","","94.68","44","","20240515","20241015","126.833500","37.523100","185281.694827","547080.954588"
"2025","1147060000","001","신월약수(구립)경로당","서울특별시 양천구 지양로11길 16-16 ","","80.00","31","","20240515","20241015","126.830800","37.521800","185042.759911","546937.096602"
"2025","1147060000","001","금실(구립)경로당","서울특별시 양천구 지양로7길 27-14 ","","29.00","27","","20240515","20240930","126.831676","37.519349","185119.693668","546664.882833"
"2025","1147060000","001","한울(구립)경로당","서울특별시 양천구 지양로7길 27-5 ","","49.14","39","","20240515","20241015","126.832200","37.519900","185166.143532","546725.998573"
"2025","1147060000","001","지양(구립)경로당","서울특별시 양천구 지양로17길 15","","146.30","25","","20240515","20241015","126.828197","37.522635","184812.815641","547030.232703"
"2025","1147062000","001","구립양명경로당","서울특별시 양천구 중앙로36길 6","","100.00","50","","20240515","20241015","126.854400","37.519300","187128.566169","546656.137137"
"2025","1147062000","005","신정1동주민센터","서울특별시 양천구 중앙로32길 1","","2,184.00","200","","20240515","20241015","126.854300","37.518500","187119.588383","546567.360835"
"2025","1147062000","001","구립남부법마을경로당","서울특별시 양천구 은행정로6길 23","","125.00","54","","20240515","20241015","126.862200","37.521800","187818.514059","546932.567311"
"2025","1147063000","008","신목동새마을금고","서울특별시 양천구 신목로 62-1 ","","214.00","20","","20240611","20240930","126.873221","37.520551","188792.537090","546792.529525"
"2025","1147063000","005","신정2동주민센터","서울특별시 양천구 목동동로 154","","60.00","15","","20240515","20241015","126.870700","37.519200","188569.515683","546642.933090"
"2025","1147063000","001","단산(구립)경로당","서울특별시 양천구 신목로 58-12 ","","230.40","38","","20240515","20241015","126.874000","37.520100","188861.378890","546742.425983"
"2025","1147063000","002","신목종합사회복지관","서울특별시 양천구 신목로 5","","350.00","50","","20240515","20241015","126.876200","37.516900","189055.395469","546387.007925"
"2025","1147055000","099","양천중앙도서관","서울특별시 양천구 신정로7길 81","","5,666.00","116","","20240515","20241015","126.833615","37.513675","185290.010667","546034.912661"
"2025","1147064000","005","신정3동주민센터","서울특별시 양천구 중앙로 209","","1,762.00","300","","20240515","20241015","126.854800","37.515100","187163.207846","546189.935180"
"2025","1147063000","001","꽃사슴(신정3동구립)경로당","서울특별시 양천구 중앙로29길 108-15 ","","99.78","20","","20240515","20241015","126.848500","37.521600","186607.400994","546912.232022"
"2025","1147064000","001","다락골(구립)경로당","서울특별시 양천구 신정로 273-5 ","","164.28","50","","20240515","20241015","126.848091","37.513794","186569.837599","546045.899939"
"2025","1147065000","099","개울건강도서관","서울특별시 양천구 중앙로52길 56","","416.19","10","","20240515","20241015","126.856637","37.525991","187327.472627","547398.495518"
"2025","1147065000","005","신정4동주민센터","서울특별시 양천구 오목로34길 5","","325.00","40","","20240515","20241015","126.855800","37.524500","187253.214701","547233.081726"
"2025","1147063000","001","양목(신정4동구립)경로당","서울특별시 양천구 오목로46길 23","","90.27","60","","20240515","20241015","126.862049","37.523631","187805.472528","547135.793965"
"2025","1147063000","001","양정(신정4동구립)경로당","서울특별시 양천구 은행정로7길 42","","99.78","60","","20240515","20241015","126.854800","37.522000","187164.389794","546955.748786"
"2025","1147063000","001","양동(구립)경로당","서울특별시 양천구 신정중앙로2길 10-13 ","","388.56","70","","20240515","20241015","126.850800","37.526900","186811.654105","547500.141303"
"2025","1114062500","001","다산경로당","서울특별시 중구 동호로12길 97","","452.00","30","","20240520","20240930","127.012061","37.559545","201065.634150","551112.937258"
"2025","1114062500","001","충현경로당","서울특별시 중구 동호로17나길 5-4 ","","284.00","30","","20240520","20240930","127.005679","37.554473","200501.794237","550549.985643"
"2025","1114062500","005","다산동 주민센터","서울특별시 중구 동호로15길 50","","85.00","30","","20240520","20240930","127.008308","37.554265","200734.141967","550526.928512"
"2025","1114063500","099","남산타운어린이도서관","서울특별시 중구 다산로 32","","274.00","68","","20240522","20240930","127.011900","37.549600","201051.566366","550009.170234"
"2025","1114063500","099","약수동 커뮤니티센터(악수터)","서울특별시 중구 다산로 94","","45.00","11","","20240522","20240930","127.009079","37.552604","200802.268756","550342.528176"
"2025","1114063500","099","중구시설관리공단 , 2층 출입구 휴게공간","서울특별시 중구 동호로8다길 22","","60.00","10","","20240520","20240930","127.013366","37.552200","201181.097755","550297.756436"
"2025","1114063500","002","약수노인종합복지관","서울특별시 중구 다산로6길 11","","76.00","20","","20240520","20240930","127.009211","37.552480","200813.898723","550328.777890"
"2025","1114063500","005","약수동주민센터","서울특별시 중구 다산로 92","","1,317.00","200","","20240520","20240930","127.008958","37.552476","200791.586979","550328.298486"
"2025","1114063500","001","동호경로당","서울특별시 중구 동호로8길 42-22 ","","144.00","60","","20240520","20240930","127.013025","37.552412","201150.935913","550321.270565"
"2025","1114063500","001","약수경로당","서울특별시 중구 다산로10길 10-12 ","","177.00","70","","20240520","20240930","127.010145","37.553152","200896.413371","550403.337047"
"2025","1114064500","001","삼성경로당","서울특별시 중구 청구로1길 23","","240.00","40","","20240520","20240930","127.017887","37.558145","201580.420999","550957.635858"
"2025","1114064500","001","대양경로당","서울특별시 중구 동호로10길 30","","96.36","30","","20240520","20240930","127.014755","37.554853","201303.718236","550592.248267"
"2025","1114064500","001","청송경로당","서울특별시 중구 청구로1길 23","","83.85","30","","20240520","20240930","127.018088","37.559537","201598.133327","551112.101457"
"2025","1114064500","005","청구동주민센터","서울특별시 중구 청구로3길 55","","50.00","20","","20240520","20240930","127.014679","37.557102","201297.016857","550841.859444"
"2025","1114064500","001","청구경로당","서울특별시 중구 청구로3길 69","","130.64","50","","20240520","20240930","127.014373","37.556536","201269.988899","550779.013799"
"2025","1114065000","001","신당5동경로당","서울특별시 중구 다산로42길 53","","71.14","40","","20240601","20240930","127.019215","37.564360","201697.609010","551647.495026"
"2025","1114065000","005","신당5동주민센터","서울특별시 중구 다산로44길 85","","251.30","30","","20240520","20240930","127.021867","37.565117","201931.892322","551731.553248"
"2025","1114065000","002","유락종합사회복지관","서울특별시 중구 퇴계로 460","","76.00","30","","20240520","20240930","127.022827","37.565132","202016.733098","551733.160554"
"2025","1114065000","001","유락경로당","서울특별시 중구 퇴계로90길 42","","71.26","40","","20240520","20240930","127.021640","37.563445","201911.862267","551545.898556"
"2025","1114066500","099","어울림도서관","서울특별시 중구 다산로38길 66-35 ","","299.00","74","","20240522","20240930","127.018966","37.561707","201675.713595","551352.972210"
"2025","1114066500","001","동화경로당","서울특별시 중구 청구로 64","","105.00","30","","20240520","20240930","127.016691","37.560489","201474.735364","551217.805960"
"2025","1114066500","001","청구e편한세상경로당","서울특별시 중구 청구로 64","","128.00","50","","20240520","20240930","127.016661","37.560401","201472.077640","551208.027430"
"2025","1114066500","001","현대아파트경로당","서울특별시 중구 다산로36길 109","","102.00","40","","20240520","20240930","127.021376","37.559954","201888.652321","551158.522205"
"2025","1126058000","005","상봉1동주민센터","서울특별시 중랑구 상봉중앙로1길 6","","50.00","11","","20240601","20240930","127.087143","37.599924","207695.379192","555598.045721"
"2025","1126058000","001","청운경로당","서울특별시 중랑구 봉화산로30길 69-3 ","","179.00","40","","20240601","20240930","127.085356","37.599090","207537.648941","555505.391488"
"2025","1126058000","001","상봉1동구립경로당","서울특별시 중랑구 봉화산로42길 20","","54.00","18","","20240601","20240930","127.087494","37.602237","207726.091755","555854.814199"
"2025","1126058000","001","서촌경로당","서울특별시 중랑구 신내로7가길 71","","167.00","89","","20240601","20240930","127.092096","37.602154","208132.523562","555845.924171"
"2025","1126059000","008","동서울농협 상봉지점","서울특별시 중랑구 망우로 290","","50.00","20","","20240801","99990831","127.084706","37.595837","207480.591836","555144.192732"
"2025","1126058000","008","상봉신협 본점","서울특별시 중랑구 봉우재로41길 6","","50.00","20","","20240801","99990831","127.089770","37.593607","207927.988988","554897.202844"
"2025","1126059000","001","상봉2동구립경로당","서울특별시 중랑구 동일로112길 27","","102.00","31","","20240601","20240930","127.082479","37.593131","207284.131043","554843.681809"
"2025","1126059000","005","상봉2동주민센터","서울특별시 중랑구 동일로114길 10","","232.00","31","","20240601","20240930","127.080931","37.593067","207147.451211","554836.470715"
"2025","1126059000","001","봉황경로당","서울특별시 중랑구 봉우재로33길 55-10 ","","94.00","50","","20240601","20240930","127.088256","37.595259","207794.116738","555080.340918"
"2025","1126060000","008","중랑우리새마을금고 본점","서울특별시 중랑구 동일로130길 9","","50.00","20","","20240801","99990831","127.080626","37.599787","207119.901094","555582.326155"
"2025","1126060000","002","구립중화경로복지관","서울특별시 중랑구 동일로138길 28","","643.00","20","","20240601","20240930","127.081140","37.603308","207164.944749","555973.124142"
"2025","1126060000","005","중화1동주민센터","서울특별시 중랑구 동일로134길 17","","200.00","50","","20240601","20240930","127.080715","37.601135","207127.623084","555731.901620"
"2025","1126060000","001","중화1동통합경로당","서울특별시 중랑구 동일로138길 28","","105.00","59","","20240601","20240930","127.081212","37.603303","207171.276522","555972.652363"
"2025","1126061000","008","중랑으뜸새마을금고 본점","서울특별시 중랑구 중랑천로 117","","50.00","20","","20240801","99990831","127.071942","37.595700","206353.349596","555128.047132"
"2025","1126061000","001","봉화경로당","서울특별시 중랑구 봉화산로3길 40-5 ","","170.00","35","","20240601","20240930","127.076024","37.603524","206713.146916","555996.797374"
"2025","1126061000","005","중화2동주민센터","","","450.00","200","","20240601","20240930","127.077480","37.602030","206841.906250","555831.073846"
"2025","1126061000","001","학구경로당","서울특별시 중랑구 동일로123길 69-5 ","","155.00","56","","20240601","20240930","127.076124","37.598310","206722.446431","555418.030379"
"2025","1126061000","001","백학경로당","서울특별시 중랑구 중랑천로20길 6-14 ","","73.00","51","","20240601","20240930","127.072772","37.595754","206426.697304","555134.097046"
"2025","1126062000","008","묵동화랑새마을금고 본점","서울특별시 중랑구 동일로 874","","50.00","20","","20240801","99990831","127.078409","37.608577","206923.281813","556557.787194"
"2025","1126062000","008","신내동새마을금고 봉화산역지점","서울특별시 중랑구 신내로15길 196","","50.00","20","","20240801","99990831","127.090139","37.617369","207958.089566","557534.489552"
"2025","1126062000","001","묵1동구립경로당","서울특별시 중랑구 공릉로2라길 26","","104.04","12","","20240601","20240930","127.081695","37.613290","207213.006772","557081.126509"
"2025","1126062000","005","묵1동주민센터","서울특별시 중랑구 공릉로2가길 5","","50.00","15","","20240601","20240930","127.078550","37.612401","206935.359011","556982.164586"
"2025","1126062000","099","중랑구민체육센터 1층","서울특별시 중랑구 신내로15길 189","","189.00","20","","20240601","20240930","127.087544","37.615177","207729.203204","557290.950950"
"2025","1126063000","005","묵2동주민센터","서울특별시 중랑구 중랑역로 181","","40.00","10","","20240601","20240930","127.075975","37.609581","206708.329110","556668.988118"
"2025","1126063000","001","구립학수경로당","서울특별시 중랑구 중랑천로 252-1 ","","198.00","66","","20240601","20240930","127.073509","37.607226","206490.733752","556407.513081"
"2025","1135061900","001","한우리경로당","서울특별시 노원구 덕릉로92길 13-11 ","","129.00","18","","20240601","20240930","127.076741","37.660586","206771.316237","562330.101382"
"2025","1135061900","002","중계종합사회복지관","서울특별시 노원구 덕릉로 662","","120.00","10","","20240601","20240930","127.075864","37.656628","206694.280043","561890.728689"
"2025","1135062400","005","중계4동주민센터","서울특별시 노원구 덕릉로82길 50","","334.00","20","","20240601","20240930","127.077964","37.658811","206879.392363","562133.160817"
"2025","1135062400","001","중계사회복지관경로당","서울특별시 노원구 덕릉로 662","","155.00","91","","20240601","20240930","127.076325","37.656781","206734.971544","561907.732090"
"2025","1135062300","001","평화사회복지관경로당","서울특별시 노원구 노원로 331","","111.00","100","","20240601","20240930","127.069116","37.646486","206099.618986","560764.575405"
"2025","1135062300","001","마들사회복지관경로당","서울특별시 노원구 동일로210길 22","","141.00","33","","20240601","20240930","127.065103","37.647131","205745.456379","560835.977101"
"2025","1135062300","001","중계4단지목화아파트경로당","서울특별시 노원구 노원로 311","","252.00","83","","20240601","20240930","127.069802","37.643300","206160.485024","560411.040108"
"2025","1135062300","005","중계2,3동주민센터","서울특별시 노원구 노원로17길 56","","395.00","20","","20240601","20240930","127.068746","37.642077","206067.315372","560275.186380"
"2025","1135062500","002","마들종합사회복지관","서울특별시 노원구 동일로210길 22","","120.00","10","","20240601","20240930","127.064997","37.646896","205736.084482","560809.876881"
"2025","1135063000","002","구립 수락노인종합복지관","서울특별시 노원구 수락산로 214","","120.00","10","","20240601","20240930","127.054887","37.670881","204842.281641","563471.436259"
"2025","1135063000","005","상계1동주민센터","서울특별시 노원구 동일로 1697","","338.00","20","","20240601","20240930","127.054900","37.679883","204842.878765","564470.483343"
"2025","1135063000","001","상계수락경로당","서울특별시 노원구 동일로242라길 20","","43.35","31","","20240601","20240930","127.057647","37.675930","205085.434097","564031.917023"
"2025","1135063000","001","은빛3단지어르신방경로당","서울특별시 노원구 동일로250길 17","","109.00","67","","20240601","20240930","127.056681","37.682810","204999.789461","564795.479252"
"2025","1135063000","001","봉산경로당","서울특별시 노원구 동일로242가길 26-23 ","","31.00","30","","20240601","20240930","127.056362","37.676864","204972.029828","564135.513113"
"2025","1135065000","001","계산경로당","서울특별시 노원구 동일로230가길 15","","266.00","43","","20240601","20240930","127.056810","37.671903","205011.884498","563584.880605"
"2025","1135065000","001","상일경로당","서울특별시 노원구 동일로237가길 10","","142.00","37","","20240601","20240930","127.054530","37.674329","204810.589720","563854.090264"
"2025","1135064000","001","청솔경로당","서울특별시 노원구 노원로30길 73","","120.00","26","","20240601","20240930","127.070725","37.656127","206240.845581","561834.757197"
"2025","1135065000","005","상계2동주민센터","서울특별시 노원구 상계로 118","","386.06","20","","20240601","20240930","127.067820","37.657502","205984.359729","561987.212396"
"2025","1135065000","001","불암경로당","서울특별시 노원구 한글비석로47길 99-3 ","","329.00","22","","20240601","20240930","127.066053","37.659645","205828.273178","562224.974975"
"2025","1135065000","001","원터경로당","서울특별시 노원구 상계로10길 24-7 ","","263.00","36","","20240601","20240930","127.067450","37.656282","205951.843859","561851.747762"
"2025","1135065000","005","상계3,4동주민센터","서울특별시 노원구 덕릉로 859","","757.96","20","","20240601","20240930","127.083187","37.672881","207338.811403","563695.244247"
"2025","1135065000","001","수암경로당","서울특별시 노원구 덕릉로115가길 21","","95.00","35","","20240601","20240930","127.078528","37.667597","206928.280088","563108.383854"
"2025","1135065000","001","동아불암106동경로당","서울특별시 노원구 덕릉로112길 13","","113.00","34","","20240601","20240930","127.078514","37.666378","206927.211106","562973.119094"
"2025","1147063000","001","청솔(구립)경로당","서울특별시 양천구 중앙로52길 73","","99.78","40","","20240515","20241015","126.858600","37.526400","187501.042224","547443.582433"
"2025","1147063000","001","서부(구립)경로당","서울특별시 양천구 신정중앙로17길 15","","215.20","60","","20240515","20241015","126.859900","37.528300","187616.269004","547654.286995"
"2025","1147065000","002","신정종합사회복지관","서울특별시 양천구 신정중앙로 36","","324.00","81","","20240515","20241015","126.855600","37.527300","187236.012446","547543.874173"
"2025","1147067000","099","양천구민체육센터","서울특별시 양천구 목동동로 87","","1,076.00","100","","20240515","20241015","126.864751","37.516417","188043.198410","546334.805494"
"2025","1147067000","099","영어특성화도서관","서울특별시 양천구 목동동로 81","","715.00","30","","20240515","20241015","126.863770","37.515989","187956.350203","546287.461374"
"2025","1147067000","005","신정6동주민센터","서울특별시 양천구 목동서로 353","","677.00","50","","20240515","20241015","126.864400","37.517000","188012.225734","546399.544785"
"2025","1147067000","002","양천해누리복지관(구 양천장애인종합복지관)","서울특별시 양천구 목동동로 159","","540.00","20","","20240515","20241015","126.870000","37.519900","188507.741041","546720.709606"
"2025","1147068000","099","갈산도서관","서울특별시 양천구 목동남로4길 48-6 ","","2,678.00","28","","20240515","20241015","126.867385","37.508898","188274.857438","545499.926841"
"2025","1147068000","002","양천어르신종합복지관","서울특별시 양천구 목동로3길 106","","70.00","18","","20240515","20241015","126.858600","37.510400","187498.373212","545667.782888"
"2025","1147068000","005","신정7동주민센터","서울특별시 양천구 목동동로 37","","257.00","30","","20240515","20241015","126.859700","37.514400","187596.289757","546111.586739"
"2025","1147063000","001","갈산(구립)경로당","서울특별시 양천구 목동남로 90","","99.64","26","","20240515","20241015","126.868500","37.511000","188373.757394","545733.106007"
"2025","1147063000","001","오금(구립)경로당","서울특별시 양천구 목동남로2길 50-5 ","","178.35","59","","20240515","20241015","126.863800","37.506300","187957.463463","545212.056887"
"2025","1147068000","001","목동2차우성(아)1단지 경로","서울특별시 양천구 목동남로4길 6-46 ","","144.00","59","","20240515","20241015","126.865200","37.506400","188081.264672","545222.977375"
"2025","1150051000","001","염창강변어르신사랑방","서울특별시 강서구 양천로77길 58-25 ","","116.00","23","","20240520","20240930","126.875903","37.551523","189034.227284","550229.726933"
"2025","1150051000","001","염창어르신사랑방","서울특별시 강서구 양천로73길 36","","77.00","15","","20240520","20240930","126.873685","37.551761","188838.208018","550256.414312"
"2025","1150051000","001","증미 어르신사랑방","서울특별시 강서구 양천로 603-7 ","","97.00","19","","20240520","20240930","126.865701","37.555701","188133.410774","550694.751937"
"2025","1150051000","005","염창동주민센터","서울특별시 강서구 양천로67가길 63","","1,500.00","300","","20240520","20240930","126.870911","37.553746","188593.423082","550477.136323"
"2025","1150052000","001","등서 어르신사랑방","서울특별시 강서구 화곡로68길 8","","84.00","17","","20240520","20240930","126.854568","37.559189","187150.264850","551083.309276"
"2025","1150052000","001","등촌어르신사랑방","서울특별시 강서구 화곡로66길 186-12 ","","142.00","28","","20240520","20240930","126.862412","37.553774","187842.438097","550481.209336"
"2025","1150052000","005","등촌1동 주민센터","서울특별시 강서구 공항대로53가길 55","","259.00","52","","20240520","20240930","126.858908","37.555831","187533.186763","550710.070770"
"2025","1150053000","001","두보(하이츠)빌라","서울특별시 강서구 등촌로39가길 42","","22.00","21","","20240520","20240930","126.857968","37.545739","187448.445205","549590.048623"
"2025","1150053000","001","능안 어르신사랑방","서울특별시 강서구 등촌로39마길 3","","60.00","12","","20240520","20240930","126.860094","37.546504","187636.396406","549674.650625"
"2025","1114066500","001","푸르지오경로당","서울특별시 중구 다산로36길 110","","119.00","50","","20240520","20240930","127.019527","37.559201","201725.275340","551074.923666"
"2025","1114066500","005","동화동주민센터","서울특별시 중구 다산로36길 100","","100.00","50","","20240520","20240930","127.019399","37.559965","201713.992515","551159.649695"
"2025","1114066500","001","동화동구립경로당","서울특별시 중구 퇴계로80길 52","","138.00","70","","20240520","20240930","127.017299","37.563237","201528.363168","551522.755757"
"2025","1114067000","001","SH황학롯데캐슬경로당","서울특별시 중구 청계천로 400","","264.46","30","","20240520","20240930","127.021214","37.571025","201874.105668","552387.259039"
"2025","1114067000","005","황학동주민센터","서울특별시 중구 난계로11길 52","","330.00","30","","20240520","20240930","127.021367","37.567438","201887.668298","551989.102509"
"2025","1114067000","001","황중경로당","서울특별시 중구 난계로11길 37","","257.04","35","","20240520","20240930","127.021776","37.566664","201923.821663","551903.194759"
"2025","1114068000","012","손기정문화체육센터","서울특별시 중구 손기정로 101","","1,271.00","73","","20240522","20240930","126.964559","37.555923","196868.452477","550711.504648"
"2025","1114068000","099","손기정어린이도서관","서울특별시 중구 손기정로 101","","445.00","111","","20240522","20240930","126.964756","37.555165","196885.801223","550627.324747"
"2025","1114068000","001","중림경로당","서울특별시 중구 손기정로 101-5 ","","119.81","30","","20240520","20240930","126.966012","37.556874","196996.885765","550816.984721"
"2025","1114068000","001","충정경로당(임대)","서울특별시 중구 중림로4길 41","","69.00","30","","20240520","20240930","126.964644","37.557180","196875.971332","550851.024987"
"2025","1114068000","002","중림종합사회복지관","서울특별시 중구 서소문로6길 16","","30.00","30","","20240520","20240930","126.966071","37.559461","197002.176024","551104.053665"
"2025","1114068000","001","삼성사이버경로당","서울특별시 중구 중림로 10","","227.00","70","","20240520","20240930","126.965297","37.558214","196933.773311","550965.765187"
"2025","1114068000","005","중림동주민센터","서울특별시 중구 중림로8길 24","","49.54","30","","20240520","20240930","126.966271","37.557653","197019.819279","550903.458415"
"2025","1117051000","005","후암동주민센터","서울특별시 용산구 후암로 32-6 ","","658.00","80","","20240520","20240930","126.978164","37.548691","198070.369953","549908.450815"
"2025","1117051000","001","양짓말 경로당","서울특별시 용산구 후암로13가길 25","","340.00","100","","20240520","20240930","126.976385","37.548130","197913.174147","549846.180173"
"2025","1117051000","001","활터골 경로당","서울특별시 용산구 신흥로20길 55","","77.00","40","","20240520","20240930","126.983983","37.547868","198584.594262","549816.970913"
"2025","1117051000","001","새말 경로당","서울특별시 용산구 두텁바위로46길 3","","140.00","50","","20240520","20240930","126.982926","37.548484","198491.156498","549885.367032"
"2025","1117052000","005","용산2가동주민센터","서울특별시 용산구 신흥로 90","","392.00","100","","20240520","20240930","126.985461","37.545924","198715.170232","549601.200268"
"2025","1117052000","001","용암 경로당","서울특별시 용산구 신흥로3가길 21-7 ","","314.00","90","","20240520","20240930","126.984648","37.541004","198643.235246","549055.195829"
"2025","1117052000","001","용산2가 경로당","서울특별시 용산구 신흥로16길 18","","152.00","75","","20240520","20240930","126.987555","37.544843","198900.203774","549481.195802"
"2025","1117052000","001","신흥경로당","서울특별시 용산구 신흥로25가길 2","","132.00","60","","20240520","20240930","126.983244","37.544500","198519.222980","549443.197218"
"2025","1117053000","005","남영동주민센터","서울특별시 용산구 두텁바위로 25","","264.00","66","","20240520","20240930","126.974810","37.545746","197773.913795","549581.676584"
"2025","1117053000","001","갈월 경로당","서울특별시 용산구 두텁바위로1길 13","","167.00","41","","20240520","20240930","126.973104","37.545653","197623.157930","549571.340973"
"2025","1126063000","001","한양경로당","서울특별시 중랑구 중랑역로 209-3 ","","206.00","68","","20240601","20240930","127.075395","37.612158","206656.834717","556954.954734"
"2025","1126065500","008","우리은행 상봉동지점","서울특별시 중랑구 망우로 390","","50.00","20","","20240801","99990831","127.095676","37.598576","208449.086095","555449.132852"
"2025","1126065500","001","우림경로당","서울특별시 중랑구 용마산로115나길 8","","297.00","90","","20240601","20240930","127.096602","37.597651","208530.895250","555346.585036"
"2025","1126065500","005","망우본동주민센터","서울특별시 중랑구 망우로67길 10","","280.00","90","","20240601","20240930","127.101453","37.600573","208959.017076","555671.390963"
"2025","1126065500","001","망우경로당","서울특별시 중랑구 망우로72길 15-3 ","","86.00","29","","20240601","20240930","127.102826","37.599386","209080.380053","555539.734514"
"2025","1126065500","001","안산경로당","서울특별시 중랑구 봉우재로65가길 18","","78.00","26","","20240601","20240930","127.098095","37.595789","208662.993575","555140.049314"
"2025","1126065500","001","망우본동경로당","서울특별시 중랑구 망우로73길 24-8 ","","229.00","70","","20240601","20240930","127.103646","37.601609","209152.511555","555786.564806"
"2025","1126066000","001","햇님경로당","서울특별시 중랑구 봉우재로58길 16-5 ","","78.00","26","","20240601","20240930","127.095263","37.593619","208413.101797","554898.990382"
"2025","1126066000","001","샛별경로당","서울특별시 중랑구 용마공원로5가길 36","","100.00","33","","20240601","20240930","127.102198","37.593031","209025.637141","554834.306190"
"2025","1126066000","005","망우3동주민센터","서울특별시 중랑구 겸재로61길 40","","200.00","50","","20240601","20240930","127.094870","37.591893","208378.649320","554707.410800"
"2025","1126068000","001","신내의료안심주택경로당","서울특별시 중랑구 신내로16길 33","","133.42","27","","20240601","20240930","127.098167","37.613987","208667.213866","557159.868057"
"2025","1126068000","001","신내데시앙포레경로당","서울특별시 중랑구 신내역로 165","","49.20","16","","20240601","20240930","127.109993","37.615370","209711.153232","557314.534904"
"2025","1126068000","001","신내우디안1단지경로당","서울특별시 중랑구 신내역로1길 85","","202.94","35","","20240601","20240930","127.106473","37.617104","209400.236249","557506.598784"
"2025","1126068000","001","새우개경로당","서울특별시 중랑구 용마산로139나길 47","","482.17","20","","20240601","20240930","127.102394","37.617832","209039.954008","557586.964961"
"2025","1126068000","002","신내경로복지센터","서울특별시 중랑구 망우로65길 20","","482.00","20","","20240601","20240930","127.099934","37.601268","208824.779461","555748.306757"
"2025","1126068000","005","신내1동주민센터","서울특별시 중랑구 용마산로129나길 35","","50.00","10","","20240601","20240930","127.099488","37.605886","208784.834259","556260.845563"
"2025","1126068000","002","유린원광사회복지관","서울특별시 중랑구 신내로 56","","200.00","63","","20240601","20240930","127.095941","37.604382","208471.767787","556093.569835"
"2025","1126068000","001","신내구립경로당","서울특별시 중랑구 망우로65길 20","","194.00","64","","20240601","20240930","127.099962","37.601259","208827.261886","555747.343794"
"2025","1126068000","001","피울경로당","서울특별시 중랑구 용마산로129나길 25","","120.00","40","","20240601","20240930","127.099676","37.606189","208801.381409","556294.470644"
"2025","1126069000","001","신내10단지아파트 경로당","서울특별시 중랑구 신내로 115","","108.20","40","","20240601","20240930","127.094822","37.609370","208372.424933","556647.116366"
"2025","1126069000","099","중랑구청","서울특별시 중랑구 봉화산로 179","","4,414.00","1371","","20240601","20240930","127.092951","37.606488","208207.512666","556327.080525"
"2025","1126069000","002","시립대종합사회복지관","서울특별시 중랑구 신내로 115","","120.00","37","","20240601","20240930","127.094738","37.608957","208365.098443","556601.270411"
"2025","1126069000","005","신내2동주민센터","서울특별시 중랑구 봉화산로 190","","36.00","9","","20240601","20240930","127.094161","37.606294","208314.429957","556305.632959"
"2025","1126069000","002","신내노인종합복지관","서울특별시 중랑구 신내로15길 175","","60.00","18","","20240601","20240930","127.087840","37.614919","207755.345931","557262.440013"